151,169,01/30/88 12:00 AM,11/05/92 12:00 AM
151,540,01/30/88 12:00 AM,11/05/92 12:00 AM
151,4,01/30/88 12:00 AM,11/05/92 12:00 AM
151,22,09/16/90 12:00 AM,11/05/92 12:00 AM
151,175,01/30/88 12:00 AM,09/15/90 12:00 AM
151,23,01/30/88 12:00 AM,11/05/92 12:00 AM
151,58,12/21/91 12:00 AM,11/05/92 12:00 AM
151,61,01/30/88 12:00 AM,11/05/92 12:00 AM
151,137,09/16/90 12:00 AM,11/05/92 12:00 AM
151,142,01/30/88 12:00 AM,12/20/91 12:00 AM
151,168,01/30/88 12:00 AM,11/05/90 12:00 AM
151,171,11/06/90 12:00 AM,11/05/92 12:00 AM
151,238,01/30/88 12:00 AM,11/05/92 12:00 AM
151,240,01/30/88 12:00 AM,09/15/90 12:00 AM
151,68,01/30/88 12:00 AM,11/05/90 12:00 AM
151,220,11/06/90 12:00 AM,11/05/92 12:00 AM
152,5,01/30/88 12:00 AM,11/05/92 12:00 AM
152,554,01/30/88 12:00 AM,11/05/92 12:00 AM
152,14,01/30/88 12:00 AM,11/05/92 12:00 AM
152,269,11/29/91 12:00 AM,11/05/92 12:00 AM
152,524,01/30/88 12:00 AM,11/28/91 12:00 AM
152,69,01/30/88 12:00 AM,11/05/92 12:00 AM
152,164,01/06/92 12:00 AM,11/05/92 12:00 AM
152,175,01/30/88 12:00 AM,09/15/91 12:00 AM
152,287,09/16/91 12:00 AM,11/05/92 12:00 AM
152,361,01/30/88 12:00 AM,11/05/92 12:00 AM
152,429,01/30/88 12:00 AM,01/05/92 12:00 AM
152,447,01/30/88 12:00 AM,01/05/92 12:00 AM
152,513,01/07/92 12:00 AM,11/05/92 12:00 AM
152,523,01/30/88 12:00 AM,11/05/92 12:00 AM
152,149,01/30/88 12:00 AM,11/05/92 12:00 AM
153,14,01/30/88 12:00 AM,11/05/92 12:00 AM
153,554,01/30/88 12:00 AM,11/05/92 12:00 AM
153,62,01/30/88 12:00 AM,11/05/92 12:00 AM
153,283,06/29/91 12:00 AM,11/05/92 12:00 AM
153,522,01/30/88 12:00 AM,06/28/91 12:00 AM
153,73,01/30/88 12:00 AM,11/05/92 12:00 AM
153,168,09/16/90 12:00 AM,11/05/92 12:00 AM
153,176,01/30/88 12:00 AM,09/15/90 12:00 AM
153,289,02/06/91 12:00 AM,11/05/92 12:00 AM
153,363,01/30/88 12:00 AM,11/05/92 12:00 AM
153,433,01/30/88 12:00 AM,10/05/91 12:00 AM
153,450,01/30/88 12:00 AM,02/05/91 12:00 AM
153,517,10/06/91 12:00 AM,11/05/92 12:00 AM
153,526,01/30/88 12:00 AM,11/05/92 12:00 AM
153,150,01/30/88 12:00 AM,11/05/92 12:00 AM
154,15,01/30/88 12:00 AM,11/05/92 12:00 AM
154,566,01/30/88 12:00 AM,11/05/92 12:00 AM
154,69,01/30/88 12:00 AM,11/05/92 12:00 AM
154,287,05/29/90 12:00 AM,11/05/92 12:00 AM
154,524,01/30/88 12:00 AM,05/28/90 12:00 AM
154,74,01/30/88 12:00 AM,11/05/92 12:00 AM
154,174,12/06/89 12:00 AM,11/05/92 12:00 AM
154,243,01/30/88 12:00 AM,09/25/91 12:00 AM
154,291,09/26/91 12:00 AM,11/05/92 12:00 AM
154,365,01/30/88 12:00 AM,11/05/92 12:00 AM
154,434,01/30/88 12:00 AM,11/05/91 12:00 AM
154,452,01/30/88 12:00 AM,12/05/89 12:00 AM
154,518,11/06/91 12:00 AM,11/05/92 12:00 AM
154,521,01/30/88 12:00 AM,11/05/92 12:00 AM
154,151,01/30/88 12:00 AM,11/05/92 12:00 AM
155,25,01/30/88 12:00 AM,11/05/92 12:00 AM
155,581,01/30/88 12:00 AM,11/05/92 12:00 AM
155,164,01/30/88 12:00 AM,11/05/92 12:00 AM
155,342,06/29/90 12:00 AM,11/05/92 12:00 AM
155,502,01/30/88 12:00 AM,06/28/90 12:00 AM
155,174,01/30/88 12:00 AM,11/05/92 12:00 AM
155,176,11/06/92 12:00 AM,11/05/92 12:00 AM
155,283,01/30/88 12:00 AM,02/15/90 12:00 AM
155,328,11/06/92 12:00 AM,11/05/92 12:00 AM
155,368,01/30/88 12:00 AM,11/05/92 12:00 AM
155,411,01/30/88 12:00 AM,10/05/91 12:00 AM
155,453,01/30/88 12:00 AM,02/05/90 12:00 AM
155,492,11/06/92 12:00 AM,11/05/92 12:00 AM
155,520,01/30/88 12:00 AM,11/05/92 12:00 AM
155,263,01/30/88 12:00 AM,11/05/92 12:00 AM
156,14,01/30/88 12:00 AM,11/05/92 12:00 AM
156,581,01/30/88 12:00 AM,11/05/92 12:00 AM
156,98,01/30/88 12:00 AM,11/05/92 12:00 AM
156,321,11/06/92 12:00 AM,11/05/92 12:00 AM
156,511,01/30/88 12:00 AM,05/28/90 12:00 AM
156,75,01/30/88 12:00 AM,11/05/92 12:00 AM
156,175,11/06/92 12:00 AM,11/05/92 12:00 AM
156,244,01/30/88 12:00 AM,09/25/91 12:00 AM
156,292,11/06/92 12:00 AM,11/05/92 12:00 AM
156,374,01/30/88 12:00 AM,11/05/92 12:00 AM
156,453,01/30/88 12:00 AM,12/05/89 12:00 AM
156,460,01/30/88 12:00 AM,11/05/91 12:00 AM
156,519,11/06/92 12:00 AM,11/05/92 12:00 AM
156,521,01/30/88 12:00 AM,11/05/92 12:00 AM
156,264,01/30/88 12:00 AM,11/05/92 12:00 AM
157,174,06/12/91 12:00 AM,11/05/92 12:00 AM
157,175,06/15/90 12:00 AM,06/15/91 12:00 AM
157,170,06/25/89 12:00 AM,06/09/90 12:00 AM
157,169,01/30/88 12:00 AM,06/05/89 12:00 AM
157,583,06/12/91 12:00 AM,11/05/92 12:00 AM
157,583,06/15/90 12:00 AM,06/15/91 12:00 AM
157,583,06/25/89 12:00 AM,06/09/90 12:00 AM
157,583,01/30/88 12:00 AM,06/05/89 12:00 AM
157,155,06/14/91 12:00 AM,11/05/92 12:00 AM
157,181,06/13/91 12:00 AM,11/05/92 12:00 AM
157,150,06/15/90 12:00 AM,06/15/91 12:00 AM
157,176,06/15/90 12:00 AM,06/15/91 12:00 AM
157,150,06/25/89 12:00 AM,06/09/90 12:00 AM
157,175,06/25/89 12:00 AM,06/09/90 12:00 AM
157,146,01/30/88 12:00 AM,06/05/89 12:00 AM
157,170,01/30/88 12:00 AM,06/05/89 12:00 AM
157,592,06/12/91 12:00 AM,11/05/92 12:00 AM
157,592,06/15/90 12:00 AM,06/15/91 12:00 AM
157,592,06/25/89 12:00 AM,06/09/90 12:00 AM
157,592,01/30/88 12:00 AM,06/05/89 12:00 AM
157,90,06/21/91 12:00 AM,11/05/92 12:00 AM
157,69,06/20/91 12:00 AM,11/05/92 12:00 AM
157,183,06/19/91 12:00 AM,11/05/92 12:00 AM
157,234,06/18/91 12:00 AM,11/05/92 12:00 AM
157,237,06/17/91 12:00 AM,11/05/92 12:00 AM
157,31,06/16/91 12:00 AM,11/05/92 12:00 AM
157,46,06/15/90 12:00 AM,06/15/91 12:00 AM
157,56,06/15/90 12:00 AM,06/15/91 12:00 AM
157,70,06/15/90 12:00 AM,06/15/91 12:00 AM
157,179,06/15/90 12:00 AM,06/15/91 12:00 AM
157,234,06/15/90 12:00 AM,06/15/91 12:00 AM
157,235,06/15/90 12:00 AM,06/15/91 12:00 AM
157,40,06/25/89 12:00 AM,06/09/90 12:00 AM
157,55,06/25/89 12:00 AM,06/09/90 12:00 AM
157,67,06/25/89 12:00 AM,06/09/90 12:00 AM
157,179,06/25/89 12:00 AM,06/09/90 12:00 AM
157,234,06/25/89 12:00 AM,06/09/90 12:00 AM
157,240,06/25/89 12:00 AM,06/09/90 12:00 AM
157,38,01/30/88 12:00 AM,06/05/89 12:00 AM
157,55,01/30/88 12:00 AM,06/05/89 12:00 AM
157,67,01/30/88 12:00 AM,06/05/89 12:00 AM
157,175,01/30/88 12:00 AM,06/05/89 12:00 AM
157,234,01/30/88 12:00 AM,06/05/89 12:00 AM
157,239,01/30/88 12:00 AM,06/05/89 12:00 AM
157,174,06/15/91 12:00 AM,11/05/92 12:00 AM
157,174,06/15/90 12:00 AM,06/15/91 12:00 AM
157,174,06/25/89 12:00 AM,06/09/90 12:00 AM
157,174,01/30/88 12:00 AM,06/05/89 12:00 AM
158,174,06/12/91 12:00 AM,11/05/92 12:00 AM
158,175,06/15/90 12:00 AM,06/15/91 12:00 AM
158,170,06/25/89 12:00 AM,06/09/90 12:00 AM
158,169,01/30/88 12:00 AM,06/05/89 12:00 AM
158,583,06/12/91 12:00 AM,11/05/92 12:00 AM
158,583,06/15/90 12:00 AM,06/15/91 12:00 AM
158,583,06/25/89 12:00 AM,06/09/90 12:00 AM
158,583,01/30/88 12:00 AM,06/05/89 12:00 AM
158,155,06/14/91 12:00 AM,11/05/92 12:00 AM
158,181,06/13/91 12:00 AM,11/05/92 12:00 AM
158,150,06/15/90 12:00 AM,06/15/91 12:00 AM
158,176,06/15/90 12:00 AM,06/15/91 12:00 AM
158,150,06/25/89 12:00 AM,06/09/90 12:00 AM
158,175,06/25/89 12:00 AM,06/09/90 12:00 AM
158,146,01/30/88 12:00 AM,06/05/89 12:00 AM
158,170,01/30/88 12:00 AM,06/05/89 12:00 AM
158,592,06/12/91 12:00 AM,11/05/92 12:00 AM
158,592,06/15/90 12:00 AM,06/15/91 12:00 AM
158,592,06/25/89 12:00 AM,06/09/90 12:00 AM
158,592,01/30/88 12:00 AM,06/05/89 12:00 AM
158,90,06/21/91 12:00 AM,11/05/92 12:00 AM
158,69,06/20/91 12:00 AM,11/05/92 12:00 AM
158,183,06/19/91 12:00 AM,11/05/92 12:00 AM
158,234,06/18/91 12:00 AM,11/05/92 12:00 AM
158,237,06/17/91 12:00 AM,11/05/92 12:00 AM
158,31,06/16/91 12:00 AM,11/05/92 12:00 AM
158,46,06/15/90 12:00 AM,06/15/91 12:00 AM
158,56,06/15/90 12:00 AM,06/15/91 12:00 AM
158,70,06/15/90 12:00 AM,06/15/91 12:00 AM
158,179,06/15/90 12:00 AM,06/15/91 12:00 AM
158,234,06/15/90 12:00 AM,06/15/91 12:00 AM
158,235,06/15/90 12:00 AM,06/15/91 12:00 AM
158,40,06/25/89 12:00 AM,06/09/90 12:00 AM
158,55,06/25/89 12:00 AM,06/09/90 12:00 AM
158,67,06/25/89 12:00 AM,06/09/90 12:00 AM
158,179,06/25/89 12:00 AM,06/09/90 12:00 AM
158,234,06/25/89 12:00 AM,06/09/90 12:00 AM
158,240,06/25/89 12:00 AM,06/09/90 12:00 AM
158,38,01/30/88 12:00 AM,06/05/89 12:00 AM
158,55,01/30/88 12:00 AM,06/05/89 12:00 AM
158,67,01/30/88 12:00 AM,06/05/89 12:00 AM
158,175,01/30/88 12:00 AM,06/05/89 12:00 AM
158,234,01/30/88 12:00 AM,06/05/89 12:00 AM
158,239,01/30/88 12:00 AM,06/05/89 12:00 AM
158,174,06/15/91 12:00 AM,11/05/92 12:00 AM
158,174,06/15/90 12:00 AM,06/15/91 12:00 AM
158,174,06/25/89 12:00 AM,06/09/90 12:00 AM
158,174,01/30/88 12:00 AM,06/05/89 12:00 AM
159,174,06/12/91 12:00 AM,11/05/92 12:00 AM
159,175,06/15/90 12:00 AM,06/15/91 12:00 AM
159,170,06/25/89 12:00 AM,06/09/90 12:00 AM
159,169,01/30/88 12:00 AM,06/05/89 12:00 AM
159,583,06/12/91 12:00 AM,11/05/92 12:00 AM
159,583,06/15/90 12:00 AM,06/15/91 12:00 AM
159,583,06/25/89 12:00 AM,06/09/90 12:00 AM
159,583,01/30/88 12:00 AM,06/05/89 12:00 AM
159,155,06/14/91 12:00 AM,11/05/92 12:00 AM
159,181,06/13/91 12:00 AM,11/05/92 12:00 AM
159,150,06/15/90 12:00 AM,06/15/91 12:00 AM
159,176,06/15/90 12:00 AM,06/15/91 12:00 AM
159,150,06/25/89 12:00 AM,06/09/90 12:00 AM
159,175,06/25/89 12:00 AM,06/09/90 12:00 AM
159,146,01/30/88 12:00 AM,06/05/89 12:00 AM
159,170,01/30/88 12:00 AM,06/05/89 12:00 AM
159,592,06/12/91 12:00 AM,11/05/92 12:00 AM
159,592,06/15/90 12:00 AM,06/15/91 12:00 AM
159,592,06/25/89 12:00 AM,06/09/90 12:00 AM
159,592,01/30/88 12:00 AM,06/05/89 12:00 AM
159,90,06/21/91 12:00 AM,11/05/92 12:00 AM
159,69,06/20/91 12:00 AM,11/05/92 12:00 AM
159,183,06/19/91 12:00 AM,11/05/92 12:00 AM
159,234,06/18/91 12:00 AM,11/05/92 12:00 AM
159,237,06/17/91 12:00 AM,11/05/92 12:00 AM
159,31,06/16/91 12:00 AM,11/05/92 12:00 AM
159,46,06/15/90 12:00 AM,06/15/91 12:00 AM
159,56,06/15/90 12:00 AM,06/15/91 12:00 AM
159,70,06/15/90 12:00 AM,06/15/91 12:00 AM
159,179,06/15/90 12:00 AM,06/15/91 12:00 AM
159,234,06/15/90 12:00 AM,06/15/91 12:00 AM
159,235,06/15/90 12:00 AM,06/15/91 12:00 AM
159,40,06/25/89 12:00 AM,06/09/90 12:00 AM
159,55,06/25/89 12:00 AM,06/09/90 12:00 AM
159,67,06/25/89 12:00 AM,06/09/90 12:00 AM
159,179,06/25/89 12:00 AM,06/09/90 12:00 AM
159,234,06/25/89 12:00 AM,06/09/90 12:00 AM
159,240,06/25/89 12:00 AM,06/09/90 12:00 AM
159,38,01/30/88 12:00 AM,06/05/89 12:00 AM
159,55,01/30/88 12:00 AM,06/05/89 12:00 AM
159,67,01/30/88 12:00 AM,06/05/89 12:00 AM
159,175,01/30/88 12:00 AM,06/05/89 12:00 AM
159,234,01/30/88 12:00 AM,06/05/89 12:00 AM
159,239,01/30/88 12:00 AM,06/05/89 12:00 AM
159,174,06/15/91 12:00 AM,11/05/92 12:00 AM
159,174,06/15/90 12:00 AM,06/15/91 12:00 AM
159,174,06/25/89 12:00 AM,06/09/90 12:00 AM
159,174,01/30/88 12:00 AM,06/05/89 12:00 AM
160,174,06/12/91 12:00 AM,11/05/92 12:00 AM
160,175,06/15/90 12:00 AM,06/15/91 12:00 AM
160,170,06/25/89 12:00 AM,06/09/90 12:00 AM
160,169,01/30/88 12:00 AM,06/05/89 12:00 AM
160,583,06/12/91 12:00 AM,11/05/92 12:00 AM
160,583,06/15/90 12:00 AM,06/15/91 12:00 AM
160,583,06/25/89 12:00 AM,06/09/90 12:00 AM
160,583,01/30/88 12:00 AM,06/05/89 12:00 AM
160,155,06/14/91 12:00 AM,11/05/92 12:00 AM
160,181,06/13/91 12:00 AM,11/05/92 12:00 AM
160,150,06/15/90 12:00 AM,06/15/91 12:00 AM
160,176,06/15/90 12:00 AM,06/15/91 12:00 AM
160,150,06/25/89 12:00 AM,06/09/90 12:00 AM
160,175,06/25/89 12:00 AM,06/09/90 12:00 AM
160,146,01/30/88 12:00 AM,06/05/89 12:00 AM
160,170,01/30/88 12:00 AM,06/05/89 12:00 AM
160,592,06/12/91 12:00 AM,11/05/92 12:00 AM
160,592,06/15/90 12:00 AM,06/15/91 12:00 AM
160,592,06/25/89 12:00 AM,06/09/90 12:00 AM
160,592,01/30/88 12:00 AM,06/05/89 12:00 AM
160,90,06/21/91 12:00 AM,11/05/92 12:00 AM
160,69,06/20/91 12:00 AM,11/05/92 12:00 AM
160,183,06/19/91 12:00 AM,11/05/92 12:00 AM
160,234,06/18/91 12:00 AM,11/05/92 12:00 AM
160,237,06/17/91 12:00 AM,11/05/92 12:00 AM
160,31,06/16/91 12:00 AM,11/05/92 12:00 AM
160,46,06/15/90 12:00 AM,06/15/91 12:00 AM
160,56,06/15/90 12:00 AM,06/15/91 12:00 AM
160,70,06/15/90 12:00 AM,06/15/91 12:00 AM
160,179,06/15/90 12:00 AM,06/15/91 12:00 AM
160,234,06/15/90 12:00 AM,06/15/91 12:00 AM
160,235,06/15/90 12:00 AM,06/15/91 12:00 AM
160,40,06/25/89 12:00 AM,06/09/90 12:00 AM
160,55,06/25/89 12:00 AM,06/09/90 12:00 AM
160,67,06/25/89 12:00 AM,06/09/90 12:00 AM
160,179,06/25/89 12:00 AM,06/09/90 12:00 AM
160,234,06/25/89 12:00 AM,06/09/90 12:00 AM
160,240,06/25/89 12:00 AM,06/09/90 12:00 AM
160,38,01/30/88 12:00 AM,06/05/89 12:00 AM
160,55,01/30/88 12:00 AM,06/05/89 12:00 AM
160,67,01/30/88 12:00 AM,06/05/89 12:00 AM
160,175,01/30/88 12:00 AM,06/05/89 12:00 AM
160,234,01/30/88 12:00 AM,06/05/89 12:00 AM
160,239,01/30/88 12:00 AM,06/05/89 12:00 AM
160,174,06/15/91 12:00 AM,11/05/92 12:00 AM
160,174,06/15/90 12:00 AM,06/15/91 12:00 AM
160,174,06/25/89 12:00 AM,06/09/90 12:00 AM
160,174,01/30/88 12:00 AM,06/05/89 12:00 AM
161,152,06/15/90 12:00 AM,06/15/91 12:00 AM
161,154,06/12/91 12:00 AM,11/05/92 12:00 AM
161,163,01/30/88 12:00 AM,06/05/89 12:00 AM
161,167,06/25/89 12:00 AM,06/09/90 12:00 AM
161,586,06/15/90 12:00 AM,06/15/91 12:00 AM
161,586,06/12/91 12:00 AM,11/05/92 12:00 AM
161,586,01/30/88 12:00 AM,06/05/89 12:00 AM
161,586,06/25/89 12:00 AM,06/09/90 12:00 AM
161,85,06/14/91 12:00 AM,11/05/92 12:00 AM
161,138,06/15/90 12:00 AM,06/15/91 12:00 AM
161,145,06/13/91 12:00 AM,11/05/92 12:00 AM
161,150,01/30/88 12:00 AM,06/05/89 12:00 AM
161,153,06/25/89 12:00 AM,06/09/90 12:00 AM
161,160,06/15/90 12:00 AM,06/15/91 12:00 AM
161,176,01/30/88 12:00 AM,06/05/89 12:00 AM
161,176,06/25/89 12:00 AM,06/09/90 12:00 AM
161,593,06/15/90 12:00 AM,06/15/91 12:00 AM
161,593,06/12/91 12:00 AM,11/05/92 12:00 AM
161,593,01/30/88 12:00 AM,06/05/89 12:00 AM
161,593,06/25/89 12:00 AM,06/09/90 12:00 AM
161,45,01/30/88 12:00 AM,06/05/89 12:00 AM
161,49,06/25/89 12:00 AM,06/09/90 12:00 AM
161,53,06/15/90 12:00 AM,06/15/91 12:00 AM
161,76,01/30/88 12:00 AM,06/05/89 12:00 AM
161,87,06/25/89 12:00 AM,06/09/90 12:00 AM
161,90,01/30/88 12:00 AM,06/05/89 12:00 AM
161,103,06/25/89 12:00 AM,06/09/90 12:00 AM
161,110,06/15/90 12:00 AM,06/15/91 12:00 AM
161,113,06/20/91 12:00 AM,11/05/92 12:00 AM
161,116,06/17/91 12:00 AM,11/05/92 12:00 AM
161,124,06/18/91 12:00 AM,11/05/92 12:00 AM
161,126,06/15/90 12:00 AM,06/15/91 12:00 AM
161,126,06/21/91 12:00 AM,11/05/92 12:00 AM
161,145,06/25/89 12:00 AM,06/09/90 12:00 AM
161,159,01/30/88 12:00 AM,06/05/89 12:00 AM
161,166,06/15/90 12:00 AM,06/15/91 12:00 AM
161,166,06/19/91 12:00 AM,11/05/92 12:00 AM
161,168,06/16/91 12:00 AM,11/05/92 12:00 AM
161,179,06/15/90 12:00 AM,06/15/91 12:00 AM
161,194,06/25/89 12:00 AM,06/09/90 12:00 AM
161,207,06/15/90 12:00 AM,06/15/91 12:00 AM
161,219,01/30/88 12:00 AM,06/05/89 12:00 AM
161,222,06/25/89 12:00 AM,06/09/90 12:00 AM
161,238,01/30/88 12:00 AM,06/05/89 12:00 AM
161,149,06/15/91 12:00 AM,11/05/92 12:00 AM
161,180,01/30/88 12:00 AM,06/05/89 12:00 AM
161,180,06/25/89 12:00 AM,06/09/90 12:00 AM
161,180,06/15/90 12:00 AM,06/15/91 12:00 AM
162,152,06/15/90 12:00 AM,06/15/91 12:00 AM
162,154,06/12/91 12:00 AM,11/05/92 12:00 AM
162,163,01/30/88 12:00 AM,06/05/89 12:00 AM
162,167,06/25/89 12:00 AM,06/09/90 12:00 AM
162,586,06/15/90 12:00 AM,06/15/91 12:00 AM
162,586,06/12/91 12:00 AM,11/05/92 12:00 AM
162,586,01/30/88 12:00 AM,06/05/89 12:00 AM
162,586,06/25/89 12:00 AM,06/09/90 12:00 AM
162,85,06/14/91 12:00 AM,11/05/92 12:00 AM
162,138,06/15/90 12:00 AM,06/15/91 12:00 AM
162,145,06/13/91 12:00 AM,11/05/92 12:00 AM
162,150,01/30/88 12:00 AM,06/05/89 12:00 AM
162,153,06/25/89 12:00 AM,06/09/90 12:00 AM
162,160,06/15/90 12:00 AM,06/15/91 12:00 AM
162,176,01/30/88 12:00 AM,06/05/89 12:00 AM
162,176,06/25/89 12:00 AM,06/09/90 12:00 AM
162,593,06/15/90 12:00 AM,06/15/91 12:00 AM
162,593,06/12/91 12:00 AM,11/05/92 12:00 AM
162,593,01/30/88 12:00 AM,06/05/89 12:00 AM
162,593,06/25/89 12:00 AM,06/09/90 12:00 AM
162,45,01/30/88 12:00 AM,06/05/89 12:00 AM
162,49,06/25/89 12:00 AM,06/09/90 12:00 AM
162,53,06/15/90 12:00 AM,06/15/91 12:00 AM
162,76,01/30/88 12:00 AM,06/05/89 12:00 AM
162,87,06/25/89 12:00 AM,06/09/90 12:00 AM
162,90,01/30/88 12:00 AM,06/05/89 12:00 AM
162,103,06/25/89 12:00 AM,06/09/90 12:00 AM
162,110,06/15/90 12:00 AM,06/15/91 12:00 AM
162,113,06/20/91 12:00 AM,11/05/92 12:00 AM
162,116,06/17/91 12:00 AM,11/05/92 12:00 AM
162,124,06/18/91 12:00 AM,11/05/92 12:00 AM
162,126,06/15/90 12:00 AM,06/15/91 12:00 AM
162,126,06/21/91 12:00 AM,11/05/92 12:00 AM
162,145,06/25/89 12:00 AM,06/09/90 12:00 AM
162,159,01/30/88 12:00 AM,06/05/89 12:00 AM
162,166,06/15/90 12:00 AM,06/15/91 12:00 AM
162,166,06/19/91 12:00 AM,11/05/92 12:00 AM
162,168,06/16/91 12:00 AM,11/05/92 12:00 AM
162,179,06/15/90 12:00 AM,06/15/91 12:00 AM
162,194,06/25/89 12:00 AM,06/09/90 12:00 AM
162,207,06/15/90 12:00 AM,06/15/91 12:00 AM
162,219,01/30/88 12:00 AM,06/05/89 12:00 AM
162,222,06/25/89 12:00 AM,06/09/90 12:00 AM
162,238,01/30/88 12:00 AM,06/05/89 12:00 AM
162,149,06/15/91 12:00 AM,11/05/92 12:00 AM
162,180,01/30/88 12:00 AM,06/05/89 12:00 AM
162,180,06/25/89 12:00 AM,06/09/90 12:00 AM
162,180,06/15/90 12:00 AM,06/15/91 12:00 AM
163,152,06/15/90 12:00 AM,06/15/91 12:00 AM
163,154,06/12/91 12:00 AM,11/05/92 12:00 AM
163,163,01/30/88 12:00 AM,06/05/89 12:00 AM
163,167,06/25/89 12:00 AM,06/09/90 12:00 AM
163,586,06/15/90 12:00 AM,06/15/91 12:00 AM
163,586,06/12/91 12:00 AM,11/05/92 12:00 AM
163,586,01/30/88 12:00 AM,06/05/89 12:00 AM
163,586,06/25/89 12:00 AM,06/09/90 12:00 AM
163,85,06/14/91 12:00 AM,11/05/92 12:00 AM
163,138,06/15/90 12:00 AM,06/15/91 12:00 AM
163,145,06/13/91 12:00 AM,11/05/92 12:00 AM
163,150,01/30/88 12:00 AM,06/05/89 12:00 AM
163,153,06/25/89 12:00 AM,06/09/90 12:00 AM
163,160,06/15/90 12:00 AM,06/15/91 12:00 AM
163,176,01/30/88 12:00 AM,06/05/89 12:00 AM
163,176,06/25/89 12:00 AM,06/09/90 12:00 AM
163,593,06/15/90 12:00 AM,06/15/91 12:00 AM
163,593,06/12/91 12:00 AM,11/05/92 12:00 AM
163,593,01/30/88 12:00 AM,06/05/89 12:00 AM
163,593,06/25/89 12:00 AM,06/09/90 12:00 AM
163,45,01/30/88 12:00 AM,06/05/89 12:00 AM
163,49,06/25/89 12:00 AM,06/09/90 12:00 AM
163,53,06/15/90 12:00 AM,06/15/91 12:00 AM
163,76,01/30/88 12:00 AM,06/05/89 12:00 AM
163,87,06/25/89 12:00 AM,06/09/90 12:00 AM
163,90,01/30/88 12:00 AM,06/05/89 12:00 AM
163,103,06/25/89 12:00 AM,06/09/90 12:00 AM
163,110,06/15/90 12:00 AM,06/15/91 12:00 AM
163,113,06/20/91 12:00 AM,11/05/92 12:00 AM
163,116,06/17/91 12:00 AM,11/05/92 12:00 AM
163,124,06/18/91 12:00 AM,11/05/92 12:00 AM
163,126,06/15/90 12:00 AM,06/15/91 12:00 AM
163,126,06/21/91 12:00 AM,11/05/92 12:00 AM
163,145,06/25/89 12:00 AM,06/09/90 12:00 AM
163,159,01/30/88 12:00 AM,06/05/89 12:00 AM
163,166,06/15/90 12:00 AM,06/15/91 12:00 AM
163,166,06/19/91 12:00 AM,11/05/92 12:00 AM
163,168,06/16/91 12:00 AM,11/05/92 12:00 AM
163,179,06/15/90 12:00 AM,06/15/91 12:00 AM
163,194,06/25/89 12:00 AM,06/09/90 12:00 AM
163,207,06/15/90 12:00 AM,06/15/91 12:00 AM
163,219,01/30/88 12:00 AM,06/05/89 12:00 AM
163,222,06/25/89 12:00 AM,06/09/90 12:00 AM
163,238,01/30/88 12:00 AM,06/05/89 12:00 AM
163,149,06/15/91 12:00 AM,11/05/92 12:00 AM
163,180,01/30/88 12:00 AM,06/05/89 12:00 AM
163,180,06/25/89 12:00 AM,06/09/90 12:00 AM
163,180,06/15/90 12:00 AM,06/15/91 12:00 AM
164,152,06/15/90 12:00 AM,06/15/91 12:00 AM
164,154,06/12/91 12:00 AM,11/05/92 12:00 AM
164,163,01/30/88 12:00 AM,06/05/89 12:00 AM
164,167,06/25/89 12:00 AM,06/09/90 12:00 AM
164,586,06/15/90 12:00 AM,06/15/91 12:00 AM
164,586,06/12/91 12:00 AM,11/05/92 12:00 AM
164,586,01/30/88 12:00 AM,06/05/89 12:00 AM
164,586,06/25/89 12:00 AM,06/09/90 12:00 AM
164,85,06/14/91 12:00 AM,11/05/92 12:00 AM
164,138,06/15/90 12:00 AM,06/15/91 12:00 AM
164,145,06/13/91 12:00 AM,11/05/92 12:00 AM
164,150,01/30/88 12:00 AM,06/05/89 12:00 AM
164,153,06/25/89 12:00 AM,06/09/90 12:00 AM
164,160,06/15/90 12:00 AM,06/15/91 12:00 AM
164,176,01/30/88 12:00 AM,06/05/89 12:00 AM
164,176,06/25/89 12:00 AM,06/09/90 12:00 AM
164,593,06/15/90 12:00 AM,06/15/91 12:00 AM
164,593,06/12/91 12:00 AM,11/05/92 12:00 AM
164,593,01/30/88 12:00 AM,06/05/89 12:00 AM
164,593,06/25/89 12:00 AM,06/09/90 12:00 AM
164,45,01/30/88 12:00 AM,06/05/89 12:00 AM
164,49,06/25/89 12:00 AM,06/09/90 12:00 AM
164,53,06/15/90 12:00 AM,06/15/91 12:00 AM
164,76,01/30/88 12:00 AM,06/05/89 12:00 AM
164,87,06/25/89 12:00 AM,06/09/90 12:00 AM
164,90,01/30/88 12:00 AM,06/05/89 12:00 AM
164,103,06/25/89 12:00 AM,06/09/90 12:00 AM
164,110,06/15/90 12:00 AM,06/15/91 12:00 AM
164,113,06/20/91 12:00 AM,11/05/92 12:00 AM
164,116,06/17/91 12:00 AM,11/05/92 12:00 AM
164,124,06/18/91 12:00 AM,11/05/92 12:00 AM
164,126,06/15/90 12:00 AM,06/15/91 12:00 AM
164,126,06/21/91 12:00 AM,11/05/92 12:00 AM
164,145,06/25/89 12:00 AM,06/09/90 12:00 AM
164,159,01/30/88 12:00 AM,06/05/89 12:00 AM
164,166,06/15/90 12:00 AM,06/15/91 12:00 AM
164,166,06/19/91 12:00 AM,11/05/92 12:00 AM
164,168,06/16/91 12:00 AM,11/05/92 12:00 AM
164,179,06/15/90 12:00 AM,06/15/91 12:00 AM
164,194,06/25/89 12:00 AM,06/09/90 12:00 AM
164,207,06/15/90 12:00 AM,06/15/91 12:00 AM
164,219,01/30/88 12:00 AM,06/05/89 12:00 AM
164,222,06/25/89 12:00 AM,06/09/90 12:00 AM
164,238,01/30/88 12:00 AM,06/05/89 12:00 AM
164,149,06/15/91 12:00 AM,11/05/92 12:00 AM
164,180,01/30/88 12:00 AM,06/05/89 12:00 AM
164,180,06/25/89 12:00 AM,06/09/90 12:00 AM
164,180,06/15/90 12:00 AM,06/15/91 12:00 AM
165,161,02/10/93 12:00 AM,12/03/97 12:00 AM
165,554,02/10/93 12:00 AM,12/03/97 12:00 AM
165,377,02/10/93 12:00 AM,12/03/97 12:00 AM
165,169,02/10/93 12:00 AM,12/03/97 12:00 AM
165,74,02/10/93 12:00 AM,08/21/94 12:00 AM
165,15,02/10/93 12:00 AM,07/31/95 12:00 AM
165,210,02/10/93 12:00 AM,09/07/96 12:00 AM
165,385,08/01/95 12:00 AM,12/03/97 12:00 AM
165,319,09/08/96 12:00 AM,12/03/97 12:00 AM
165,270,08/22/94 12:00 AM,12/03/97 12:00 AM
165,164,02/10/93 12:00 AM,12/03/97 12:00 AM
165,127,02/10/93 12:00 AM,12/03/97 12:00 AM
165,96,02/10/93 12:00 AM,12/03/97 12:00 AM
165,386,02/10/93 12:00 AM,12/03/97 12:00 AM
166,163,02/10/93 12:00 AM,12/03/97 12:00 AM
166,581,02/10/93 12:00 AM,12/03/97 12:00 AM
166,380,02/10/93 12:00 AM,12/03/97 12:00 AM
166,170,02/10/93 12:00 AM,12/03/97 12:00 AM
166,96,02/10/93 12:00 AM,08/01/95 12:00 AM
166,26,02/10/93 12:00 AM,04/23/96 12:00 AM
166,196,02/10/93 12:00 AM,01/07/97 12:00 AM
166,377,04/24/96 12:00 AM,12/03/97 12:00 AM
166,324,01/08/97 12:00 AM,12/03/97 12:00 AM
166,264,08/02/95 12:00 AM,12/03/97 12:00 AM
166,158,02/10/93 12:00 AM,12/03/97 12:00 AM
166,130,02/10/93 12:00 AM,12/03/97 12:00 AM
166,100,02/10/93 12:00 AM,12/03/97 12:00 AM
166,384,02/10/93 12:00 AM,12/03/97 12:00 AM
167,164,02/10/93 12:00 AM,12/03/97 12:00 AM
167,583,02/10/93 12:00 AM,12/03/97 12:00 AM
167,381,02/10/93 12:00 AM,12/03/97 12:00 AM
167,171,02/10/93 12:00 AM,12/03/97 12:00 AM
167,97,02/10/93 12:00 AM,03/12/95 12:00 AM
167,27,02/10/93 12:00 AM,08/03/96 12:00 AM
167,208,02/10/93 12:00 AM,09/17/97 12:00 AM
167,379,08/04/96 12:00 AM,12/03/97 12:00 AM
167,325,09/18/97 12:00 AM,12/03/97 12:00 AM
167,265,03/13/95 12:00 AM,12/03/97 12:00 AM
167,160,02/10/93 12:00 AM,12/03/97 12:00 AM
167,137,02/10/93 12:00 AM,12/03/97 12:00 AM
167,102,02/10/93 12:00 AM,12/03/97 12:00 AM
167,385,02/10/93 12:00 AM,12/03/97 12:00 AM
168,166,02/03/93 12:00 AM,12/03/97 12:00 AM
168,586,02/10/93 12:00 AM,12/03/97 12:00 AM
168,174,02/03/93 12:00 AM,08/15/95 12:00 AM
168,385,08/16/95 12:00 AM,12/03/97 12:00 AM
168,382,02/03/93 12:00 AM,12/03/97 12:00 AM
168,28,02/03/93 12:00 AM,05/05/94 12:00 AM
168,104,02/03/93 12:00 AM,08/23/95 12:00 AM
168,209,02/03/93 12:00 AM,08/15/96 12:00 AM
168,380,05/06/94 12:00 AM,12/03/97 12:00 AM
168,327,08/16/96 12:00 AM,12/03/97 12:00 AM
168,266,08/24/95 12:00 AM,12/03/97 12:00 AM
168,161,02/03/93 12:00 AM,12/03/97 12:00 AM
168,138,02/03/93 12:00 AM,12/03/97 12:00 AM
168,99,02/03/93 12:00 AM,12/03/97 12:00 AM
168,384,02/03/93 12:00 AM,05/14/95 12:00 AM
168,387,08/16/95 12:00 AM,12/03/97 12:00 AM
169,170,02/09/93 12:00 AM,06/05/94 12:00 AM
169,170,06/10/94 12:00 AM,06/09/95 12:00 AM
169,177,06/14/95 12:00 AM,06/12/96 12:00 AM
169,228,06/17/96 12:00 AM,12/03/97 12:00 AM
169,592,02/10/93 12:00 AM,12/03/97 12:00 AM
169,575,02/10/93 12:00 AM,12/03/97 12:00 AM
169,575,02/10/93 12:00 AM,12/03/97 12:00 AM
169,575,02/10/93 12:00 AM,12/03/97 12:00 AM
169,384,02/09/93 12:00 AM,06/05/94 12:00 AM
169,138,02/09/93 12:00 AM,06/05/94 12:00 AM
169,383,06/10/94 12:00 AM,06/09/95 12:00 AM
169,141,06/10/94 12:00 AM,06/09/95 12:00 AM
169,385,06/14/95 12:00 AM,06/12/96 12:00 AM
169,150,06/14/95 12:00 AM,06/12/96 12:00 AM
169,381,06/17/96 12:00 AM,12/03/97 12:00 AM
169,151,06/17/96 12:00 AM,12/03/97 12:00 AM
169,593,02/10/93 12:00 AM,12/03/97 12:00 AM
169,593,02/10/93 12:00 AM,12/03/97 12:00 AM
169,573,02/10/93 12:00 AM,12/03/97 12:00 AM
169,573,02/10/93 12:00 AM,12/03/97 12:00 AM
169,386,02/09/93 12:00 AM,06/05/94 12:00 AM
169,362,02/09/93 12:00 AM,06/05/94 12:00 AM
169,292,02/09/93 12:00 AM,06/05/94 12:00 AM
169,176,02/09/93 12:00 AM,06/05/94 12:00 AM
169,175,02/09/93 12:00 AM,06/05/94 12:00 AM
169,122,02/09/93 12:00 AM,06/05/94 12:00 AM
169,386,06/10/94 12:00 AM,06/09/95 12:00 AM
169,339,06/10/94 12:00 AM,06/09/95 12:00 AM
169,270,06/10/94 12:00 AM,06/09/95 12:00 AM
169,192,06/10/94 12:00 AM,06/09/95 12:00 AM
169,175,06/10/94 12:00 AM,06/09/95 12:00 AM
169,122,06/10/94 12:00 AM,06/09/95 12:00 AM
169,367,06/14/95 12:00 AM,06/12/96 12:00 AM
169,339,06/14/95 12:00 AM,06/12/96 12:00 AM
169,267,06/14/95 12:00 AM,06/12/96 12:00 AM
169,193,06/14/95 12:00 AM,06/12/96 12:00 AM
169,175,06/14/95 12:00 AM,06/12/96 12:00 AM
169,127,06/14/95 12:00 AM,06/12/96 12:00 AM
169,355,06/17/96 12:00 AM,12/03/97 12:00 AM
169,305,06/17/96 12:00 AM,12/03/97 12:00 AM
169,267,06/17/96 12:00 AM,12/03/97 12:00 AM
169,193,06/17/96 12:00 AM,12/03/97 12:00 AM
169,175,06/17/96 12:00 AM,12/03/97 12:00 AM
169,127,06/17/96 12:00 AM,12/03/97 12:00 AM
169,4,02/09/93 12:00 AM,06/05/94 12:00 AM
169,14,06/10/94 12:00 AM,06/09/95 12:00 AM
169,14,06/14/95 12:00 AM,06/12/96 12:00 AM
169,28,06/17/96 12:00 AM,12/03/97 12:00 AM
170,170,02/09/93 12:00 AM,06/05/94 12:00 AM
170,170,06/10/94 12:00 AM,06/09/95 12:00 AM
170,177,06/14/95 12:00 AM,06/12/96 12:00 AM
170,228,06/17/96 12:00 AM,12/03/97 12:00 AM
170,592,02/10/93 12:00 AM,12/03/97 12:00 AM
170,575,02/10/93 12:00 AM,12/03/97 12:00 AM
170,575,02/10/93 12:00 AM,12/03/97 12:00 AM
170,575,02/10/93 12:00 AM,12/03/97 12:00 AM
170,384,02/09/93 12:00 AM,06/05/94 12:00 AM
170,138,02/09/93 12:00 AM,06/05/94 12:00 AM
170,383,06/10/94 12:00 AM,06/09/95 12:00 AM
170,141,06/10/94 12:00 AM,06/09/95 12:00 AM
170,385,06/14/95 12:00 AM,06/12/96 12:00 AM
170,150,06/14/95 12:00 AM,06/12/96 12:00 AM
170,381,06/17/96 12:00 AM,12/03/97 12:00 AM
170,151,06/17/96 12:00 AM,12/03/97 12:00 AM
170,593,02/10/93 12:00 AM,12/03/97 12:00 AM
170,593,02/10/93 12:00 AM,12/03/97 12:00 AM
170,573,02/10/93 12:00 AM,12/03/97 12:00 AM
170,573,02/10/93 12:00 AM,12/03/97 12:00 AM
170,386,02/09/93 12:00 AM,06/05/94 12:00 AM
170,362,02/09/93 12:00 AM,06/05/94 12:00 AM
170,292,02/09/93 12:00 AM,06/05/94 12:00 AM
170,176,02/09/93 12:00 AM,06/05/94 12:00 AM
170,175,02/09/93 12:00 AM,06/05/94 12:00 AM
170,122,02/09/93 12:00 AM,06/05/94 12:00 AM
170,386,06/10/94 12:00 AM,06/09/95 12:00 AM
170,339,06/10/94 12:00 AM,06/09/95 12:00 AM
170,270,06/10/94 12:00 AM,06/09/95 12:00 AM
170,192,06/10/94 12:00 AM,06/09/95 12:00 AM
170,175,06/10/94 12:00 AM,06/09/95 12:00 AM
170,122,06/10/94 12:00 AM,06/09/95 12:00 AM
170,367,06/14/95 12:00 AM,06/12/96 12:00 AM
170,339,06/14/95 12:00 AM,06/12/96 12:00 AM
170,267,06/14/95 12:00 AM,06/12/96 12:00 AM
170,193,06/14/95 12:00 AM,06/12/96 12:00 AM
170,175,06/14/95 12:00 AM,06/12/96 12:00 AM
170,127,06/14/95 12:00 AM,06/12/96 12:00 AM
170,355,06/17/96 12:00 AM,12/03/97 12:00 AM
170,305,06/17/96 12:00 AM,12/03/97 12:00 AM
170,267,06/17/96 12:00 AM,12/03/97 12:00 AM
170,193,06/17/96 12:00 AM,12/03/97 12:00 AM
170,175,06/17/96 12:00 AM,12/03/97 12:00 AM
170,127,06/17/96 12:00 AM,12/03/97 12:00 AM
170,4,02/09/93 12:00 AM,06/05/94 12:00 AM
170,14,06/10/94 12:00 AM,06/09/95 12:00 AM
170,14,06/14/95 12:00 AM,06/12/96 12:00 AM
170,28,06/17/96 12:00 AM,12/03/97 12:00 AM
171,170,02/09/93 12:00 AM,06/05/94 12:00 AM
171,170,06/10/94 12:00 AM,06/09/95 12:00 AM
171,177,06/14/95 12:00 AM,06/12/96 12:00 AM
171,228,06/17/96 12:00 AM,12/03/97 12:00 AM
171,592,02/10/93 12:00 AM,12/03/97 12:00 AM
171,575,02/10/93 12:00 AM,12/03/97 12:00 AM
171,575,02/10/93 12:00 AM,12/03/97 12:00 AM
171,575,02/10/93 12:00 AM,12/03/97 12:00 AM
171,384,02/09/93 12:00 AM,06/05/94 12:00 AM
171,138,02/09/93 12:00 AM,06/05/94 12:00 AM
171,383,06/10/94 12:00 AM,06/09/95 12:00 AM
171,141,06/10/94 12:00 AM,06/09/95 12:00 AM
171,385,06/14/95 12:00 AM,06/12/96 12:00 AM
171,150,06/14/95 12:00 AM,06/12/96 12:00 AM
171,381,06/17/96 12:00 AM,12/03/97 12:00 AM
171,151,06/17/96 12:00 AM,12/03/97 12:00 AM
171,593,02/10/93 12:00 AM,12/03/97 12:00 AM
171,593,02/10/93 12:00 AM,12/03/97 12:00 AM
171,573,02/10/93 12:00 AM,12/03/97 12:00 AM
171,573,02/10/93 12:00 AM,12/03/97 12:00 AM
171,386,02/09/93 12:00 AM,06/05/94 12:00 AM
171,362,02/09/93 12:00 AM,06/05/94 12:00 AM
171,292,02/09/93 12:00 AM,06/05/94 12:00 AM
171,176,02/09/93 12:00 AM,06/05/94 12:00 AM
171,175,02/09/93 12:00 AM,06/05/94 12:00 AM
171,122,02/09/93 12:00 AM,06/05/94 12:00 AM
171,386,06/10/94 12:00 AM,06/09/95 12:00 AM
171,339,06/10/94 12:00 AM,06/09/95 12:00 AM
171,270,06/10/94 12:00 AM,06/09/95 12:00 AM
171,192,06/10/94 12:00 AM,06/09/95 12:00 AM
171,175,06/10/94 12:00 AM,06/09/95 12:00 AM
171,122,06/10/94 12:00 AM,06/09/95 12:00 AM
171,367,06/14/95 12:00 AM,06/12/96 12:00 AM
171,339,06/14/95 12:00 AM,06/12/96 12:00 AM
171,267,06/14/95 12:00 AM,06/12/96 12:00 AM
171,193,06/14/95 12:00 AM,06/12/96 12:00 AM
171,175,06/14/95 12:00 AM,06/12/96 12:00 AM
171,127,06/14/95 12:00 AM,06/12/96 12:00 AM
171,355,06/17/96 12:00 AM,12/03/97 12:00 AM
171,305,06/17/96 12:00 AM,12/03/97 12:00 AM
171,267,06/17/96 12:00 AM,12/03/97 12:00 AM
171,193,06/17/96 12:00 AM,12/03/97 12:00 AM
171,175,06/17/96 12:00 AM,12/03/97 12:00 AM
171,127,06/17/96 12:00 AM,12/03/97 12:00 AM
171,4,02/09/93 12:00 AM,06/05/94 12:00 AM
171,14,06/10/94 12:00 AM,06/09/95 12:00 AM
171,14,06/14/95 12:00 AM,06/12/96 12:00 AM
171,28,06/17/96 12:00 AM,12/03/97 12:00 AM
172,170,02/09/93 12:00 AM,06/05/94 12:00 AM
172,170,06/10/94 12:00 AM,06/09/95 12:00 AM
172,177,06/14/95 12:00 AM,06/12/96 12:00 AM
172,228,06/17/96 12:00 AM,12/03/97 12:00 AM
172,592,02/10/93 12:00 AM,12/03/97 12:00 AM
172,575,02/10/93 12:00 AM,12/03/97 12:00 AM
172,575,02/10/93 12:00 AM,12/03/97 12:00 AM
172,575,02/10/93 12:00 AM,12/03/97 12:00 AM
172,384,02/09/93 12:00 AM,06/05/94 12:00 AM
172,138,02/09/93 12:00 AM,06/05/94 12:00 AM
172,383,06/10/94 12:00 AM,06/09/95 12:00 AM
172,141,06/10/94 12:00 AM,06/09/95 12:00 AM
172,385,06/14/95 12:00 AM,06/12/96 12:00 AM
172,150,06/14/95 12:00 AM,06/12/96 12:00 AM
172,381,06/17/96 12:00 AM,12/03/97 12:00 AM
172,151,06/17/96 12:00 AM,12/03/97 12:00 AM
172,593,02/10/93 12:00 AM,12/03/97 12:00 AM
172,593,02/10/93 12:00 AM,12/03/97 12:00 AM
172,573,02/10/93 12:00 AM,12/03/97 12:00 AM
172,573,02/10/93 12:00 AM,12/03/97 12:00 AM
172,386,02/09/93 12:00 AM,06/05/94 12:00 AM
172,362,02/09/93 12:00 AM,06/05/94 12:00 AM
172,292,02/09/93 12:00 AM,06/05/94 12:00 AM
172,176,02/09/93 12:00 AM,06/05/94 12:00 AM
172,175,02/09/93 12:00 AM,06/05/94 12:00 AM
172,122,02/09/93 12:00 AM,06/05/94 12:00 AM
172,386,06/10/94 12:00 AM,06/09/95 12:00 AM
172,339,06/10/94 12:00 AM,06/09/95 12:00 AM
172,270,06/10/94 12:00 AM,06/09/95 12:00 AM
172,192,06/10/94 12:00 AM,06/09/95 12:00 AM
172,175,06/10/94 12:00 AM,06/09/95 12:00 AM
172,122,06/10/94 12:00 AM,06/09/95 12:00 AM
172,367,06/14/95 12:00 AM,06/12/96 12:00 AM
172,339,06/14/95 12:00 AM,06/12/96 12:00 AM
172,267,06/14/95 12:00 AM,06/12/96 12:00 AM
172,193,06/14/95 12:00 AM,06/12/96 12:00 AM
172,175,06/14/95 12:00 AM,06/12/96 12:00 AM
172,127,06/14/95 12:00 AM,06/12/96 12:00 AM
172,355,06/17/96 12:00 AM,12/03/97 12:00 AM
172,305,06/17/96 12:00 AM,12/03/97 12:00 AM
172,267,06/17/96 12:00 AM,12/03/97 12:00 AM
172,193,06/17/96 12:00 AM,12/03/97 12:00 AM
172,175,06/17/96 12:00 AM,12/03/97 12:00 AM
172,127,06/17/96 12:00 AM,12/03/97 12:00 AM
172,4,02/09/93 12:00 AM,06/05/94 12:00 AM
172,14,06/10/94 12:00 AM,06/09/95 12:00 AM
172,14,06/14/95 12:00 AM,06/12/96 12:00 AM
172,28,06/17/96 12:00 AM,12/03/97 12:00 AM
173,2,02/09/93 12:00 AM,06/05/94 12:00 AM
173,14,06/10/94 12:00 AM,06/09/95 12:00 AM
173,14,06/14/95 12:00 AM,06/12/96 12:00 AM
173,29,06/17/96 12:00 AM,12/03/97 12:00 AM
173,572,02/10/93 12:00 AM,12/03/97 12:00 AM
173,572,02/10/93 12:00 AM,12/03/97 12:00 AM
173,572,02/10/93 12:00 AM,12/03/97 12:00 AM
173,572,02/10/93 12:00 AM,12/03/97 12:00 AM
173,275,02/09/93 12:00 AM,06/05/94 12:00 AM
173,150,02/09/93 12:00 AM,06/05/94 12:00 AM
173,275,06/10/94 12:00 AM,06/09/95 12:00 AM
173,160,06/10/94 12:00 AM,06/09/95 12:00 AM
173,282,06/14/95 12:00 AM,06/12/96 12:00 AM
173,163,06/14/95 12:00 AM,06/12/96 12:00 AM
173,286,06/17/96 12:00 AM,12/03/97 12:00 AM
173,168,06/17/96 12:00 AM,12/03/97 12:00 AM
173,575,02/10/93 12:00 AM,12/03/97 12:00 AM
173,575,02/10/93 12:00 AM,12/03/97 12:00 AM
173,574,02/10/93 12:00 AM,12/03/97 12:00 AM
173,574,02/10/93 12:00 AM,12/03/97 12:00 AM
173,368,02/09/93 12:00 AM,06/05/94 12:00 AM
173,321,02/09/93 12:00 AM,06/05/94 12:00 AM
173,318,02/09/93 12:00 AM,06/05/94 12:00 AM
173,194,02/09/93 12:00 AM,06/05/94 12:00 AM
173,160,02/09/93 12:00 AM,06/05/94 12:00 AM
173,127,02/09/93 12:00 AM,06/05/94 12:00 AM
173,368,06/10/94 12:00 AM,06/09/95 12:00 AM
173,324,06/10/94 12:00 AM,06/09/95 12:00 AM
173,321,06/10/94 12:00 AM,06/09/95 12:00 AM
173,210,06/10/94 12:00 AM,06/09/95 12:00 AM
173,167,06/10/94 12:00 AM,06/09/95 12:00 AM
173,138,06/10/94 12:00 AM,06/09/95 12:00 AM
173,372,06/14/95 12:00 AM,06/12/96 12:00 AM
173,329,06/14/95 12:00 AM,06/12/96 12:00 AM
173,325,06/14/95 12:00 AM,06/12/96 12:00 AM
173,213,06/14/95 12:00 AM,06/12/96 12:00 AM
173,171,06/14/95 12:00 AM,06/12/96 12:00 AM
173,141,06/14/95 12:00 AM,06/12/96 12:00 AM
173,374,06/17/96 12:00 AM,12/03/97 12:00 AM
173,332,06/17/96 12:00 AM,12/03/97 12:00 AM
173,329,06/17/96 12:00 AM,12/03/97 12:00 AM
173,213,06/17/96 12:00 AM,12/03/97 12:00 AM
173,171,06/17/96 12:00 AM,12/03/97 12:00 AM
173,150,06/17/96 12:00 AM,12/03/97 12:00 AM
173,26,02/09/93 12:00 AM,06/05/94 12:00 AM
173,60,06/10/94 12:00 AM,06/09/95 12:00 AM
173,70,06/14/95 12:00 AM,06/12/96 12:00 AM
173,70,06/17/96 12:00 AM,12/03/97 12:00 AM
174,2,02/09/93 12:00 AM,06/05/94 12:00 AM
174,14,06/10/94 12:00 AM,06/09/95 12:00 AM
174,14,06/14/95 12:00 AM,06/12/96 12:00 AM
174,29,06/17/96 12:00 AM,12/03/97 12:00 AM
174,572,02/10/93 12:00 AM,12/03/97 12:00 AM
174,572,02/10/93 12:00 AM,12/03/97 12:00 AM
174,572,02/10/93 12:00 AM,12/03/97 12:00 AM
174,572,02/10/93 12:00 AM,12/03/97 12:00 AM
174,275,02/09/93 12:00 AM,06/05/94 12:00 AM
174,150,02/09/93 12:00 AM,06/05/94 12:00 AM
174,275,06/10/94 12:00 AM,06/09/95 12:00 AM
174,160,06/10/94 12:00 AM,06/09/95 12:00 AM
174,282,06/14/95 12:00 AM,06/12/96 12:00 AM
174,163,06/14/95 12:00 AM,06/12/96 12:00 AM
174,286,06/17/96 12:00 AM,12/03/97 12:00 AM
174,168,06/17/96 12:00 AM,12/03/97 12:00 AM
174,575,02/10/93 12:00 AM,12/03/97 12:00 AM
174,575,02/10/93 12:00 AM,12/03/97 12:00 AM
174,574,02/10/93 12:00 AM,12/03/97 12:00 AM
174,574,02/10/93 12:00 AM,12/03/97 12:00 AM
174,368,02/09/93 12:00 AM,06/05/94 12:00 AM
174,321,02/09/93 12:00 AM,06/05/94 12:00 AM
174,318,02/09/93 12:00 AM,06/05/94 12:00 AM
174,194,02/09/93 12:00 AM,06/05/94 12:00 AM
174,160,02/09/93 12:00 AM,06/05/94 12:00 AM
174,127,02/09/93 12:00 AM,06/05/94 12:00 AM
174,368,06/10/94 12:00 AM,06/09/95 12:00 AM
174,324,06/10/94 12:00 AM,06/09/95 12:00 AM
174,321,06/10/94 12:00 AM,06/09/95 12:00 AM
174,210,06/10/94 12:00 AM,06/09/95 12:00 AM
174,167,06/10/94 12:00 AM,06/09/95 12:00 AM
174,138,06/10/94 12:00 AM,06/09/95 12:00 AM
174,372,06/14/95 12:00 AM,06/12/96 12:00 AM
174,329,06/14/95 12:00 AM,06/12/96 12:00 AM
174,325,06/14/95 12:00 AM,06/12/96 12:00 AM
174,213,06/14/95 12:00 AM,06/12/96 12:00 AM
174,171,06/14/95 12:00 AM,06/12/96 12:00 AM
174,141,06/14/95 12:00 AM,06/12/96 12:00 AM
174,374,06/17/96 12:00 AM,12/03/97 12:00 AM
174,332,06/17/96 12:00 AM,12/03/97 12:00 AM
174,329,06/17/96 12:00 AM,12/03/97 12:00 AM
174,213,06/17/96 12:00 AM,12/03/97 12:00 AM
174,171,06/17/96 12:00 AM,12/03/97 12:00 AM
174,150,06/17/96 12:00 AM,12/03/97 12:00 AM
174,26,02/09/93 12:00 AM,06/05/94 12:00 AM
174,60,06/10/94 12:00 AM,06/09/95 12:00 AM
174,70,06/14/95 12:00 AM,06/12/96 12:00 AM
174,70,06/17/96 12:00 AM,12/03/97 12:00 AM
175,2,02/09/93 12:00 AM,06/05/94 12:00 AM
175,14,06/10/94 12:00 AM,06/09/95 12:00 AM
175,14,06/14/95 12:00 AM,06/12/96 12:00 AM
175,29,06/17/96 12:00 AM,12/03/97 12:00 AM
175,572,02/10/93 12:00 AM,12/03/97 12:00 AM
175,572,02/10/93 12:00 AM,12/03/97 12:00 AM
175,572,02/10/93 12:00 AM,12/03/97 12:00 AM
175,572,02/10/93 12:00 AM,12/03/97 12:00 AM
175,275,02/09/93 12:00 AM,06/05/94 12:00 AM
175,150,02/09/93 12:00 AM,06/05/94 12:00 AM
175,275,06/10/94 12:00 AM,06/09/95 12:00 AM
175,160,06/10/94 12:00 AM,06/09/95 12:00 AM
175,282,06/14/95 12:00 AM,06/12/96 12:00 AM
175,163,06/14/95 12:00 AM,06/12/96 12:00 AM
175,286,06/17/96 12:00 AM,12/03/97 12:00 AM
175,168,06/17/96 12:00 AM,12/03/97 12:00 AM
175,575,02/10/93 12:00 AM,12/03/97 12:00 AM
175,575,02/10/93 12:00 AM,12/03/97 12:00 AM
175,574,02/10/93 12:00 AM,12/03/97 12:00 AM
175,574,02/10/93 12:00 AM,12/03/97 12:00 AM
175,368,02/09/93 12:00 AM,06/05/94 12:00 AM
175,321,02/09/93 12:00 AM,06/05/94 12:00 AM
175,318,02/09/93 12:00 AM,06/05/94 12:00 AM
175,194,02/09/93 12:00 AM,06/05/94 12:00 AM
175,160,02/09/93 12:00 AM,06/05/94 12:00 AM
175,127,02/09/93 12:00 AM,06/05/94 12:00 AM
175,368,06/10/94 12:00 AM,06/09/95 12:00 AM
175,324,06/10/94 12:00 AM,06/09/95 12:00 AM
175,321,06/10/94 12:00 AM,06/09/95 12:00 AM
175,210,06/10/94 12:00 AM,06/09/95 12:00 AM
175,167,06/10/94 12:00 AM,06/09/95 12:00 AM
175,138,06/10/94 12:00 AM,06/09/95 12:00 AM
175,372,06/14/95 12:00 AM,06/12/96 12:00 AM
175,329,06/14/95 12:00 AM,06/12/96 12:00 AM
175,325,06/14/95 12:00 AM,06/12/96 12:00 AM
175,213,06/14/95 12:00 AM,06/12/96 12:00 AM
175,171,06/14/95 12:00 AM,06/12/96 12:00 AM
175,141,06/14/95 12:00 AM,06/12/96 12:00 AM
175,374,06/17/96 12:00 AM,12/03/97 12:00 AM
175,332,06/17/96 12:00 AM,12/03/97 12:00 AM
175,329,06/17/96 12:00 AM,12/03/97 12:00 AM
175,213,06/17/96 12:00 AM,12/03/97 12:00 AM
175,171,06/17/96 12:00 AM,12/03/97 12:00 AM
175,150,06/17/96 12:00 AM,12/03/97 12:00 AM
175,26,02/09/93 12:00 AM,06/05/94 12:00 AM
175,60,06/10/94 12:00 AM,06/09/95 12:00 AM
175,70,06/14/95 12:00 AM,06/12/96 12:00 AM
175,70,06/17/96 12:00 AM,12/03/97 12:00 AM
176,2,02/09/93 12:00 AM,06/05/94 12:00 AM
176,14,06/10/94 12:00 AM,06/09/95 12:00 AM
176,14,06/14/95 12:00 AM,06/12/96 12:00 AM
176,29,06/17/96 12:00 AM,12/03/97 12:00 AM
176,572,02/10/93 12:00 AM,12/03/97 12:00 AM
176,572,02/10/93 12:00 AM,12/03/97 12:00 AM
176,572,02/10/93 12:00 AM,12/03/97 12:00 AM
176,572,02/10/93 12:00 AM,12/03/97 12:00 AM
176,275,02/09/93 12:00 AM,06/05/94 12:00 AM
176,150,02/09/93 12:00 AM,06/05/94 12:00 AM
176,275,06/10/94 12:00 AM,06/09/95 12:00 AM
176,160,06/10/94 12:00 AM,06/09/95 12:00 AM
176,282,06/14/95 12:00 AM,06/12/96 12:00 AM
176,163,06/14/95 12:00 AM,06/12/96 12:00 AM
176,286,06/17/96 12:00 AM,12/03/97 12:00 AM
176,168,06/17/96 12:00 AM,12/03/97 12:00 AM
176,575,02/10/93 12:00 AM,12/03/97 12:00 AM
176,575,02/10/93 12:00 AM,12/03/97 12:00 AM
176,574,02/10/93 12:00 AM,12/03/97 12:00 AM
176,574,02/10/93 12:00 AM,12/03/97 12:00 AM
176,368,02/09/93 12:00 AM,06/05/94 12:00 AM
176,321,02/09/93 12:00 AM,06/05/94 12:00 AM
176,318,02/09/93 12:00 AM,06/05/94 12:00 AM
176,194,02/09/93 12:00 AM,06/05/94 12:00 AM
176,160,02/09/93 12:00 AM,06/05/94 12:00 AM
176,127,02/09/93 12:00 AM,06/05/94 12:00 AM
176,368,06/10/94 12:00 AM,06/09/95 12:00 AM
176,324,06/10/94 12:00 AM,06/09/95 12:00 AM
176,321,06/10/94 12:00 AM,06/09/95 12:00 AM
176,210,06/10/94 12:00 AM,06/09/95 12:00 AM
176,167,06/10/94 12:00 AM,06/09/95 12:00 AM
176,138,06/10/94 12:00 AM,06/09/95 12:00 AM
176,372,06/14/95 12:00 AM,06/12/96 12:00 AM
176,329,06/14/95 12:00 AM,06/12/96 12:00 AM
176,325,06/14/95 12:00 AM,06/12/96 12:00 AM
176,213,06/14/95 12:00 AM,06/12/96 12:00 AM
176,171,06/14/95 12:00 AM,06/12/96 12:00 AM
176,141,06/14/95 12:00 AM,06/12/96 12:00 AM
176,374,06/17/96 12:00 AM,12/03/97 12:00 AM
176,332,06/17/96 12:00 AM,12/03/97 12:00 AM
176,329,06/17/96 12:00 AM,12/03/97 12:00 AM
176,213,06/17/96 12:00 AM,12/03/97 12:00 AM
176,171,06/17/96 12:00 AM,12/03/97 12:00 AM
176,150,06/17/96 12:00 AM,12/03/97 12:00 AM
176,26,02/09/93 12:00 AM,06/05/94 12:00 AM
176,60,06/10/94 12:00 AM,06/09/95 12:00 AM
176,70,06/14/95 12:00 AM,06/12/96 12:00 AM
176,70,06/17/96 12:00 AM,12/03/97 12:00 AM
177,148,02/10/93 12:00 AM,12/03/97 12:00 AM
177,561,02/10/93 12:00 AM,12/03/97 12:00 AM
177,380,02/10/93 12:00 AM,12/03/97 12:00 AM
177,164,02/10/93 12:00 AM,12/03/97 12:00 AM
177,104,02/10/93 12:00 AM,08/03/95 12:00 AM
177,127,02/10/93 12:00 AM,03/12/96 12:00 AM
177,178,02/10/93 12:00 AM,02/17/97 12:00 AM
177,367,08/04/95 12:00 AM,12/03/97 12:00 AM
177,347,02/18/97 12:00 AM,12/03/97 12:00 AM
177,249,03/13/96 12:00 AM,12/03/97 12:00 AM
177,175,02/10/93 12:00 AM,12/03/97 12:00 AM
177,141,02/10/93 12:00 AM,12/03/97 12:00 AM
177,123,02/10/93 12:00 AM,12/03/97 12:00 AM
177,365,02/10/93 12:00 AM,12/03/97 12:00 AM
178,170,02/03/93 12:00 AM,12/03/97 12:00 AM
178,571,02/10/93 12:00 AM,12/03/97 12:00 AM
178,177,02/03/93 12:00 AM,08/15/94 12:00 AM
178,385,02/03/93 12:00 AM,12/03/97 12:00 AM
178,329,08/16/94 12:00 AM,12/03/97 12:00 AM
178,124,02/03/93 12:00 AM,04/23/95 12:00 AM
178,211,02/03/93 12:00 AM,08/15/95 12:00 AM
178,60,02/03/93 12:00 AM,05/05/96 12:00 AM
178,381,05/06/96 12:00 AM,12/03/97 12:00 AM
178,329,08/16/95 12:00 AM,12/03/97 12:00 AM
178,271,04/24/95 12:00 AM,12/03/97 12:00 AM
178,166,02/03/93 12:00 AM,12/03/97 12:00 AM
178,139,02/03/93 12:00 AM,12/03/97 12:00 AM
178,104,02/03/93 12:00 AM,12/03/97 12:00 AM
178,382,02/03/93 12:00 AM,01/14/95 12:00 AM
178,329,08/16/94 12:00 AM,12/03/97 12:00 AM
179,126,01/17/98 12:00 AM,09/27/00 12:00 AM
179,336,09/28/00 12:00 AM,11/25/02 12:00 AM
179,554,01/17/98 12:00 AM,11/25/02 12:00 AM
179,376,01/17/98 12:00 AM,11/25/02 12:00 AM
179,483,01/17/98 12:00 AM,11/25/02 12:00 AM
179,126,01/17/98 12:00 AM,11/25/02 12:00 AM
179,193,01/17/98 12:00 AM,11/25/02 12:00 AM
179,243,01/17/98 12:00 AM,11/25/02 12:00 AM
179,395,01/17/98 12:00 AM,11/25/02 12:00 AM
179,338,01/17/98 12:00 AM,11/15/01 12:00 AM
179,103,01/17/98 12:00 AM,02/05/01 12:00 AM
179,476,02/06/01 12:00 AM,11/25/02 12:00 AM
179,14,11/16/01 12:00 AM,11/25/02 12:00 AM
179,61,01/17/98 12:00 AM,11/25/02 12:00 AM
180,129,01/30/88 12:00 AM,07/27/00 12:00 AM
180,340,07/28/00 12:00 AM,11/25/02 12:00 AM
180,581,01/17/98 12:00 AM,11/25/02 12:00 AM
180,363,01/30/88 12:00 AM,11/25/02 12:00 AM
180,470,01/30/88 12:00 AM,11/25/02 12:00 AM
180,75,01/30/88 12:00 AM,11/25/02 12:00 AM
180,168,01/30/88 12:00 AM,11/25/02 12:00 AM
180,249,01/30/88 12:00 AM,11/25/02 12:00 AM
180,404,01/30/88 12:00 AM,11/25/02 12:00 AM
180,130,01/30/88 12:00 AM,05/25/01 12:00 AM
180,342,01/30/88 12:00 AM,01/15/01 12:00 AM
180,50,01/16/01 12:00 AM,11/25/02 12:00 AM
180,481,05/26/01 12:00 AM,11/25/02 12:00 AM
180,98,01/30/88 12:00 AM,11/25/02 12:00 AM
181,130,01/17/98 12:00 AM,03/27/01 12:00 AM
181,341,03/28/01 12:00 AM,11/25/02 12:00 AM
181,561,01/17/98 12:00 AM,11/25/02 12:00 AM
181,365,01/30/88 12:00 AM,11/25/02 12:00 AM
181,471,01/30/88 12:00 AM,11/25/02 12:00 AM
181,96,01/30/88 12:00 AM,11/25/02 12:00 AM
181,174,01/30/88 12:00 AM,11/25/02 12:00 AM
181,257,01/30/88 12:00 AM,11/25/02 12:00 AM
181,405,01/30/88 12:00 AM,11/25/02 12:00 AM
181,343,01/30/88 12:00 AM,01/15/02 12:00 AM
181,137,01/30/88 12:00 AM,05/22/01 12:00 AM
181,482,05/23/01 12:00 AM,11/25/02 12:00 AM
181,72,01/16/02 12:00 AM,11/25/02 12:00 AM
181,103,01/30/88 12:00 AM,11/25/02 12:00 AM
182,137,01/17/98 12:00 AM,06/17/01 12:00 AM
182,342,06/18/01 12:00 AM,11/25/02 12:00 AM
182,575,01/17/98 12:00 AM,11/25/02 12:00 AM
182,367,01/17/98 12:00 AM,11/25/02 12:00 AM
182,472,01/17/98 12:00 AM,11/25/02 12:00 AM
182,97,01/17/98 12:00 AM,11/25/02 12:00 AM
182,175,01/17/98 12:00 AM,11/25/02 12:00 AM
182,258,01/17/98 12:00 AM,11/25/02 12:00 AM
182,406,01/17/98 12:00 AM,11/25/02 12:00 AM
182,138,01/17/98 12:00 AM,01/20/02 12:00 AM
182,344,01/17/98 12:00 AM,03/25/01 12:00 AM
182,73,03/26/01 12:00 AM,11/25/02 12:00 AM
182,483,01/21/02 12:00 AM,11/25/02 12:00 AM
182,124,01/17/98 12:00 AM,11/25/02 12:00 AM
183,161,01/15/98 12:00 AM,06/12/99 12:00 AM
183,5,06/17/99 12:00 AM,06/15/00 12:00 AM
183,25,06/20/00 12:00 AM,06/19/01 12:00 AM
183,50,06/24/01 12:00 AM,11/25/02 12:00 AM
183,572,01/17/98 12:00 AM,11/25/02 12:00 AM
183,572,01/17/98 12:00 AM,11/25/02 12:00 AM
183,572,01/17/98 12:00 AM,11/25/02 12:00 AM
183,572,01/17/98 12:00 AM,11/25/02 12:00 AM
183,343,01/15/98 12:00 AM,06/12/99 12:00 AM
183,409,01/15/98 12:00 AM,06/12/99 12:00 AM
183,352,06/17/99 12:00 AM,06/15/00 12:00 AM
183,412,06/17/99 12:00 AM,06/15/00 12:00 AM
183,360,06/20/00 12:00 AM,06/19/01 12:00 AM
183,412,06/20/00 12:00 AM,06/19/01 12:00 AM
183,367,06/24/01 12:00 AM,11/25/02 12:00 AM
183,413,06/24/01 12:00 AM,11/25/02 12:00 AM
183,539,01/17/98 12:00 AM,11/25/02 12:00 AM
183,539,01/17/98 12:00 AM,11/25/02 12:00 AM
183,544,01/17/98 12:00 AM,11/25/02 12:00 AM
183,556,01/17/98 12:00 AM,11/25/02 12:00 AM
183,103,01/15/98 12:00 AM,06/12/99 12:00 AM
183,137,01/15/98 12:00 AM,06/12/99 12:00 AM
183,269,01/15/98 12:00 AM,06/12/99 12:00 AM
183,354,01/15/98 12:00 AM,06/12/99 12:00 AM
183,439,01/15/98 12:00 AM,06/12/99 12:00 AM
183,482,01/15/98 12:00 AM,06/12/99 12:00 AM
183,137,06/17/99 12:00 AM,06/15/00 12:00 AM
183,151,06/17/99 12:00 AM,06/15/00 12:00 AM
183,269,06/17/99 12:00 AM,06/15/00 12:00 AM
183,354,06/17/99 12:00 AM,06/15/00 12:00 AM
183,443,06/17/99 12:00 AM,06/15/00 12:00 AM
183,476,06/17/99 12:00 AM,06/15/00 12:00 AM
183,150,06/20/00 12:00 AM,06/19/01 12:00 AM
183,175,06/20/00 12:00 AM,06/19/01 12:00 AM
183,285,06/20/00 12:00 AM,06/19/01 12:00 AM
183,367,06/20/00 12:00 AM,06/19/01 12:00 AM
183,445,06/20/00 12:00 AM,06/19/01 12:00 AM
183,483,06/20/00 12:00 AM,06/19/01 12:00 AM
183,166,06/24/01 12:00 AM,11/25/02 12:00 AM
183,192,06/24/01 12:00 AM,11/25/02 12:00 AM
183,288,06/24/01 12:00 AM,11/25/02 12:00 AM
183,367,06/24/01 12:00 AM,11/25/02 12:00 AM
183,445,06/24/01 12:00 AM,11/25/02 12:00 AM
183,476,06/24/01 12:00 AM,11/25/02 12:00 AM
183,5,01/15/98 12:00 AM,06/12/99 12:00 AM
183,61,06/17/99 12:00 AM,06/15/00 12:00 AM
183,61,06/20/00 12:00 AM,06/19/01 12:00 AM
183,61,06/24/01 12:00 AM,11/25/02 12:00 AM
184,161,01/15/98 12:00 AM,06/12/99 12:00 AM
184,5,06/17/99 12:00 AM,06/15/00 12:00 AM
184,25,06/20/00 12:00 AM,06/19/01 12:00 AM
184,50,06/24/01 12:00 AM,11/25/02 12:00 AM
184,572,01/17/98 12:00 AM,11/25/02 12:00 AM
184,572,01/17/98 12:00 AM,11/25/02 12:00 AM
184,572,01/17/98 12:00 AM,11/25/02 12:00 AM
184,572,01/17/98 12:00 AM,11/25/02 12:00 AM
184,343,01/15/98 12:00 AM,06/12/99 12:00 AM
184,409,01/15/98 12:00 AM,06/12/99 12:00 AM
184,352,06/17/99 12:00 AM,06/15/00 12:00 AM
184,412,06/17/99 12:00 AM,06/15/00 12:00 AM
184,360,06/20/00 12:00 AM,06/19/01 12:00 AM
184,412,06/20/00 12:00 AM,06/19/01 12:00 AM
184,367,06/24/01 12:00 AM,11/25/02 12:00 AM
184,413,06/24/01 12:00 AM,11/25/02 12:00 AM
184,539,01/17/98 12:00 AM,11/25/02 12:00 AM
184,539,01/17/98 12:00 AM,11/25/02 12:00 AM
184,544,01/17/98 12:00 AM,11/25/02 12:00 AM
184,556,01/17/98 12:00 AM,11/25/02 12:00 AM
184,103,01/15/98 12:00 AM,06/12/99 12:00 AM
184,137,01/15/98 12:00 AM,06/12/99 12:00 AM
184,269,01/15/98 12:00 AM,06/12/99 12:00 AM
184,354,01/15/98 12:00 AM,06/12/99 12:00 AM
184,439,01/15/98 12:00 AM,06/12/99 12:00 AM
184,482,01/15/98 12:00 AM,06/12/99 12:00 AM
184,137,06/17/99 12:00 AM,06/15/00 12:00 AM
184,151,06/17/99 12:00 AM,06/15/00 12:00 AM
184,269,06/17/99 12:00 AM,06/15/00 12:00 AM
184,354,06/17/99 12:00 AM,06/15/00 12:00 AM
184,443,06/17/99 12:00 AM,06/15/00 12:00 AM
184,476,06/17/99 12:00 AM,06/15/00 12:00 AM
184,150,06/20/00 12:00 AM,06/19/01 12:00 AM
184,175,06/20/00 12:00 AM,06/19/01 12:00 AM
184,285,06/20/00 12:00 AM,06/19/01 12:00 AM
184,367,06/20/00 12:00 AM,06/19/01 12:00 AM
184,445,06/20/00 12:00 AM,06/19/01 12:00 AM
184,483,06/20/00 12:00 AM,06/19/01 12:00 AM
184,166,06/24/01 12:00 AM,11/25/02 12:00 AM
184,192,06/24/01 12:00 AM,11/25/02 12:00 AM
184,288,06/24/01 12:00 AM,11/25/02 12:00 AM
184,367,06/24/01 12:00 AM,11/25/02 12:00 AM
184,445,06/24/01 12:00 AM,11/25/02 12:00 AM
184,476,06/24/01 12:00 AM,11/25/02 12:00 AM
184,5,01/15/98 12:00 AM,06/12/99 12:00 AM
184,61,06/17/99 12:00 AM,06/15/00 12:00 AM
184,61,06/20/00 12:00 AM,06/19/01 12:00 AM
184,61,06/24/01 12:00 AM,11/25/02 12:00 AM
185,161,01/15/98 12:00 AM,06/12/99 12:00 AM
185,5,06/17/99 12:00 AM,06/15/00 12:00 AM
185,25,06/20/00 12:00 AM,06/19/01 12:00 AM
185,50,06/24/01 12:00 AM,11/25/02 12:00 AM
185,572,01/17/98 12:00 AM,11/25/02 12:00 AM
185,572,01/17/98 12:00 AM,11/25/02 12:00 AM
185,572,01/17/98 12:00 AM,11/25/02 12:00 AM
185,572,01/17/98 12:00 AM,11/25/02 12:00 AM
185,343,01/15/98 12:00 AM,06/12/99 12:00 AM
185,409,01/15/98 12:00 AM,06/12/99 12:00 AM
185,352,06/17/99 12:00 AM,06/15/00 12:00 AM
185,412,06/17/99 12:00 AM,06/15/00 12:00 AM
185,360,06/20/00 12:00 AM,06/19/01 12:00 AM
185,412,06/20/00 12:00 AM,06/19/01 12:00 AM
185,367,06/24/01 12:00 AM,11/25/02 12:00 AM
185,413,06/24/01 12:00 AM,11/25/02 12:00 AM
185,539,01/17/98 12:00 AM,11/25/02 12:00 AM
185,539,01/17/98 12:00 AM,11/25/02 12:00 AM
185,544,01/17/98 12:00 AM,11/25/02 12:00 AM
185,556,01/17/98 12:00 AM,11/25/02 12:00 AM
185,103,01/15/98 12:00 AM,06/12/99 12:00 AM
185,137,01/15/98 12:00 AM,06/12/99 12:00 AM
185,269,01/15/98 12:00 AM,06/12/99 12:00 AM
185,354,01/15/98 12:00 AM,06/12/99 12:00 AM
185,439,01/15/98 12:00 AM,06/12/99 12:00 AM
185,482,01/15/98 12:00 AM,06/12/99 12:00 AM
185,137,06/17/99 12:00 AM,06/15/00 12:00 AM
185,151,06/17/99 12:00 AM,06/15/00 12:00 AM
185,269,06/17/99 12:00 AM,06/15/00 12:00 AM
185,354,06/17/99 12:00 AM,06/15/00 12:00 AM
185,443,06/17/99 12:00 AM,06/15/00 12:00 AM
185,476,06/17/99 12:00 AM,06/15/00 12:00 AM
185,150,06/20/00 12:00 AM,06/19/01 12:00 AM
185,175,06/20/00 12:00 AM,06/19/01 12:00 AM
185,285,06/20/00 12:00 AM,06/19/01 12:00 AM
185,367,06/20/00 12:00 AM,06/19/01 12:00 AM
185,445,06/20/00 12:00 AM,06/19/01 12:00 AM
185,483,06/20/00 12:00 AM,06/19/01 12:00 AM
185,166,06/24/01 12:00 AM,11/25/02 12:00 AM
185,192,06/24/01 12:00 AM,11/25/02 12:00 AM
185,288,06/24/01 12:00 AM,11/25/02 12:00 AM
185,367,06/24/01 12:00 AM,11/25/02 12:00 AM
185,445,06/24/01 12:00 AM,11/25/02 12:00 AM
185,476,06/24/01 12:00 AM,11/25/02 12:00 AM
185,5,01/15/98 12:00 AM,06/12/99 12:00 AM
185,61,06/17/99 12:00 AM,06/15/00 12:00 AM
185,61,06/20/00 12:00 AM,06/19/01 12:00 AM
185,61,06/24/01 12:00 AM,11/25/02 12:00 AM
186,161,01/15/98 12:00 AM,06/12/99 12:00 AM
186,5,06/17/99 12:00 AM,06/15/00 12:00 AM
186,25,06/20/00 12:00 AM,06/19/01 12:00 AM
186,50,06/24/01 12:00 AM,11/25/02 12:00 AM
186,572,01/17/98 12:00 AM,11/25/02 12:00 AM
186,572,01/17/98 12:00 AM,11/25/02 12:00 AM
186,572,01/17/98 12:00 AM,11/25/02 12:00 AM
186,572,01/17/98 12:00 AM,11/25/02 12:00 AM
186,343,01/15/98 12:00 AM,06/12/99 12:00 AM
186,409,01/15/98 12:00 AM,06/12/99 12:00 AM
186,352,06/17/99 12:00 AM,06/15/00 12:00 AM
186,412,06/17/99 12:00 AM,06/15/00 12:00 AM
186,360,06/20/00 12:00 AM,06/19/01 12:00 AM
186,412,06/20/00 12:00 AM,06/19/01 12:00 AM
186,367,06/24/01 12:00 AM,11/25/02 12:00 AM
186,413,06/24/01 12:00 AM,11/25/02 12:00 AM
186,539,01/17/98 12:00 AM,11/25/02 12:00 AM
186,539,01/17/98 12:00 AM,11/25/02 12:00 AM
186,544,01/17/98 12:00 AM,11/25/02 12:00 AM
186,556,01/17/98 12:00 AM,11/25/02 12:00 AM
186,103,01/15/98 12:00 AM,06/12/99 12:00 AM
186,137,01/15/98 12:00 AM,06/12/99 12:00 AM
186,269,01/15/98 12:00 AM,06/12/99 12:00 AM
186,354,01/15/98 12:00 AM,06/12/99 12:00 AM
186,439,01/15/98 12:00 AM,06/12/99 12:00 AM
186,482,01/15/98 12:00 AM,06/12/99 12:00 AM
186,137,06/17/99 12:00 AM,06/15/00 12:00 AM
186,151,06/17/99 12:00 AM,06/15/00 12:00 AM
186,269,06/17/99 12:00 AM,06/15/00 12:00 AM
186,354,06/17/99 12:00 AM,06/15/00 12:00 AM
186,443,06/17/99 12:00 AM,06/15/00 12:00 AM
186,476,06/17/99 12:00 AM,06/15/00 12:00 AM
186,150,06/20/00 12:00 AM,06/19/01 12:00 AM
186,175,06/20/00 12:00 AM,06/19/01 12:00 AM
186,285,06/20/00 12:00 AM,06/19/01 12:00 AM
186,367,06/20/00 12:00 AM,06/19/01 12:00 AM
186,445,06/20/00 12:00 AM,06/19/01 12:00 AM
186,483,06/20/00 12:00 AM,06/19/01 12:00 AM
186,166,06/24/01 12:00 AM,11/25/02 12:00 AM
186,192,06/24/01 12:00 AM,11/25/02 12:00 AM
186,288,06/24/01 12:00 AM,11/25/02 12:00 AM
186,367,06/24/01 12:00 AM,11/25/02 12:00 AM
186,445,06/24/01 12:00 AM,11/25/02 12:00 AM
186,476,06/24/01 12:00 AM,11/25/02 12:00 AM
186,5,01/15/98 12:00 AM,06/12/99 12:00 AM
186,61,06/17/99 12:00 AM,06/15/00 12:00 AM
186,61,06/20/00 12:00 AM,06/19/01 12:00 AM
186,61,06/24/01 12:00 AM,11/25/02 12:00 AM
187,399,01/15/98 12:00 AM,06/12/99 12:00 AM
187,400,06/17/99 12:00 AM,06/15/00 12:00 AM
187,405,06/20/00 12:00 AM,06/19/01 12:00 AM
187,409,06/24/01 12:00 AM,11/25/02 12:00 AM
187,571,01/17/98 12:00 AM,11/25/02 12:00 AM
187,571,01/17/98 12:00 AM,11/25/02 12:00 AM
187,571,01/17/98 12:00 AM,11/25/02 12:00 AM
187,571,01/17/98 12:00 AM,11/25/02 12:00 AM
187,481,01/15/98 12:00 AM,06/12/99 12:00 AM
187,483,01/15/98 12:00 AM,06/12/99 12:00 AM
187,477,06/17/99 12:00 AM,06/15/00 12:00 AM
187,483,06/17/99 12:00 AM,06/15/00 12:00 AM
187,342,06/20/00 12:00 AM,06/19/01 12:00 AM
187,342,06/20/00 12:00 AM,06/19/01 12:00 AM
187,345,06/24/01 12:00 AM,11/25/02 12:00 AM
187,352,06/24/01 12:00 AM,11/25/02 12:00 AM
187,544,01/17/98 12:00 AM,11/25/02 12:00 AM
187,556,01/17/98 12:00 AM,11/25/02 12:00 AM
187,539,01/17/98 12:00 AM,11/25/02 12:00 AM
187,539,01/17/98 12:00 AM,11/25/02 12:00 AM
187,2,01/15/98 12:00 AM,06/12/99 12:00 AM
187,103,01/15/98 12:00 AM,06/12/99 12:00 AM
187,139,01/15/98 12:00 AM,06/12/99 12:00 AM
187,437,01/15/98 12:00 AM,06/12/99 12:00 AM
187,445,01/15/98 12:00 AM,06/12/99 12:00 AM
187,476,01/15/98 12:00 AM,06/12/99 12:00 AM
187,96,06/17/99 12:00 AM,06/15/00 12:00 AM
187,196,06/17/99 12:00 AM,06/15/00 12:00 AM
187,208,06/17/99 12:00 AM,06/15/00 12:00 AM
187,248,06/17/99 12:00 AM,06/15/00 12:00 AM
187,439,06/17/99 12:00 AM,06/15/00 12:00 AM
187,478,06/17/99 12:00 AM,06/15/00 12:00 AM
187,208,06/20/00 12:00 AM,06/19/01 12:00 AM
187,235,06/20/00 12:00 AM,06/19/01 12:00 AM
187,248,06/20/00 12:00 AM,06/19/01 12:00 AM
187,321,06/20/00 12:00 AM,06/19/01 12:00 AM
187,343,06/20/00 12:00 AM,06/19/01 12:00 AM
187,345,06/20/00 12:00 AM,06/19/01 12:00 AM
187,208,06/24/01 12:00 AM,11/25/02 12:00 AM
187,244,06/24/01 12:00 AM,11/25/02 12:00 AM
187,248,06/24/01 12:00 AM,11/25/02 12:00 AM
187,330,06/24/01 12:00 AM,11/25/02 12:00 AM
187,344,06/24/01 12:00 AM,11/25/02 12:00 AM
187,345,06/24/01 12:00 AM,11/25/02 12:00 AM
187,62,01/15/98 12:00 AM,06/12/99 12:00 AM
187,72,06/17/99 12:00 AM,06/15/00 12:00 AM
187,399,06/20/00 12:00 AM,06/19/01 12:00 AM
187,399,06/24/01 12:00 AM,11/25/02 12:00 AM
188,399,01/15/98 12:00 AM,06/12/99 12:00 AM
188,400,06/17/99 12:00 AM,06/15/00 12:00 AM
188,405,06/20/00 12:00 AM,06/19/01 12:00 AM
188,409,06/24/01 12:00 AM,11/25/02 12:00 AM
188,571,01/17/98 12:00 AM,11/25/02 12:00 AM
188,571,01/17/98 12:00 AM,11/25/02 12:00 AM
188,571,01/17/98 12:00 AM,11/25/02 12:00 AM
188,571,01/17/98 12:00 AM,11/25/02 12:00 AM
188,481,01/15/98 12:00 AM,06/12/99 12:00 AM
188,483,01/15/98 12:00 AM,06/12/99 12:00 AM
188,477,06/17/99 12:00 AM,06/15/00 12:00 AM
188,483,06/17/99 12:00 AM,06/15/00 12:00 AM
188,342,06/20/00 12:00 AM,06/19/01 12:00 AM
188,342,06/20/00 12:00 AM,06/19/01 12:00 AM
188,345,06/24/01 12:00 AM,11/25/02 12:00 AM
188,352,06/24/01 12:00 AM,11/25/02 12:00 AM
188,544,01/17/98 12:00 AM,11/25/02 12:00 AM
188,556,01/17/98 12:00 AM,11/25/02 12:00 AM
188,539,01/17/98 12:00 AM,11/25/02 12:00 AM
188,539,01/17/98 12:00 AM,11/25/02 12:00 AM
188,2,01/15/98 12:00 AM,06/12/99 12:00 AM
188,103,01/15/98 12:00 AM,06/12/99 12:00 AM
188,139,01/15/98 12:00 AM,06/12/99 12:00 AM
188,437,01/15/98 12:00 AM,06/12/99 12:00 AM
188,445,01/15/98 12:00 AM,06/12/99 12:00 AM
188,476,01/15/98 12:00 AM,06/12/99 12:00 AM
188,96,06/17/99 12:00 AM,06/15/00 12:00 AM
188,196,06/17/99 12:00 AM,06/15/00 12:00 AM
188,208,06/17/99 12:00 AM,06/15/00 12:00 AM
188,248,06/17/99 12:00 AM,06/15/00 12:00 AM
188,439,06/17/99 12:00 AM,06/15/00 12:00 AM
188,478,06/17/99 12:00 AM,06/15/00 12:00 AM
188,208,06/20/00 12:00 AM,06/19/01 12:00 AM
188,235,06/20/00 12:00 AM,06/19/01 12:00 AM
188,248,06/20/00 12:00 AM,06/19/01 12:00 AM
188,321,06/20/00 12:00 AM,06/19/01 12:00 AM
188,343,06/20/00 12:00 AM,06/19/01 12:00 AM
188,345,06/20/00 12:00 AM,06/19/01 12:00 AM
188,208,06/24/01 12:00 AM,11/25/02 12:00 AM
188,244,06/24/01 12:00 AM,11/25/02 12:00 AM
188,248,06/24/01 12:00 AM,11/25/02 12:00 AM
188,330,06/24/01 12:00 AM,11/25/02 12:00 AM
188,344,06/24/01 12:00 AM,11/25/02 12:00 AM
188,345,06/24/01 12:00 AM,11/25/02 12:00 AM
188,62,01/15/98 12:00 AM,06/12/99 12:00 AM
188,72,06/17/99 12:00 AM,06/15/00 12:00 AM
188,399,06/20/00 12:00 AM,06/19/01 12:00 AM
188,399,06/24/01 12:00 AM,11/25/02 12:00 AM
189,399,01/15/98 12:00 AM,06/12/99 12:00 AM
189,400,06/17/99 12:00 AM,06/15/00 12:00 AM
189,405,06/20/00 12:00 AM,06/19/01 12:00 AM
189,409,06/24/01 12:00 AM,11/25/02 12:00 AM
189,571,01/17/98 12:00 AM,11/25/02 12:00 AM
189,571,01/17/98 12:00 AM,11/25/02 12:00 AM
189,571,01/17/98 12:00 AM,11/25/02 12:00 AM
189,571,01/17/98 12:00 AM,11/25/02 12:00 AM
189,481,01/15/98 12:00 AM,06/12/99 12:00 AM
189,483,01/15/98 12:00 AM,06/12/99 12:00 AM
189,477,06/17/99 12:00 AM,06/15/00 12:00 AM
189,483,06/17/99 12:00 AM,06/15/00 12:00 AM
189,342,06/20/00 12:00 AM,06/19/01 12:00 AM
189,342,06/20/00 12:00 AM,06/19/01 12:00 AM
189,345,06/24/01 12:00 AM,11/25/02 12:00 AM
189,352,06/24/01 12:00 AM,11/25/02 12:00 AM
189,544,01/17/98 12:00 AM,11/25/02 12:00 AM
189,556,01/17/98 12:00 AM,11/25/02 12:00 AM
189,539,01/17/98 12:00 AM,11/25/02 12:00 AM
189,539,01/17/98 12:00 AM,11/25/02 12:00 AM
189,2,01/15/98 12:00 AM,06/12/99 12:00 AM
189,103,01/15/98 12:00 AM,06/12/99 12:00 AM
189,139,01/15/98 12:00 AM,06/12/99 12:00 AM
189,437,01/15/98 12:00 AM,06/12/99 12:00 AM
189,445,01/15/98 12:00 AM,06/12/99 12:00 AM
189,476,01/15/98 12:00 AM,06/12/99 12:00 AM
189,96,06/17/99 12:00 AM,06/15/00 12:00 AM
189,196,06/17/99 12:00 AM,06/15/00 12:00 AM
189,208,06/17/99 12:00 AM,06/15/00 12:00 AM
189,248,06/17/99 12:00 AM,06/15/00 12:00 AM
189,439,06/17/99 12:00 AM,06/15/00 12:00 AM
189,478,06/17/99 12:00 AM,06/15/00 12:00 AM
189,208,06/20/00 12:00 AM,06/19/01 12:00 AM
189,235,06/20/00 12:00 AM,06/19/01 12:00 AM
189,248,06/20/00 12:00 AM,06/19/01 12:00 AM
189,321,06/20/00 12:00 AM,06/19/01 12:00 AM
189,343,06/20/00 12:00 AM,06/19/01 12:00 AM
189,345,06/20/00 12:00 AM,06/19/01 12:00 AM
189,208,06/24/01 12:00 AM,11/25/02 12:00 AM
189,244,06/24/01 12:00 AM,11/25/02 12:00 AM
189,248,06/24/01 12:00 AM,11/25/02 12:00 AM
189,330,06/24/01 12:00 AM,11/25/02 12:00 AM
189,344,06/24/01 12:00 AM,11/25/02 12:00 AM
189,345,06/24/01 12:00 AM,11/25/02 12:00 AM
189,62,01/15/98 12:00 AM,06/12/99 12:00 AM
189,72,06/17/99 12:00 AM,06/15/00 12:00 AM
189,399,06/20/00 12:00 AM,06/19/01 12:00 AM
189,399,06/24/01 12:00 AM,11/25/02 12:00 AM
190,399,01/15/98 12:00 AM,06/12/99 12:00 AM
190,400,06/17/99 12:00 AM,06/15/00 12:00 AM
190,405,06/20/00 12:00 AM,06/19/01 12:00 AM
190,409,06/24/01 12:00 AM,11/25/02 12:00 AM
190,571,01/17/98 12:00 AM,11/25/02 12:00 AM
190,571,01/17/98 12:00 AM,11/25/02 12:00 AM
190,571,01/17/98 12:00 AM,11/25/02 12:00 AM
190,571,01/17/98 12:00 AM,11/25/02 12:00 AM
190,481,01/15/98 12:00 AM,06/12/99 12:00 AM
190,483,01/15/98 12:00 AM,06/12/99 12:00 AM
190,477,06/17/99 12:00 AM,06/15/00 12:00 AM
190,483,06/17/99 12:00 AM,06/15/00 12:00 AM
190,342,06/20/00 12:00 AM,06/19/01 12:00 AM
190,342,06/20/00 12:00 AM,06/19/01 12:00 AM
190,345,06/24/01 12:00 AM,11/25/02 12:00 AM
190,352,06/24/01 12:00 AM,11/25/02 12:00 AM
190,544,01/17/98 12:00 AM,11/25/02 12:00 AM
190,556,01/17/98 12:00 AM,11/25/02 12:00 AM
190,539,01/17/98 12:00 AM,11/25/02 12:00 AM
190,539,01/17/98 12:00 AM,11/25/02 12:00 AM
190,2,01/15/98 12:00 AM,06/12/99 12:00 AM
190,103,01/15/98 12:00 AM,06/12/99 12:00 AM
190,139,01/15/98 12:00 AM,06/12/99 12:00 AM
190,437,01/15/98 12:00 AM,06/12/99 12:00 AM
190,445,01/15/98 12:00 AM,06/12/99 12:00 AM
190,476,01/15/98 12:00 AM,06/12/99 12:00 AM
190,96,06/17/99 12:00 AM,06/15/00 12:00 AM
190,196,06/17/99 12:00 AM,06/15/00 12:00 AM
190,208,06/17/99 12:00 AM,06/15/00 12:00 AM
190,248,06/17/99 12:00 AM,06/15/00 12:00 AM
190,439,06/17/99 12:00 AM,06/15/00 12:00 AM
190,478,06/17/99 12:00 AM,06/15/00 12:00 AM
190,208,06/20/00 12:00 AM,06/19/01 12:00 AM
190,235,06/20/00 12:00 AM,06/19/01 12:00 AM
190,248,06/20/00 12:00 AM,06/19/01 12:00 AM
190,321,06/20/00 12:00 AM,06/19/01 12:00 AM
190,343,06/20/00 12:00 AM,06/19/01 12:00 AM
190,345,06/20/00 12:00 AM,06/19/01 12:00 AM
190,208,06/24/01 12:00 AM,11/25/02 12:00 AM
190,244,06/24/01 12:00 AM,11/25/02 12:00 AM
190,248,06/24/01 12:00 AM,11/25/02 12:00 AM
190,330,06/24/01 12:00 AM,11/25/02 12:00 AM
190,344,06/24/01 12:00 AM,11/25/02 12:00 AM
190,345,06/24/01 12:00 AM,11/25/02 12:00 AM
190,62,01/15/98 12:00 AM,06/12/99 12:00 AM
190,72,06/17/99 12:00 AM,06/15/00 12:00 AM
190,399,06/20/00 12:00 AM,06/19/01 12:00 AM
190,399,06/24/01 12:00 AM,11/25/02 12:00 AM
191,139,01/17/98 12:00 AM,07/27/01 12:00 AM
191,342,07/28/01 12:00 AM,01/25/02 12:00 AM
191,573,01/17/98 12:00 AM,11/25/02 12:00 AM
191,374,01/30/88 12:00 AM,01/25/02 12:00 AM
191,475,01/30/88 12:00 AM,01/25/02 12:00 AM
191,97,01/30/88 12:00 AM,01/25/02 12:00 AM
191,176,01/30/88 12:00 AM,01/25/02 12:00 AM
191,261,01/30/88 12:00 AM,01/25/02 12:00 AM
191,407,01/30/88 12:00 AM,01/25/02 12:00 AM
191,353,01/30/88 12:00 AM,11/15/01 12:00 AM
191,139,01/30/88 12:00 AM,05/02/01 12:00 AM
191,471,05/03/01 12:00 AM,01/25/02 12:00 AM
191,98,11/16/01 12:00 AM,01/25/02 12:00 AM
191,129,01/30/88 12:00 AM,01/25/02 12:00 AM
192,139,01/17/98 12:00 AM,06/17/01 12:00 AM
192,353,06/18/01 12:00 AM,11/25/02 12:00 AM
192,574,01/17/98 12:00 AM,11/25/02 12:00 AM
192,375,01/17/98 12:00 AM,11/25/02 12:00 AM
192,474,01/17/98 12:00 AM,11/25/02 12:00 AM
192,103,01/17/98 12:00 AM,11/25/02 12:00 AM
192,192,01/17/98 12:00 AM,11/25/02 12:00 AM
192,265,01/17/98 12:00 AM,11/25/02 12:00 AM
192,410,01/17/98 12:00 AM,11/25/02 12:00 AM
192,151,01/17/98 12:00 AM,01/20/02 12:00 AM
192,354,01/17/98 12:00 AM,03/25/01 12:00 AM
192,97,03/26/01 12:00 AM,11/25/02 12:00 AM
192,477,01/21/02 12:00 AM,11/25/02 12:00 AM
192,137,01/17/98 12:00 AM,11/25/02 12:00 AM
193,429,02/05/00 12:00 AM,11/25/01 12:00 AM
193,478,11/26/01 12:00 AM,11/25/02 12:00 AM
193,536,01/17/98 12:00 AM,11/25/02 12:00 AM
193,151,02/05/00 12:00 AM,11/25/02 12:00 AM
193,158,02/05/00 12:00 AM,11/25/02 12:00 AM
193,329,02/05/00 12:00 AM,11/25/02 12:00 AM
193,330,02/05/00 12:00 AM,11/25/02 12:00 AM
193,336,02/05/00 12:00 AM,11/25/02 12:00 AM
193,418,02/05/00 12:00 AM,11/25/02 12:00 AM
193,419,02/05/00 12:00 AM,11/25/02 12:00 AM
193,426,02/05/00 12:00 AM,11/25/02 12:00 AM
193,430,02/05/00 12:00 AM,11/25/02 12:00 AM
193,479,02/05/00 12:00 AM,11/25/02 12:00 AM
193,427,02/05/00 12:00 AM,11/25/02 12:00 AM
194,126,01/05/03 12:00 AM,
194,554,01/05/03 12:00 AM,
194,526,01/05/03 12:00 AM,11/28/04 12:00 AM
194,5,01/05/03 12:00 AM,
194,262,09/16/05 12:00 AM,
194,441,01/05/03 12:00 AM,02/05/06 12:00 AM
194,167,01/05/03 12:00 AM,09/15/05 12:00 AM
194,425,01/05/03 12:00 AM,01/05/05 12:00 AM
194,61,01/05/03 12:00 AM,
194,353,01/05/03 12:00 AM,
194,520,01/05/03 12:00 AM,
194,283,11/29/04 12:00 AM,
194,150,01/06/05 12:00 AM,
194,510,02/06/06 12:00 AM,
194,138,01/05/03 12:00 AM,
195,149,01/05/03 12:00 AM,
195,581,01/06/03 12:00 AM,
195,166,01/05/03 12:00 AM,08/15/04 12:00 AM
195,431,01/05/03 12:00 AM,
195,430,08/16/04 12:00 AM,
195,174,01/05/03 12:00 AM,07/14/06 12:00 AM
195,283,01/05/03 12:00 AM,01/15/06 12:00 AM
195,103,01/05/03 12:00 AM,04/25/05 12:00 AM
195,69,01/05/03 12:00 AM,
195,415,01/05/03 12:00 AM,
195,452,01/05/03 12:00 AM,
195,25,04/26/05 12:00 AM,
195,485,01/16/06 12:00 AM,
195,61,07/15/06 12:00 AM,
195,524,01/05/03 12:00 AM,05/05/05 12:00 AM
195,367,08/16/04 12:00 AM,
196,150,01/05/03 12:00 AM,
196,561,01/07/03 12:00 AM,
196,167,01/05/03 12:00 AM,08/15/05 12:00 AM
196,431,01/05/03 12:00 AM,
196,431,08/16/05 12:00 AM,
196,167,01/05/03 12:00 AM,07/15/06 12:00 AM
196,124,01/05/03 12:00 AM,08/23/05 12:00 AM
196,284,01/05/03 12:00 AM,03/05/04 12:00 AM
196,72,01/05/03 12:00 AM,
196,416,01/05/03 12:00 AM,
196,453,01/05/03 12:00 AM,
196,486,03/06/04 12:00 AM,
196,61,08/24/05 12:00 AM,
196,62,07/16/06 12:00 AM,
196,520,01/05/03 12:00 AM,05/05/05 12:00 AM
196,368,08/16/05 12:00 AM,
197,151,01/05/03 12:00 AM,
197,575,01/08/03 12:00 AM,
197,168,01/05/03 12:00 AM,
197,432,01/05/03 12:00 AM,
197,168,01/05/03 12:00 AM,12/17/06 12:00 AM
197,285,01/05/03 12:00 AM,08/03/06 12:00 AM
197,73,01/05/03 12:00 AM,11/12/05 12:00 AM
197,125,01/05/03 12:00 AM,
197,417,01/05/03 12:00 AM,
197,456,01/05/03 12:00 AM,
197,69,11/13/05 12:00 AM,
197,487,08/04/06 12:00 AM,
197,74,12/18/06 12:00 AM,
197,521,01/05/03 12:00 AM,
198,161,01/21/03 12:00 AM,06/09/04 12:00 AM
198,161,06/14/04 12:00 AM,06/13/05 12:00 AM
198,2,06/18/05 12:00 AM,06/17/06 12:00 AM
198,15,06/22/06 12:00 AM,
198,572,01/09/03 12:00 AM,06/09/04 12:00 AM
198,571,01/10/03 12:00 AM,06/13/05 12:00 AM
198,572,01/11/03 12:00 AM,06/17/06 12:00 AM
198,571,01/12/03 12:00 AM,
198,175,01/21/03 12:00 AM,06/09/04 12:00 AM
198,436,01/21/03 12:00 AM,06/09/04 12:00 AM
198,244,06/14/04 12:00 AM,06/13/05 12:00 AM
198,441,06/14/04 12:00 AM,06/13/05 12:00 AM
198,245,06/18/05 12:00 AM,06/17/06 12:00 AM
198,442,06/18/05 12:00 AM,06/17/06 12:00 AM
198,245,06/22/06 12:00 AM,
198,447,06/22/06 12:00 AM,
198,573,01/09/03 12:00 AM,06/09/04 12:00 AM
198,573,01/10/03 12:00 AM,06/13/05 12:00 AM
198,573,01/11/03 12:00 AM,06/17/06 12:00 AM
198,573,01/12/03 12:00 AM,
198,98,01/21/03 12:00 AM,06/09/04 12:00 AM
198,166,01/21/03 12:00 AM,06/09/04 12:00 AM
198,283,01/21/03 12:00 AM,06/09/04 12:00 AM
198,318,01/21/03 12:00 AM,06/09/04 12:00 AM
198,430,01/21/03 12:00 AM,06/09/04 12:00 AM
198,520,01/21/03 12:00 AM,06/09/04 12:00 AM
198,129,06/14/04 12:00 AM,06/13/05 12:00 AM
198,166,06/14/04 12:00 AM,06/13/05 12:00 AM
198,287,06/14/04 12:00 AM,06/13/05 12:00 AM
198,340,06/14/04 12:00 AM,06/13/05 12:00 AM
198,453,06/14/04 12:00 AM,06/13/05 12:00 AM
198,503,06/14/04 12:00 AM,06/13/05 12:00 AM
198,139,06/18/05 12:00 AM,06/17/06 12:00 AM
198,168,06/18/05 12:00 AM,06/17/06 12:00 AM
198,291,06/18/05 12:00 AM,06/17/06 12:00 AM
198,343,06/18/05 12:00 AM,06/17/06 12:00 AM
198,460,06/18/05 12:00 AM,06/17/06 12:00 AM
198,507,06/18/05 12:00 AM,06/17/06 12:00 AM
198,149,06/22/06 12:00 AM,
198,243,06/22/06 12:00 AM,
198,291,06/22/06 12:00 AM,
198,353,06/22/06 12:00 AM,
198,460,06/22/06 12:00 AM,
198,507,06/22/06 12:00 AM,
198,15,01/21/03 12:00 AM,06/09/04 12:00 AM
198,69,06/14/04 12:00 AM,06/13/05 12:00 AM
198,73,06/18/05 12:00 AM,06/17/06 12:00 AM
198,97,06/22/06 12:00 AM,
199,161,01/21/03 12:00 AM,06/09/04 12:00 AM
199,161,06/14/04 12:00 AM,06/13/05 12:00 AM
199,2,06/18/05 12:00 AM,06/17/06 12:00 AM
199,15,06/22/06 12:00 AM,
199,572,01/09/03 12:00 AM,06/09/04 12:00 AM
199,571,01/10/03 12:00 AM,06/13/05 12:00 AM
199,572,01/11/03 12:00 AM,06/17/06 12:00 AM
199,571,01/12/03 12:00 AM,
199,175,01/21/03 12:00 AM,06/09/04 12:00 AM
199,436,01/21/03 12:00 AM,06/09/04 12:00 AM
199,244,06/14/04 12:00 AM,06/13/05 12:00 AM
199,441,06/14/04 12:00 AM,06/13/05 12:00 AM
199,245,06/18/05 12:00 AM,06/17/06 12:00 AM
199,442,06/18/05 12:00 AM,06/17/06 12:00 AM
199,245,06/22/06 12:00 AM,
199,447,06/22/06 12:00 AM,
199,573,01/09/03 12:00 AM,06/09/04 12:00 AM
199,573,01/10/03 12:00 AM,06/13/05 12:00 AM
199,573,01/11/03 12:00 AM,06/17/06 12:00 AM
199,573,01/12/03 12:00 AM,
199,98,01/21/03 12:00 AM,06/09/04 12:00 AM
199,166,01/21/03 12:00 AM,06/09/04 12:00 AM
199,283,01/21/03 12:00 AM,06/09/04 12:00 AM
199,318,01/21/03 12:00 AM,06/09/04 12:00 AM
199,430,01/21/03 12:00 AM,06/09/04 12:00 AM
199,520,01/21/03 12:00 AM,06/09/04 12:00 AM
199,129,06/14/04 12:00 AM,06/13/05 12:00 AM
199,166,06/14/04 12:00 AM,06/13/05 12:00 AM
199,287,06/14/04 12:00 AM,06/13/05 12:00 AM
199,340,06/14/04 12:00 AM,06/13/05 12:00 AM
199,453,06/14/04 12:00 AM,06/13/05 12:00 AM
199,503,06/14/04 12:00 AM,06/13/05 12:00 AM
199,139,06/18/05 12:00 AM,06/17/06 12:00 AM
199,168,06/18/05 12:00 AM,06/17/06 12:00 AM
199,291,06/18/05 12:00 AM,06/17/06 12:00 AM
199,343,06/18/05 12:00 AM,06/17/06 12:00 AM
199,460,06/18/05 12:00 AM,06/17/06 12:00 AM
199,507,06/18/05 12:00 AM,06/17/06 12:00 AM
199,149,06/22/06 12:00 AM,
199,243,06/22/06 12:00 AM,
199,291,06/22/06 12:00 AM,
199,353,06/22/06 12:00 AM,
199,460,06/22/06 12:00 AM,
199,507,06/22/06 12:00 AM,
199,15,01/21/03 12:00 AM,06/09/04 12:00 AM
199,69,06/14/04 12:00 AM,06/13/05 12:00 AM
199,73,06/18/05 12:00 AM,06/17/06 12:00 AM
199,97,06/22/06 12:00 AM,
200,161,01/21/03 12:00 AM,06/09/04 12:00 AM
200,161,06/14/04 12:00 AM,06/13/05 12:00 AM
200,2,06/18/05 12:00 AM,06/17/06 12:00 AM
200,15,06/22/06 12:00 AM,
200,572,01/09/03 12:00 AM,06/09/04 12:00 AM
200,571,01/10/03 12:00 AM,06/13/05 12:00 AM
200,572,01/11/03 12:00 AM,06/17/06 12:00 AM
200,571,01/12/03 12:00 AM,
200,175,01/21/03 12:00 AM,06/09/04 12:00 AM
200,436,01/21/03 12:00 AM,06/09/04 12:00 AM
200,244,06/14/04 12:00 AM,06/13/05 12:00 AM
200,441,06/14/04 12:00 AM,06/13/05 12:00 AM
200,245,06/18/05 12:00 AM,06/17/06 12:00 AM
200,442,06/18/05 12:00 AM,06/17/06 12:00 AM
200,245,06/22/06 12:00 AM,
200,447,06/22/06 12:00 AM,
200,573,01/09/03 12:00 AM,06/09/04 12:00 AM
200,573,01/10/03 12:00 AM,06/13/05 12:00 AM
200,573,01/11/03 12:00 AM,06/17/06 12:00 AM
200,573,01/12/03 12:00 AM,
200,98,01/21/03 12:00 AM,06/09/04 12:00 AM
200,166,01/21/03 12:00 AM,06/09/04 12:00 AM
200,283,01/21/03 12:00 AM,06/09/04 12:00 AM
200,318,01/21/03 12:00 AM,06/09/04 12:00 AM
200,430,01/21/03 12:00 AM,06/09/04 12:00 AM
200,520,01/21/03 12:00 AM,06/09/04 12:00 AM
200,129,06/14/04 12:00 AM,06/13/05 12:00 AM
200,166,06/14/04 12:00 AM,06/13/05 12:00 AM
200,287,06/14/04 12:00 AM,06/13/05 12:00 AM
200,340,06/14/04 12:00 AM,06/13/05 12:00 AM
200,453,06/14/04 12:00 AM,06/13/05 12:00 AM
200,503,06/14/04 12:00 AM,06/13/05 12:00 AM
200,139,06/18/05 12:00 AM,06/17/06 12:00 AM
200,168,06/18/05 12:00 AM,06/17/06 12:00 AM
200,291,06/18/05 12:00 AM,06/17/06 12:00 AM
200,343,06/18/05 12:00 AM,06/17/06 12:00 AM
200,460,06/18/05 12:00 AM,06/17/06 12:00 AM
200,507,06/18/05 12:00 AM,06/17/06 12:00 AM
200,149,06/22/06 12:00 AM,
200,243,06/22/06 12:00 AM,
200,291,06/22/06 12:00 AM,
200,353,06/22/06 12:00 AM,
200,460,06/22/06 12:00 AM,
200,507,06/22/06 12:00 AM,
200,15,01/21/03 12:00 AM,06/09/04 12:00 AM
200,69,06/14/04 12:00 AM,06/13/05 12:00 AM
200,73,06/18/05 12:00 AM,06/17/06 12:00 AM
200,97,06/22/06 12:00 AM,
201,161,01/21/03 12:00 AM,06/09/04 12:00 AM
201,161,06/14/04 12:00 AM,06/13/05 12:00 AM
201,2,06/18/05 12:00 AM,06/17/06 12:00 AM
201,15,06/22/06 12:00 AM,
201,572,01/09/03 12:00 AM,06/09/04 12:00 AM
201,571,01/10/03 12:00 AM,06/13/05 12:00 AM
201,572,01/11/03 12:00 AM,06/17/06 12:00 AM
201,571,01/12/03 12:00 AM,
201,175,01/21/03 12:00 AM,06/09/04 12:00 AM
201,436,01/21/03 12:00 AM,06/09/04 12:00 AM
201,244,06/14/04 12:00 AM,06/13/05 12:00 AM
201,441,06/14/04 12:00 AM,06/13/05 12:00 AM
201,245,06/18/05 12:00 AM,06/17/06 12:00 AM
201,442,06/18/05 12:00 AM,06/17/06 12:00 AM
201,245,06/22/06 12:00 AM,
201,447,06/22/06 12:00 AM,
201,573,01/09/03 12:00 AM,06/09/04 12:00 AM
201,573,01/10/03 12:00 AM,06/13/05 12:00 AM
201,573,01/11/03 12:00 AM,06/17/06 12:00 AM
201,573,01/12/03 12:00 AM,
201,98,01/21/03 12:00 AM,06/09/04 12:00 AM
201,166,01/21/03 12:00 AM,06/09/04 12:00 AM
201,283,01/21/03 12:00 AM,06/09/04 12:00 AM
201,318,01/21/03 12:00 AM,06/09/04 12:00 AM
201,430,01/21/03 12:00 AM,06/09/04 12:00 AM
201,520,01/21/03 12:00 AM,06/09/04 12:00 AM
201,129,06/14/04 12:00 AM,06/13/05 12:00 AM
201,166,06/14/04 12:00 AM,06/13/05 12:00 AM
201,287,06/14/04 12:00 AM,06/13/05 12:00 AM
201,340,06/14/04 12:00 AM,06/13/05 12:00 AM
201,453,06/14/04 12:00 AM,06/13/05 12:00 AM
201,503,06/14/04 12:00 AM,06/13/05 12:00 AM
201,139,06/18/05 12:00 AM,06/17/06 12:00 AM
201,168,06/18/05 12:00 AM,06/17/06 12:00 AM
201,291,06/18/05 12:00 AM,06/17/06 12:00 AM
201,343,06/18/05 12:00 AM,06/17/06 12:00 AM
201,460,06/18/05 12:00 AM,06/17/06 12:00 AM
201,507,06/18/05 12:00 AM,06/17/06 12:00 AM
201,149,06/22/06 12:00 AM,
201,243,06/22/06 12:00 AM,
201,291,06/22/06 12:00 AM,
201,353,06/22/06 12:00 AM,
201,460,06/22/06 12:00 AM,
201,507,06/22/06 12:00 AM,
201,15,01/21/03 12:00 AM,06/09/04 12:00 AM
201,69,06/14/04 12:00 AM,06/13/05 12:00 AM
201,73,06/18/05 12:00 AM,06/17/06 12:00 AM
201,97,06/22/06 12:00 AM,
202,406,01/21/03 12:00 AM,06/09/04 12:00 AM
202,407,06/14/04 12:00 AM,06/13/05 12:00 AM
202,407,06/18/05 12:00 AM,06/17/06 12:00 AM
202,407,06/22/06 12:00 AM,
202,536,01/13/03 12:00 AM,06/09/04 12:00 AM
202,536,01/14/03 12:00 AM,06/13/05 12:00 AM
202,536,01/15/03 12:00 AM,06/17/06 12:00 AM
202,536,01/16/03 12:00 AM,
202,329,01/21/03 12:00 AM,06/09/04 12:00 AM
202,405,01/21/03 12:00 AM,06/09/04 12:00 AM
202,336,06/14/04 12:00 AM,06/13/05 12:00 AM
202,409,06/14/04 12:00 AM,06/13/05 12:00 AM
202,338,06/18/05 12:00 AM,06/17/06 12:00 AM
202,413,06/18/05 12:00 AM,06/17/06 12:00 AM
202,342,06/22/06 12:00 AM,
202,413,06/22/06 12:00 AM,
202,544,01/13/03 12:00 AM,06/09/04 12:00 AM
202,544,01/14/03 12:00 AM,06/13/05 12:00 AM
202,544,01/15/03 12:00 AM,06/17/06 12:00 AM
202,544,01/16/03 12:00 AM,
202,139,01/21/03 12:00 AM,06/09/04 12:00 AM
202,243,01/21/03 12:00 AM,06/09/04 12:00 AM
202,245,01/21/03 12:00 AM,06/09/04 12:00 AM
202,288,01/21/03 12:00 AM,06/09/04 12:00 AM
202,436,01/21/03 12:00 AM,06/09/04 12:00 AM
202,524,01/21/03 12:00 AM,06/09/04 12:00 AM
202,151,06/14/04 12:00 AM,06/13/05 12:00 AM
202,248,06/14/04 12:00 AM,06/13/05 12:00 AM
202,249,06/14/04 12:00 AM,06/13/05 12:00 AM
202,303,06/14/04 12:00 AM,06/13/05 12:00 AM
202,438,06/14/04 12:00 AM,06/13/05 12:00 AM
202,521,06/14/04 12:00 AM,06/13/05 12:00 AM
202,151,06/18/05 12:00 AM,06/17/06 12:00 AM
202,258,06/18/05 12:00 AM,06/17/06 12:00 AM
202,264,06/18/05 12:00 AM,06/17/06 12:00 AM
202,305,06/18/05 12:00 AM,06/17/06 12:00 AM
202,444,06/18/05 12:00 AM,06/17/06 12:00 AM
202,523,06/18/05 12:00 AM,06/17/06 12:00 AM
202,167,06/22/06 12:00 AM,
202,258,06/22/06 12:00 AM,
202,264,06/22/06 12:00 AM,
202,316,06/22/06 12:00 AM,
202,448,06/22/06 12:00 AM,
202,525,06/22/06 12:00 AM,
202,62,01/21/03 12:00 AM,06/09/04 12:00 AM
202,73,06/14/04 12:00 AM,06/13/05 12:00 AM
202,73,06/18/05 12:00 AM,06/17/06 12:00 AM
202,103,06/22/06 12:00 AM,
203,406,01/21/03 12:00 AM,06/09/04 12:00 AM
203,407,06/14/04 12:00 AM,06/13/05 12:00 AM
203,407,06/18/05 12:00 AM,06/17/06 12:00 AM
203,407,06/22/06 12:00 AM,
203,536,01/13/03 12:00 AM,06/09/04 12:00 AM
203,536,01/14/03 12:00 AM,06/13/05 12:00 AM
203,536,01/15/03 12:00 AM,06/17/06 12:00 AM
203,536,01/16/03 12:00 AM,
203,329,01/21/03 12:00 AM,06/09/04 12:00 AM
203,405,01/21/03 12:00 AM,06/09/04 12:00 AM
203,336,06/14/04 12:00 AM,06/13/05 12:00 AM
203,409,06/14/04 12:00 AM,06/13/05 12:00 AM
203,338,06/18/05 12:00 AM,06/17/06 12:00 AM
203,413,06/18/05 12:00 AM,06/17/06 12:00 AM
203,342,06/22/06 12:00 AM,
203,413,06/22/06 12:00 AM,
203,544,01/13/03 12:00 AM,06/09/04 12:00 AM
203,544,01/14/03 12:00 AM,06/13/05 12:00 AM
203,544,01/15/03 12:00 AM,06/17/06 12:00 AM
203,544,01/16/03 12:00 AM,
203,139,01/21/03 12:00 AM,06/09/04 12:00 AM
203,243,01/21/03 12:00 AM,06/09/04 12:00 AM
203,245,01/21/03 12:00 AM,06/09/04 12:00 AM
203,288,01/21/03 12:00 AM,06/09/04 12:00 AM
203,436,01/21/03 12:00 AM,06/09/04 12:00 AM
203,524,01/21/03 12:00 AM,06/09/04 12:00 AM
203,151,06/14/04 12:00 AM,06/13/05 12:00 AM
203,248,06/14/04 12:00 AM,06/13/05 12:00 AM
203,249,06/14/04 12:00 AM,06/13/05 12:00 AM
203,303,06/14/04 12:00 AM,06/13/05 12:00 AM
203,438,06/14/04 12:00 AM,06/13/05 12:00 AM
203,521,06/14/04 12:00 AM,06/13/05 12:00 AM
203,151,06/18/05 12:00 AM,06/17/06 12:00 AM
203,258,06/18/05 12:00 AM,06/17/06 12:00 AM
203,264,06/18/05 12:00 AM,06/17/06 12:00 AM
203,305,06/18/05 12:00 AM,06/17/06 12:00 AM
203,444,06/18/05 12:00 AM,06/17/06 12:00 AM
203,523,06/18/05 12:00 AM,06/17/06 12:00 AM
203,167,06/22/06 12:00 AM,
203,258,06/22/06 12:00 AM,
203,264,06/22/06 12:00 AM,
203,316,06/22/06 12:00 AM,
203,448,06/22/06 12:00 AM,
203,525,06/22/06 12:00 AM,
203,62,01/21/03 12:00 AM,06/09/04 12:00 AM
203,73,06/14/04 12:00 AM,06/13/05 12:00 AM
203,73,06/18/05 12:00 AM,06/17/06 12:00 AM
203,103,06/22/06 12:00 AM,
204,406,01/21/03 12:00 AM,06/09/04 12:00 AM
204,407,06/14/04 12:00 AM,06/13/05 12:00 AM
204,407,06/18/05 12:00 AM,06/17/06 12:00 AM
204,407,06/22/06 12:00 AM,
204,536,01/13/03 12:00 AM,06/09/04 12:00 AM
204,536,01/14/03 12:00 AM,06/13/05 12:00 AM
204,536,01/15/03 12:00 AM,06/17/06 12:00 AM
204,536,01/16/03 12:00 AM,
204,329,01/21/03 12:00 AM,06/09/04 12:00 AM
204,405,01/21/03 12:00 AM,06/09/04 12:00 AM
204,336,06/14/04 12:00 AM,06/13/05 12:00 AM
204,409,06/14/04 12:00 AM,06/13/05 12:00 AM
204,338,06/18/05 12:00 AM,06/17/06 12:00 AM
204,413,06/18/05 12:00 AM,06/17/06 12:00 AM
204,342,06/22/06 12:00 AM,
204,413,06/22/06 12:00 AM,
204,544,01/13/03 12:00 AM,06/09/04 12:00 AM
204,544,01/14/03 12:00 AM,06/13/05 12:00 AM
204,544,01/15/03 12:00 AM,06/17/06 12:00 AM
204,544,01/16/03 12:00 AM,
204,139,01/21/03 12:00 AM,06/09/04 12:00 AM
204,243,01/21/03 12:00 AM,06/09/04 12:00 AM
204,245,01/21/03 12:00 AM,06/09/04 12:00 AM
204,288,01/21/03 12:00 AM,06/09/04 12:00 AM
204,436,01/21/03 12:00 AM,06/09/04 12:00 AM
204,524,01/21/03 12:00 AM,06/09/04 12:00 AM
204,151,06/14/04 12:00 AM,06/13/05 12:00 AM
204,248,06/14/04 12:00 AM,06/13/05 12:00 AM
204,249,06/14/04 12:00 AM,06/13/05 12:00 AM
204,303,06/14/04 12:00 AM,06/13/05 12:00 AM
204,438,06/14/04 12:00 AM,06/13/05 12:00 AM
204,521,06/14/04 12:00 AM,06/13/05 12:00 AM
204,151,06/18/05 12:00 AM,06/17/06 12:00 AM
204,258,06/18/05 12:00 AM,06/17/06 12:00 AM
204,264,06/18/05 12:00 AM,06/17/06 12:00 AM
204,305,06/18/05 12:00 AM,06/17/06 12:00 AM
204,444,06/18/05 12:00 AM,06/17/06 12:00 AM
204,523,06/18/05 12:00 AM,06/17/06 12:00 AM
204,167,06/22/06 12:00 AM,
204,258,06/22/06 12:00 AM,
204,264,06/22/06 12:00 AM,
204,316,06/22/06 12:00 AM,
204,448,06/22/06 12:00 AM,
204,525,06/22/06 12:00 AM,
204,62,01/21/03 12:00 AM,06/09/04 12:00 AM
204,73,06/14/04 12:00 AM,06/13/05 12:00 AM
204,73,06/18/05 12:00 AM,06/17/06 12:00 AM
204,103,06/22/06 12:00 AM,
205,406,01/21/03 12:00 AM,06/09/04 12:00 AM
205,407,06/14/04 12:00 AM,06/13/05 12:00 AM
205,407,06/18/05 12:00 AM,06/17/06 12:00 AM
205,407,06/22/06 12:00 AM,
205,536,01/13/03 12:00 AM,06/09/04 12:00 AM
205,536,01/14/03 12:00 AM,06/13/05 12:00 AM
205,536,01/15/03 12:00 AM,06/17/06 12:00 AM
205,536,01/16/03 12:00 AM,
205,329,01/21/03 12:00 AM,06/09/04 12:00 AM
205,405,01/21/03 12:00 AM,06/09/04 12:00 AM
205,336,06/14/04 12:00 AM,06/13/05 12:00 AM
205,409,06/14/04 12:00 AM,06/13/05 12:00 AM
205,338,06/18/05 12:00 AM,06/17/06 12:00 AM
205,413,06/18/05 12:00 AM,06/17/06 12:00 AM
205,342,06/22/06 12:00 AM,
205,413,06/22/06 12:00 AM,
205,544,01/13/03 12:00 AM,06/09/04 12:00 AM
205,544,01/14/03 12:00 AM,06/13/05 12:00 AM
205,544,01/15/03 12:00 AM,06/17/06 12:00 AM
205,544,01/16/03 12:00 AM,
205,139,01/21/03 12:00 AM,06/09/04 12:00 AM
205,243,01/21/03 12:00 AM,06/09/04 12:00 AM
205,245,01/21/03 12:00 AM,06/09/04 12:00 AM
205,288,01/21/03 12:00 AM,06/09/04 12:00 AM
205,436,01/21/03 12:00 AM,06/09/04 12:00 AM
205,524,01/21/03 12:00 AM,06/09/04 12:00 AM
205,151,06/14/04 12:00 AM,06/13/05 12:00 AM
205,248,06/14/04 12:00 AM,06/13/05 12:00 AM
205,249,06/14/04 12:00 AM,06/13/05 12:00 AM
205,303,06/14/04 12:00 AM,06/13/05 12:00 AM
205,438,06/14/04 12:00 AM,06/13/05 12:00 AM
205,521,06/14/04 12:00 AM,06/13/05 12:00 AM
205,151,06/18/05 12:00 AM,06/17/06 12:00 AM
205,258,06/18/05 12:00 AM,06/17/06 12:00 AM
205,264,06/18/05 12:00 AM,06/17/06 12:00 AM
205,305,06/18/05 12:00 AM,06/17/06 12:00 AM
205,444,06/18/05 12:00 AM,06/17/06 12:00 AM
205,523,06/18/05 12:00 AM,06/17/06 12:00 AM
205,167,06/22/06 12:00 AM,
205,258,06/22/06 12:00 AM,
205,264,06/22/06 12:00 AM,
205,316,06/22/06 12:00 AM,
205,448,06/22/06 12:00 AM,
205,525,06/22/06 12:00 AM,
205,62,01/21/03 12:00 AM,06/09/04 12:00 AM
205,73,06/14/04 12:00 AM,06/13/05 12:00 AM
205,73,06/18/05 12:00 AM,06/17/06 12:00 AM
205,103,06/22/06 12:00 AM,
206,139,01/05/03 12:00 AM,
206,568,01/05/03 12:00 AM,
206,164,01/05/03 12:00 AM,08/15/05 12:00 AM
206,417,01/05/03 12:00 AM,
206,422,08/16/05 12:00 AM,
206,574,01/05/03 12:00 AM,
206,138,01/05/03 12:00 AM,07/15/06 12:00 AM
206,103,01/05/03 12:00 AM,08/23/05 12:00 AM
206,264,01/05/03 12:00 AM,03/05/04 12:00 AM
206,25,01/05/03 12:00 AM,
206,399,01/05/03 12:00 AM,
206,445,01/05/03 12:00 AM,
206,469,03/06/04 12:00 AM,
206,96,08/24/05 12:00 AM,
206,97,07/16/06 12:00 AM,
206,511,01/05/03 12:00 AM,05/05/05 12:00 AM
206,355,08/16/05 12:00 AM,
207,164,01/05/03 12:00 AM,02/03/07 12:00 AM
207,569,01/05/03 12:00 AM,02/03/07 12:00 AM
207,174,01/05/03 12:00 AM,02/03/07 12:00 AM
207,442,01/05/03 12:00 AM,02/03/07 12:00 AM
207,245,01/05/03 12:00 AM,12/17/06 12:00 AM
207,316,01/05/03 12:00 AM,08/03/06 12:00 AM
207,97,01/05/03 12:00 AM,11/12/05 12:00 AM
207,138,01/05/03 12:00 AM,02/03/07 12:00 AM
207,424,01/05/03 12:00 AM,02/03/07 12:00 AM
207,462,01/05/03 12:00 AM,02/03/07 12:00 AM
207,73,11/13/05 12:00 AM,02/03/07 12:00 AM
207,489,08/04/06 12:00 AM,02/03/07 12:00 AM
207,97,12/18/06 12:00 AM,02/03/07 12:00 AM
207,505,01/05/03 12:00 AM,02/03/07 12:00 AM
208,264,01/21/07 12:00 AM,
208,584,01/21/07 12:00 AM,
208,265,01/21/07 12:00 AM,
208,266,01/21/07 12:00 AM,
208,416,01/21/07 12:00 AM,
208,556,01/21/07 12:00 AM,
208,286,01/21/07 12:00 AM,
208,367,01/21/07 12:00 AM,
208,368,01/21/07 12:00 AM,
208,369,01/21/07 12:00 AM,
208,397,01/21/07 12:00 AM,
208,398,01/21/07 12:00 AM,
208,415,01/21/07 12:00 AM,
208,422,01/21/07 12:00 AM,
208,424,01/21/07 12:00 AM,
208,399,01/21/07 12:00 AM,
208,417,01/21/07 12:00 AM,
209,96,01/21/07 12:00 AM,
209,149,01/21/07 12:00 AM,
209,168,01/21/07 12:00 AM,
209,258,01/21/07 12:00 AM,
209,289,01/21/07 12:00 AM,
209,315,01/21/07 12:00 AM,
209,341,01/21/07 12:00 AM,
209,365,01/21/07 12:00 AM,
209,398,01/21/07 12:00 AM,
209,411,01/21/07 12:00 AM,
209,430,01/21/07 12:00 AM,
209,443,01/21/07 12:00 AM,
209,460,01/21/07 12:00 AM,
209,474,01/21/07 12:00 AM,
209,487,01/21/07 12:00 AM,
