7000,58,611,01/23/88,05/11/92
7001,103,611,01/23/88,05/11/92
7002,217,611,01/23/88,05/11/92
7003,91,611,01/23/88,05/11/92
7004,132,611,01/23/88,05/11/92
7005,221,611,01/23/88,12/06/92
7006,21,611,01/23/88,05/11/92
7007,76,611,01/23/88,05/11/92
7008,108,611,01/23/88,05/11/92
7009,14,611,01/23/88,05/11/92
7010,172,611,01/23/88,05/11/92
7011,226,611,01/23/88,05/11/92
7012,62,611,01/23/88,05/11/92
7013,159,611,01/23/88,05/11/92
7014,125,611,01/23/88,05/11/92
7015,98,611,01/23/88,05/11/92
7016,49,611,01/23/88,05/11/92
7017,136,611,01/23/88,09/03/91
7018,131,611,01/23/88,05/11/92
7019,180,611,01/23/88,05/11/92
7020,32,611,01/23/88,05/11/92
7021,94,611,01/23/88,11/14/91
7022,107,611,01/23/88,05/11/92
7023,189,611,01/23/88,05/11/92
7024,102,611,01/23/88,05/11/92
7025,230,611,08/25/90,05/11/92
7026,239,611,10/01/91,05/11/92
7027,238,611,09/06/91,05/11/92
7028,188,611,12/20/91,05/11/92
7029,235,611,04/02/92,05/11/92
7030,241,611,09/15/92,05/11/92
7031,101,612,01/23/88,05/11/92
7032,78,612,01/23/88,05/11/92
7033,174,612,01/23/88,05/11/92
7034,100,612,01/23/88,05/11/92
7035,34,612,01/23/88,05/25/90
7036,13,612,01/23/88,05/11/92
7037,145,612,01/23/88,05/11/92
7038,160,612,01/23/88,05/11/92
7039,41,612,01/23/88,05/11/92
7040,196,612,01/23/88,05/11/92
7041,219,612,01/23/88,05/11/92
7042,207,612,01/23/88,05/11/92
7043,165,612,01/23/88,05/11/92
7044,87,612,01/23/88,07/07/90
7045,193,612,01/23/88,05/11/92
7046,215,612,01/23/88,05/11/92
7047,18,612,01/23/88,05/11/92
7048,28,612,01/23/88,05/11/92
7049,135,612,01/23/88,05/11/92
7050,200,612,01/23/88,05/11/92
7051,93,612,01/23/88,05/11/92
7052,83,612,01/23/88,05/11/92
7053,48,612,01/23/88,05/11/92
7054,3,612,01/23/88,05/11/92
7055,5,612,01/23/88,05/11/92
7056,65,612,01/27/88,07/02/90
7057,40,613,01/23/88,05/11/92
7058,72,613,01/23/88,05/11/92
7059,42,613,01/23/88,05/30/89
7060,56,613,01/23/88,05/11/92
7061,89,613,01/23/88,05/11/92
7062,37,613,01/23/88,05/11/92
7063,70,613,01/23/88,05/11/92
7064,26,613,01/23/88,05/11/92
7065,73,613,01/23/88,05/11/92
7066,202,613,01/23/88,05/11/92
7067,109,613,01/23/88,05/11/92
7068,2,613,01/23/88,05/11/92
7069,112,613,01/23/88,05/11/92
7070,140,613,01/23/88,05/11/92
7071,82,613,01/23/88,05/11/92
7072,144,613,01/23/88,05/11/92
7073,188,613,01/23/88,12/19/91
7074,181,613,01/23/88,05/11/92
7075,68,613,01/23/88,05/11/92
7076,31,613,01/23/88,05/11/92
7077,164,613,01/23/88,05/11/92
7078,81,613,01/23/88,05/11/92
7079,185,613,01/23/88,05/11/92
7080,10,613,01/23/88,05/11/92
7081,171,613,01/27/88,05/11/92
7082,227,613,01/30/88,05/11/92
7083,231,613,08/30/89,05/11/92
7084,65,613,08/02/90,05/11/92
7085,123,614,01/23/88,05/11/92
7086,179,614,01/23/88,05/11/92
7087,90,614,01/23/88,05/11/92
7088,52,614,01/23/88,05/11/92
7089,35,614,01/23/88,05/11/92
7090,168,614,01/23/88,05/11/92
7091,187,614,01/23/88,05/11/92
7092,27,614,01/23/88,05/11/92
7093,198,614,01/23/88,05/11/92
7094,148,614,01/23/88,05/11/92
7095,158,614,01/23/88,07/02/90
7096,203,614,01/23/88,05/11/92
7097,156,614,01/23/88,05/11/92
7098,218,614,01/23/88,05/11/92
7099,118,614,01/23/88,06/16/92
7100,104,614,01/23/88,05/11/92
7101,88,614,01/23/88,05/11/92
7102,142,614,01/23/88,05/11/92
7103,116,614,01/23/88,05/11/92
7104,69,614,01/23/88,05/11/92
7105,86,614,01/23/88,05/11/92
7106,53,614,01/23/88,05/11/92
7107,209,614,01/23/88,05/11/92
7108,17,614,01/23/88,05/11/92
7109,29,614,01/23/88,05/11/92
7110,129,614,01/23/88,07/07/90
7111,8,614,01/23/88,05/11/92
7112,211,614,01/23/88,05/11/92
7113,133,614,01/23/88,05/11/92
7114,119,614,01/23/88,05/11/92
7115,152,614,01/23/88,05/11/92
7116,137,614,01/23/88,05/11/92
7117,167,614,01/23/88,05/11/92
7118,228,614,01/23/88,05/11/92
7119,111,614,01/23/88,05/11/92
7120,201,614,01/23/88,05/11/92
7121,147,614,01/23/88,05/11/92
7122,120,614,01/23/88,05/11/92
7123,177,614,01/23/88,05/11/92
7124,7,614,01/23/88,05/11/92
7125,184,614,01/23/88,05/11/92
7126,75,614,01/23/88,05/11/92
7127,117,614,01/23/88,05/11/92
7128,30,614,01/27/88,05/11/92
7129,105,614,01/27/88,08/18/90
7130,141,614,01/27/88,05/11/92
7131,128,614,01/27/88,05/11/92
7132,6,614,11/17/90,05/11/92
7133,236,614,11/19/90,05/11/92
7134,237,614,06/09/92,05/11/92
7135,19,615,01/23/88,05/11/92
7136,154,615,01/23/88,05/11/92
7137,146,615,01/23/88,05/11/92
7138,16,615,01/23/88,12/12/91
7139,216,615,01/23/88,05/11/92
7140,186,615,01/23/88,05/11/92
7141,224,615,01/23/88,05/11/92
7142,39,615,01/23/88,05/11/92
7143,63,615,01/23/88,05/11/92
7144,97,615,01/23/88,05/11/92
7145,33,615,01/23/88,05/11/92
7146,139,615,01/23/88,05/11/92
7147,114,615,01/23/88,05/11/92
7148,45,615,01/23/88,05/11/92
7149,175,615,01/23/88,05/11/92
7150,213,615,01/23/88,05/11/92
7151,173,615,01/23/88,10/10/90
7152,127,615,01/23/88,05/11/92
7153,44,615,01/23/88,05/11/92
7154,182,615,01/23/88,05/11/92
7155,220,615,01/23/88,05/11/92
7156,115,615,01/23/88,05/11/92
7157,80,615,01/23/88,09/28/90
7158,84,615,01/23/88,05/11/92
7159,197,615,01/23/88,05/11/92
7160,199,615,01/23/88,04/24/89
7161,43,615,01/23/88,05/11/92
7162,151,615,01/23/88,05/11/92
7163,143,615,01/23/88,05/11/92
7164,204,615,01/23/88,05/11/92
7165,208,615,01/23/88,05/11/92
7166,194,615,01/23/88,05/11/92
7167,225,615,01/23/88,05/11/92
7168,9,615,01/23/88,05/11/92
7169,67,615,01/23/88,05/11/92
7170,191,615,01/23/88,05/11/92
7171,170,615,01/23/88,05/11/92
7172,205,615,01/23/88,05/11/92
7173,38,615,01/23/88,05/11/92
7174,178,615,01/23/88,05/11/92
7175,1,615,01/23/88,05/11/92
7176,99,615,01/23/88,05/11/92
7177,85,615,01/23/88,05/11/92
7178,66,615,01/23/88,05/11/92
7179,106,615,01/23/88,05/11/92
7180,206,615,01/27/88,05/11/92
7181,79,615,01/27/88,05/11/92
7182,15,615,01/30/88,05/11/92
7183,240,615,07/14/89,05/11/92
7184,158,615,08/02/90,05/11/92
7185,234,615,12/28/90,05/11/92
7186,233,615,06/05/91,05/11/92
7187,229,615,12/02/92,05/11/92
7188,232,615,10/17/92,05/11/92
7189,166,616,01/23/88,05/11/92
7190,162,616,01/23/88,05/11/92
7191,64,616,01/23/88,05/11/92
7192,113,616,01/23/88,05/11/92
7193,71,616,01/23/88,06/02/91
7194,74,616,01/23/88,05/11/92
7195,23,616,01/23/88,05/11/92
7196,54,616,01/23/88,05/11/92
7197,155,616,01/23/88,05/11/92
7198,126,616,01/23/88,05/11/92
7199,124,616,01/23/88,05/11/92
7200,176,616,01/23/88,05/11/92
7201,110,616,01/23/88,05/11/92
7202,92,616,01/23/88,05/11/92
7203,77,616,01/23/88,05/11/92
7204,96,616,01/23/88,05/11/92
7205,22,616,01/23/88,05/11/92
7206,121,616,01/23/88,05/11/92
7207,190,616,01/23/88,05/11/92
7208,51,616,01/23/88,07/02/90
7209,60,616,01/23/88,05/11/92
7210,212,616,01/23/88,05/11/92
7211,59,616,01/23/88,05/11/92
7212,195,616,01/23/88,05/11/92
7213,55,616,01/23/88,05/11/92
7214,161,616,01/23/88,05/11/92
7215,163,616,01/23/88,05/11/92
7216,149,616,01/23/88,05/11/92
7217,214,616,01/23/88,05/11/92
7218,11,616,01/23/88,05/11/92
7219,183,616,01/23/88,05/11/92
7220,130,616,01/23/88,05/11/92
7221,57,616,01/23/88,07/14/92
7222,157,616,01/23/88,05/11/92
7223,24,616,01/23/88,07/02/90
7224,122,616,01/23/88,05/11/92
7225,95,616,01/23/88,05/11/92
7226,210,616,01/23/88,07/08/91
7227,61,616,01/23/88,05/11/92
7228,192,616,01/23/88,05/11/92
7229,169,616,01/23/88,05/11/92
7230,153,616,01/23/88,05/11/92
7231,36,616,01/23/88,11/21/91
7232,138,616,01/23/88,05/11/92
7233,223,616,01/23/88,05/11/92
7234,46,616,01/23/88,05/11/92
7235,12,616,01/23/88,05/11/92
7236,4,616,01/23/88,05/11/92
7237,50,616,01/23/88,05/11/92
7238,222,616,01/27/88,05/11/92
7239,20,616,01/27/88,05/11/92
7240,25,616,01/30/88,05/11/92
7241,6,616,01/30/88,11/16/90
7242,47,616,01/30/88,05/11/92
7243,150,616,01/30/88,05/11/92
7244,134,616,01/30/88,05/11/92
7251,28,712,03/02/93,03/12/97
7252,3,712,03/02/93,03/12/97
7253,337,712,03/02/93,03/12/97
7254,5,712,03/02/93,03/12/97
7255,311,712,03/02/93,03/12/97
7256,334,712,03/02/93,03/12/97
7257,304,712,03/02/93,03/12/97
7258,282,712,03/02/93,03/12/97
7259,160,712,03/02/93,03/12/97
7260,353,712,03/02/93,03/12/97
7261,293,712,03/02/93,03/12/97
7262,265,712,03/02/93,03/12/97
7263,261,712,03/02/93,03/12/97
7264,196,712,03/02/93,03/12/97
7265,298,712,03/02/93,03/12/97
7266,100,712,03/02/93,03/12/97
7267,193,712,03/02/93,03/12/97
7268,285,712,03/02/93,03/12/97
7269,257,712,03/02/93,03/12/97
7270,174,712,03/02/93,03/12/97
7271,336,712,03/02/93,03/12/97
7272,375,713,03/02/93,03/12/97
7273,318,713,03/02/93,03/12/97
7274,249,713,03/02/93,03/12/97
7275,72,713,03/02/93,03/12/97
7276,266,713,03/02/93,03/12/97
7277,306,713,03/02/93,03/12/97
7278,26,713,03/02/93,03/12/97
7279,260,713,03/02/93,12/05/96
7280,349,713,03/02/93,03/12/97
7281,73,713,03/02/93,03/12/97
7282,314,713,03/02/93,03/12/97
7283,338,713,03/02/93,03/12/97
7284,286,713,03/02/93,03/12/97
7285,269,713,03/02/93,03/12/97
7286,70,713,03/02/93,03/12/97
7287,345,713,03/02/93,03/12/97
7288,329,713,03/02/93,03/12/97
7289,271,713,03/02/93,03/12/97
7290,2,713,03/02/93,03/12/97
7291,272,713,03/02/93,04/11/95
7292,171,713,03/02/93,03/12/97
7293,31,713,03/02/93,03/12/97
7294,328,713,03/02/93,03/12/97
7295,248,713,03/02/93,03/12/97
7296,238,713,03/02/93,03/12/97
7297,300,713,03/02/93,03/12/97
7298,164,713,03/02/93,03/12/97
7299,296,713,03/02/93,03/12/97
7300,250,713,03/02/93,03/12/97
7301,284,713,03/02/93,03/12/97
7302,356,713,03/02/93,03/12/97
7303,244,713,03/02/93,03/12/97
7304,362,713,03/02/93,03/12/97
7305,364,713,03/02/93,10/14/96
7306,140,713,03/02/93,03/12/97
7307,313,713,03/02/93,03/12/97
7308,253,713,03/02/93,03/12/97
7309,264,713,03/02/93,03/12/97
7310,273,713,03/02/93,03/12/97
7311,274,713,03/02/93,03/12/97
7312,357,713,03/02/93,03/12/97
7313,299,713,03/02/93,03/12/97
7314,354,713,03/02/93,03/12/97
7315,227,713,03/02/93,03/12/97
7316,290,713,03/02/93,03/12/97
7317,258,713,03/02/93,03/12/97
7318,242,713,03/02/93,03/12/97
7319,382,713,07/07/96,03/12/97
7320,386,713,12/31/96,03/12/97
7321,276,714,03/02/93,03/12/97
7322,123,714,03/02/93,03/12/97
7323,360,714,03/02/93,03/12/97
7324,351,714,03/02/93,03/12/97
7325,141,714,03/02/93,03/12/97
7326,158,714,03/02/93,03/12/97
7327,256,714,03/02/93,03/12/97
7328,330,714,03/02/93,03/12/97
7329,237,714,03/02/93,04/11/95
7330,167,714,03/02/93,04/11/95
7331,310,714,03/02/93,03/12/97
7332,344,714,03/02/93,03/12/97
7333,339,714,03/02/93,03/12/97
7334,29,714,03/02/93,03/12/97
7335,283,714,03/02/93,03/12/97
7336,303,714,03/02/93,03/12/97
7337,228,714,03/02/93,03/12/97
7338,27,714,03/02/93,03/12/97
7339,287,714,03/02/93,03/12/97
7340,75,714,03/02/93,03/12/97
7341,209,714,03/02/93,03/12/97
7342,69,714,03/02/93,03/12/97
7343,363,714,03/02/93,03/12/97
7344,211,714,03/02/93,03/12/97
7345,277,714,03/02/93,03/12/97
7346,366,714,03/02/93,03/12/97
7347,137,714,03/02/93,03/12/97
7348,320,714,03/02/93,03/12/97
7349,128,714,03/02/93,03/12/97
7350,104,714,03/02/93,03/12/97
7351,295,714,03/02/93,03/12/97
7352,335,714,03/02/93,03/12/97
7353,294,714,03/02/93,03/12/97
7354,332,714,03/02/93,03/12/97
7355,30,714,03/02/93,03/12/97
7356,177,714,03/02/93,03/12/97
7357,129,714,03/02/93,03/12/97
7358,331,714,03/02/93,03/12/97
7359,148,714,03/02/93,03/12/97
7360,168,714,03/02/93,03/12/97
7361,243,714,03/02/93,03/12/97
7362,370,715,03/02/93,03/12/97
7363,99,715,03/02/93,03/12/97
7364,281,715,03/02/93,10/27/95
7365,365,715,03/02/93,03/12/97
7366,178,715,03/02/93,03/12/97
7367,63,715,03/02/93,03/12/97
7368,275,715,03/02/93,03/12/97
7369,279,715,03/02/93,03/12/97
7370,326,715,03/02/93,01/15/96
7371,231,715,03/02/93,03/12/97
7372,213,715,03/02/93,03/12/97
7373,350,715,03/02/93,03/12/97
7374,194,715,03/02/93,04/11/95
7375,235,715,03/02/93,03/12/97
7376,259,715,03/02/93,03/12/97
7377,240,715,03/02/93,03/12/97
7378,1,715,03/02/93,03/12/97
7379,15,715,03/02/93,04/11/95
7380,254,715,03/02/93,06/24/96
7381,262,715,03/02/93,03/12/97
7382,208,715,03/02/93,03/12/97
7383,341,715,03/02/93,03/12/97
7384,229,715,03/02/93,03/12/97
7385,305,715,03/02/93,03/12/97
7386,288,715,03/02/93,03/12/97
7387,127,715,03/02/93,03/12/97
7388,245,715,03/02/93,03/12/97
7389,232,715,03/02/93,09/12/95
7390,97,715,03/02/93,04/11/95
7391,139,715,03/02/93,03/12/97
7392,175,715,03/02/93,03/12/97
7393,352,715,03/02/93,09/14/96
7394,355,715,03/02/93,03/12/97
7395,268,715,03/02/93,03/12/97
7396,170,715,03/02/93,03/12/97
7397,251,715,03/02/93,03/12/97
7398,374,715,03/02/93,03/12/97
7399,372,715,03/02/93,03/12/97
7400,191,715,03/02/93,03/12/97
7401,225,715,03/02/93,03/12/97
7402,316,715,03/02/93,03/12/97
7403,312,715,03/02/93,06/26/97
7404,327,715,03/02/93,03/12/97
7405,322,715,03/02/93,03/12/97
7406,151,715,03/02/93,03/12/97
7407,383,715,12/22/95,03/12/97
7408,385,715,02/29/96,03/12/97
7409,387,715,03/16/96,03/12/97
7410,384,715,02/10/97,03/12/97
7411,161,716,03/02/93,03/12/97
7412,96,716,03/02/93,03/12/97
7413,163,716,03/02/93,03/12/97
7414,150,716,03/02/93,03/12/97
7415,50,716,03/02/93,02/02/97
7416,166,716,03/02/93,03/12/97
7417,130,716,03/02/93,03/12/97
7418,195,716,03/02/93,03/12/97
7419,61,716,03/02/93,03/12/97
7420,169,716,03/02/93,03/12/97
7421,74,716,03/02/93,03/12/97
7422,122,716,03/02/93,03/12/97
7423,126,716,03/02/93,03/12/97
7424,149,716,03/02/93,03/12/97
7425,60,716,03/02/93,03/12/97
7426,138,716,03/02/93,03/12/97
7427,25,716,03/02/93,03/12/97
7428,124,716,03/02/93,03/12/97
7429,4,716,03/02/93,03/12/97
7430,377,716,05/05/97,03/12/97
7431,346,717,03/02/93,03/12/97
7432,263,717,03/02/93,03/12/97
7433,347,717,03/02/93,03/12/97
7434,62,717,03/02/93,03/12/97
7435,371,717,03/02/93,03/12/97
7436,247,717,03/02/93,03/12/97
7437,252,717,03/02/93,03/12/97
7438,292,717,03/02/93,03/12/97
7439,342,717,03/02/93,03/12/97
7440,359,717,03/02/93,03/12/97
7441,301,717,03/02/93,03/12/97
7442,278,717,03/02/93,03/12/97
7443,14,717,03/02/93,03/12/97
7444,367,717,03/02/93,03/12/97
7445,361,717,03/02/93,03/12/97
7446,280,717,03/02/93,03/12/97
7447,308,717,03/02/93,04/11/95
7448,352,717,06/15/96,03/12/97
7449,324,718,03/02/93,03/12/97
7450,176,718,03/02/93,03/12/97
7451,270,718,03/02/93,03/12/97
7452,241,718,03/02/93,03/12/97
7453,317,718,03/02/93,03/12/97
7454,319,718,03/02/93,03/12/97
7455,343,718,03/02/93,03/12/97
7456,302,718,03/02/93,03/12/97
7457,373,718,03/02/93,03/12/97
7458,325,718,03/02/93,03/12/97
7459,309,718,03/02/93,03/12/97
7460,98,718,03/02/93,03/12/97
7461,307,718,03/02/93,03/12/97
7462,159,718,03/02/93,10/08/96
7463,267,718,03/02/93,03/12/97
7464,358,718,03/02/93,03/12/97
7465,323,718,03/02/93,03/12/97
7466,376,718,03/02/93,03/12/97
7467,102,718,03/02/93,03/12/97
7468,315,718,03/02/93,03/12/97
7469,291,718,03/02/93,03/12/97
7470,103,718,03/02/93,10/18/96
7471,172,718,03/02/93,07/29/96
7472,333,718,03/02/93,03/12/97
7473,226,718,03/02/93,06/10/96
7474,340,718,03/02/93,03/12/97
7475,369,718,03/02/93,03/12/97
7476,368,718,03/02/93,03/12/97
7477,289,718,03/02/93,03/12/97
7478,321,718,03/02/93,03/12/97
7479,246,718,03/02/93,03/12/97
7480,297,718,03/02/93,03/12/97
7481,192,718,03/02/93,03/12/97
7482,125,718,03/02/93,03/12/97
7483,210,718,03/02/93,03/12/97
7484,212,718,03/02/93,03/12/97
7485,348,718,03/02/93,03/12/97
7486,255,718,03/02/93,03/12/97
7487,379,718,10/24/96,03/12/97
7488,380,718,04/11/96,03/12/97
7489,381,718,01/01/97,03/12/97
7490,378,718,11/01/97,03/12/97
7491,194,719,05/11/95,03/12/97
7492,15,719,05/11/95,03/12/97
7493,237,719,05/11/95,03/12/97
7494,167,719,05/11/95,03/12/97
7495,272,719,05/11/95,03/12/97
7496,308,719,05/11/95,03/12/97
7497,97,719,05/11/95,03/12/97
7498,254,720,06/25/96,03/12/97
7499,3,812,09/01/98,11/25/02
7500,193,812,09/01/98,11/25/02
7501,5,812,09/01/98,11/25/02
7502,196,812,09/01/98,11/25/02
7503,478,812,09/01/98,11/25/02
7504,436,812,09/01/98,11/25/02
7505,437,812,09/01/98,11/25/02
7506,304,812,09/01/98,11/25/02
7507,389,812,09/01/98,11/25/02
7508,265,812,09/01/98,11/25/02
7509,336,812,09/01/98,11/25/02
7510,337,812,09/01/98,11/25/02
7511,257,812,09/01/98,11/25/02
7512,455,812,09/01/98,11/25/02
7513,311,812,09/01/98,11/25/02
7514,174,812,09/01/98,11/25/02
7515,353,812,09/01/98,11/25/02
7516,285,812,09/01/98,11/25/02
7517,442,812,09/01/98,11/25/02
7518,261,812,09/01/98,11/25/02
7519,395,812,09/01/98,11/25/02
7520,405,812,09/01/98,11/25/02
7521,488,812,04/29/00,11/25/02
7522,463,813,09/01/98,11/25/02
7523,464,813,09/01/98,11/25/02
7524,354,813,09/01/98,11/25/02
7525,483,813,09/01/98,11/25/02
7526,2,813,09/01/98,11/25/02
7527,460,813,09/01/98,11/25/02
7528,466,813,09/01/98,11/25/02
7529,345,813,09/01/98,11/25/02
7530,472,813,09/01/98,11/25/02
7531,484,813,04/07/99,11/25/02
7532,69,814,09/01/98,11/25/02
7533,129,814,09/01/98,11/25/02
7534,399,814,09/01/98,11/25/02
7535,137,814,09/01/98,11/25/02
7536,158,814,09/01/98,11/25/02
7537,390,814,09/01/98,11/25/02
7538,404,814,09/01/98,11/25/02
7539,388,814,09/01/98,11/25/02
7540,391,814,09/01/98,11/25/02
7541,401,814,09/01/98,11/25/02
7542,403,814,09/01/98,11/25/02
7543,168,814,09/01/98,11/25/02
7544,397,814,09/01/98,11/25/02
7545,167,814,09/01/98,04/11/95
7546,75,814,09/01/98,11/25/02
7547,468,815,09/01/98,11/25/02
7548,355,815,09/01/98,11/25/02
7549,305,815,09/01/98,11/25/02
7550,63,815,09/01/98,11/25/02
7551,316,815,09/01/98,11/25/02
7552,430,815,09/01/98,11/25/02
7553,374,815,09/01/98,11/25/02
7554,235,815,09/01/98,11/25/02
7555,415,815,09/01/98,11/25/02
7556,327,815,09/01/98,11/25/02
7557,449,815,09/01/98,11/25/02
7558,262,815,09/01/98,11/25/02
7559,341,815,09/01/98,11/25/02
7560,178,815,09/01/98,11/25/02
7561,231,815,09/01/98,11/25/02
7562,423,815,09/01/98,06/24/96
7563,151,815,09/01/98,11/25/02
7564,139,815,09/01/98,11/25/02
7565,191,815,09/01/98,11/25/02
7566,15,815,09/01/98,04/11/95
7567,259,815,09/01/98,04/28/00
7568,352,815,09/01/98,09/14/96
7569,470,815,09/01/98,11/25/02
7570,414,815,09/01/98,12/30/99
7571,473,815,09/01/98,11/25/02
7572,288,815,09/01/98,11/25/02
7573,229,815,09/01/98,09/03/02
7574,434,815,09/01/98,11/25/02
7575,208,815,09/01/98,11/25/02
7576,268,815,09/01/98,11/25/02
7577,245,815,09/01/98,11/25/02
7578,400,815,09/01/98,11/25/02
7579,97,815,09/01/98,04/11/95
7580,420,815,09/01/98,11/25/02
7581,1,815,09/01/98,11/25/02
7582,194,815,09/01/98,04/11/95
7583,175,815,09/01/98,11/25/02
7584,461,815,09/01/98,11/25/02
7585,365,815,09/01/98,11/25/02
7586,394,815,09/01/98,11/25/02
7587,408,815,09/01/98,11/25/02
7588,490,815,03/30/00,11/25/02
7589,486,815,08/06/02,11/25/02
7590,126,816,09/01/98,11/25/02
7591,130,816,09/01/98,11/25/02
7592,406,816,09/01/98,11/25/02
7593,25,816,09/01/98,11/25/02
7594,4,816,09/01/98,11/25/02
7595,61,816,09/01/98,11/25/02
7596,398,816,09/01/98,11/25/02
7597,50,816,09/01/98,11/25/02
7598,407,816,09/01/98,11/25/02
7599,96,816,09/01/98,03/12/99
7600,138,816,09/01/98,11/25/02
7601,393,816,09/01/98,11/25/02
7602,149,816,09/01/98,11/25/02
7603,74,816,09/01/98,11/25/02
7604,166,816,09/01/98,11/25/02
7605,150,816,09/01/98,11/25/02
7606,124,816,09/01/98,11/25/02
7607,195,816,09/01/98,11/25/02
7608,169,816,09/01/98,05/03/99
7609,62,817,09/01/98,11/25/02
7610,308,817,09/01/98,04/11/95
7611,481,817,09/01/98,11/25/02
7612,247,817,09/01/98,11/25/02
7613,361,817,09/01/98,11/25/02
7614,445,817,09/01/98,11/25/02
7615,469,817,09/01/98,11/25/02
7616,292,817,09/01/98,11/25/02
7617,342,817,09/01/98,11/25/02
7618,433,817,09/01/98,11/25/02
7619,14,817,09/01/98,11/25/02
7620,435,817,09/01/98,11/25/02
7621,367,817,09/01/98,11/25/02
7622,458,817,09/01/98,11/25/02
7623,421,817,09/01/98,11/25/02
7624,359,817,09/01/98,11/25/02
7625,480,817,09/01/98,11/25/02
7626,263,817,09/01/98,11/25/02
7627,457,817,09/01/98,11/25/02
7628,493,817,02/11/01,11/25/02
7629,125,818,09/01/98,11/25/02
7630,451,818,09/01/98,11/25/02
7631,376,818,09/01/98,11/25/02
7632,450,818,09/01/98,11/25/02
7633,307,818,09/01/98,11/25/02
7634,317,818,09/01/98,11/25/02
7635,368,818,09/01/98,11/25/02
7636,369,818,09/01/98,11/25/02
7637,315,818,09/01/98,11/25/02
7638,176,818,09/01/98,11/25/02
7639,424,818,09/01/98,11/25/02
7640,267,818,09/01/98,11/25/02
7641,291,818,09/01/98,03/12/01
7642,103,818,09/01/98,11/25/02
7643,418,818,09/01/98,11/25/02
7644,396,818,09/01/98,11/25/02
7645,343,818,09/01/98,11/25/02
7646,98,818,09/01/98,11/25/02
7647,465,818,09/01/98,11/25/02
7648,325,818,09/01/98,11/25/02
7649,270,818,09/01/98,11/25/02
7650,482,818,09/01/98,11/25/02
7651,454,818,09/01/98,11/25/02
7652,448,818,09/01/98,11/25/02
7653,321,818,09/01/98,11/25/02
7654,309,818,09/01/98,11/25/02
7655,289,818,09/01/98,11/25/02
7656,340,818,09/01/98,11/25/02
7657,459,818,09/01/98,11/25/02
7658,471,818,09/01/98,11/25/02
7659,411,818,09/01/98,11/25/02
7660,413,818,09/01/98,11/25/02
7661,477,818,09/01/98,11/25/02
7662,441,818,09/01/98,11/25/02
7663,446,818,09/01/98,11/25/02
7664,192,818,09/01/98,11/25/02
7665,474,818,09/01/98,11/25/02
7666,264,819,09/01/98,11/25/02
7667,306,819,09/01/98,11/25/02
7668,244,819,09/01/98,11/25/02
7669,249,819,09/01/98,11/25/02
7670,72,819,09/01/98,11/25/02
7671,26,819,09/01/98,04/04/99
7672,422,819,09/01/98,11/25/02
7673,266,819,09/01/98,11/25/02
7674,440,819,09/01/98,11/25/02
7675,409,819,09/01/98,11/25/02
7676,426,819,09/01/98,03/12/99
7677,290,819,09/01/98,11/25/02
7678,286,819,09/01/98,11/25/02
7679,284,819,09/01/98,11/25/02
7680,392,819,09/01/98,11/25/02
7681,328,819,09/01/98,11/25/02
7682,269,819,09/01/98,11/25/02
7683,402,819,09/01/98,12/08/99
7684,258,819,09/01/98,11/25/02
7685,329,819,09/01/98,11/25/02
7686,73,819,09/01/98,11/25/02
7687,318,819,09/01/98,11/25/02
7688,164,819,09/01/98,03/12/00
7689,443,819,09/01/98,11/25/02
7690,429,819,09/01/98,11/25/02
7691,416,819,09/01/98,11/25/02
7692,419,819,09/01/98,11/25/02
7693,375,819,09/01/98,11/25/02
7694,428,819,09/01/98,11/25/02
7695,447,819,09/01/98,11/25/02
7696,242,819,09/01/98,11/25/02
7697,444,819,09/01/98,11/25/02
7698,427,819,09/01/98,04/11/95
7699,248,819,09/01/98,11/25/02
7700,314,819,09/01/98,11/25/02
7701,70,819,09/01/98,11/25/02
7702,338,819,09/01/98,11/25/02
7703,425,820,09/01/98,11/25/02
7704,475,820,09/01/98,11/25/02
7705,410,820,09/01/98,11/25/02
7706,412,820,09/01/98,11/25/02
7707,310,820,09/01/98,11/25/02
7708,320,820,09/01/98,11/25/02
7709,339,820,09/01/98,11/25/02
7710,432,820,09/01/98,11/25/02
7711,452,820,09/01/98,11/25/02
7712,287,820,09/01/98,11/25/02
7713,453,820,09/01/98,11/25/02
7714,439,820,09/01/98,11/25/02
7715,431,820,09/01/98,11/25/02
7716,283,820,09/01/98,11/25/02
7717,438,820,09/01/98,11/25/02
7718,363,820,09/01/98,11/25/02
7719,467,820,09/01/98,11/25/02
7720,243,820,09/01/98,11/25/02
7721,462,820,09/01/98,11/25/02
7722,344,820,09/01/98,11/25/02
7723,456,820,09/01/98,11/25/02
7724,476,820,09/01/98,11/25/02
7725,237,820,09/01/98,04/11/95
7726,360,820,09/01/98,11/25/02
7727,479,820,09/01/98,11/25/02
7728,417,820,09/01/98,11/25/02
7729,330,820,09/01/98,11/25/02
7730,303,820,09/01/98,11/25/02
7731,177,820,09/01/98,11/25/02
7732,485,820,04/06/99,11/25/02
7733,489,821,11/11/99,11/25/02
7734,487,821,07/28/00,11/25/02
7736,492,821,07/18/02,11/25/02
7737,426,822,04/12/99,11/25/02
7738,96,822,04/12/99,11/25/02
7739,164,822,12/14/00,11/25/02
7740,291,822,04/10/01,11/25/02
7741,158,914,05/01/03,
7742,168,914,05/01/03,
7743,399,914,05/01/03,
7744,404,914,05/01/03,
7745,129,914,05/01/03,
7746,514,914,05/01/03,
7747,391,914,05/01/03,
7748,75,914,05/01/03,
7749,69,914,05/01/03,
7750,499,914,05/01/03,
7751,397,914,05/01/03,
7752,403,914,05/01/03,
7753,167,914,05/01/03,
7754,516,914,05/01/03,
7755,401,914,05/01/03,
7756,528,914,05/21/05,
7757,314,914,07/26/06,
7758,340,914,08/26/06,
7759,532,914,04/14/07,
7760,504,915,05/01/03,01/19/07
7761,341,915,05/01/03,
7762,394,915,05/01/03,
7763,408,915,05/01/03,
7764,139,915,05/01/03,
7765,268,915,05/01/03,
7766,430,915,05/01/03,
7767,415,915,05/01/03,
7768,508,915,05/01/03,
7769,470,915,05/01/03,
7770,468,915,05/01/03,
7771,355,915,05/01/03,
7772,501,915,05/01/03,
7773,327,915,05/01/03,
7774,1,915,05/01/03,
7775,434,915,05/01/03,
7776,316,915,05/01/03,
7777,490,915,05/01/03,
7778,423,915,05/01/03,07/07/06
7779,288,915,05/01/03,
7780,486,915,05/01/03,
7781,305,915,05/01/03,
7782,461,915,05/01/03,
7783,262,915,05/01/03,
7784,473,915,05/01/03,
7785,500,915,05/01/03,
7786,497,915,05/01/03,
7787,97,915,05/01/03,
7788,519,915,05/01/03,
7789,151,915,05/01/03,
7790,509,915,05/01/03,
7791,15,915,05/01/03,
7792,175,915,05/01/03,
7793,245,915,05/01/03,
7794,507,915,05/01/03,
7795,400,915,05/01/03,
7796,352,915,05/01/03,
7797,374,915,05/01/03,
7798,365,915,05/01/03,
7799,443,915,08/26/06,
7800,529,915,09/09/06,
7801,530,915,09/30/06,
7802,533,915,12/24/06,
7803,495,916,05/01/03,
7804,406,916,05/01/03,
7805,25,916,05/01/03,
7806,74,916,05/01/03,
7807,130,916,05/01/03,
7808,124,916,05/01/03,
7809,496,916,05/01/03,
7810,166,916,05/01/03,
7811,149,916,05/01/03,
7812,96,916,05/01/03,
7813,505,916,05/01/03,
7814,138,916,05/01/03,
7815,498,916,05/01/03,
7816,150,916,05/01/03,
7817,393,916,05/01/03,
7818,407,916,05/01/03,
7819,61,916,05/01/03,
7820,398,916,05/01/03,
7821,487,916,08/26/06,
7822,14,917,05/01/03,
7823,469,917,05/01/03,
7824,433,917,05/01/03,
7825,247,917,05/01/03,
7826,520,917,05/01/03,
7827,308,917,05/01/03,
7828,493,917,05/01/03,
7829,367,917,05/01/03,
7830,62,917,05/01/03,
7831,435,917,05/01/03,
7832,361,917,05/01/03,
7833,480,917,05/01/03,
7834,445,917,05/01/03,
7835,481,917,05/01/03,
7836,292,917,05/01/03,
7837,359,917,05/01/03,
7838,342,917,05/01/03,
7839,263,917,05/01/03,
7840,512,917,07/16/05,
7841,526,918,03/02/93,
7842,103,918,05/01/03,
7843,98,918,05/01/03,
7844,343,918,05/01/03,
7845,309,918,05/01/03,
7846,474,918,05/01/03,
7847,315,918,05/01/03,
7848,317,918,05/01/03,
7849,270,918,05/01/03,
7850,368,918,05/01/03,
7851,465,918,05/01/03,
7852,176,918,05/01/03,
7853,424,918,05/01/03,
7854,396,918,05/01/03,
7855,307,918,05/01/03,
7856,267,918,05/01/03,
7857,502,918,05/01/03,
7858,517,918,05/01/03,
7859,321,918,05/01/03,
7860,513,918,05/01/03,
7861,477,918,05/01/03,
7862,522,918,05/01/03,
7863,459,918,05/01/03,
7864,291,918,05/01/03,
7865,369,918,05/01/03,
7866,441,918,05/01/03,
7867,525,918,05/01/03,
7868,450,918,05/01/03,
7869,340,918,05/01/03,08/25/06
7870,411,918,05/01/03,
7871,413,918,05/01/03,
7872,451,918,05/01/03,
7873,125,918,05/01/03,
7874,289,918,05/01/03,
7875,448,918,05/01/03,
7876,446,918,05/01/03,
7877,325,918,05/01/03,
7878,426,919,05/01/03,08/18/03
7879,447,919,05/01/03,
7880,244,919,05/01/03,
7881,521,919,05/01/03,
7882,416,919,05/01/03,
7883,443,919,05/01/03,08/25/06
7884,518,919,05/01/03,
7885,428,919,05/01/03,
7886,248,919,05/01/03,
7887,70,919,05/01/03,12/04/04
7888,72,919,05/01/03,
7889,511,919,05/01/03,
7890,264,919,05/01/03,
7891,329,919,05/01/03,
7892,328,919,05/01/03,
7893,512,919,05/01/03,07/15/05
7894,409,919,05/01/03,
7895,318,919,05/01/03,
7896,422,919,05/01/03,
7897,266,919,05/01/03,
7898,249,919,05/01/03,
7899,290,919,05/01/03,
7900,444,919,05/01/03,
7901,73,919,05/01/03,
7902,338,919,05/01/03,
7903,286,919,05/01/03,
7904,258,919,05/01/03,
7905,314,919,05/01/03,07/25/06
7906,427,919,05/01/03,
7907,306,919,05/01/03,
7908,284,919,05/01/03,
7909,392,919,05/01/03,
7910,269,919,05/01/03,
7911,429,919,05/01/03,
7912,164,919,05/01/03,
7913,531,919,11/11/03,
7914,527,919,06/07/04,
7915,453,920,05/01/03,
7916,431,920,05/01/03,
7917,330,920,05/01/03,
7918,344,920,05/01/03,
7919,485,920,05/01/03,
7920,432,920,05/01/03,
7921,510,920,05/01/03,
7922,339,920,05/01/03,
7923,243,920,05/01/03,
7924,438,920,05/01/03,
7925,476,920,05/01/03,
7926,360,920,05/01/03,
7927,283,920,05/01/03,
7928,462,920,05/01/03,
7929,456,920,05/01/03,
7930,410,920,05/01/03,
7931,479,920,05/01/03,
7932,310,920,05/01/03,
7933,467,920,05/01/03,
7934,363,920,05/01/03,
7935,439,920,05/01/03,
7936,177,920,05/01/03,02/25/05
7937,412,920,05/01/03,
7938,320,920,05/01/03,
7939,417,920,05/01/03,
7940,303,920,05/01/03,
7941,287,920,05/01/03,
7942,452,920,05/01/03,
7943,425,920,05/01/03,
7944,475,920,05/01/03,
7945,489,921,05/01/03,
7946,491,921,05/01/03,
7947,492,921,05/01/03,
7948,487,921,05/01/03,08/25/06
7949,464,923,05/01/03,
7950,488,923,05/01/03,
7951,506,923,05/01/03,
7952,472,923,05/01/03,
7953,405,923,05/01/03,
7954,395,923,05/01/03,
7955,524,923,05/01/03,
7956,503,923,05/01/03,
7957,478,923,05/01/03,
7958,354,923,05/01/03,06/16/06
7959,484,923,05/01/03,
7960,466,923,05/01/03,
7961,5,923,05/01/03,
7962,353,923,05/01/03,
7963,442,923,05/01/03,
7964,460,923,05/01/03,
7965,2,923,05/01/03,
7966,523,923,05/01/03,
7967,304,923,05/01/03,
7968,265,923,05/01/03,
7969,345,923,05/01/03,
7970,483,923,05/01/03,
7971,515,923,05/01/03,09/30/06
7972,285,923,05/01/03,
7973,494,923,05/01/03,
7974,437,923,05/01/03,
7975,257,923,05/01/03,
7976,174,923,05/01/03,
7977,436,923,05/01/03,
7978,336,923,05/01/03,
7979,337,923,05/01/03,
7980,261,923,05/01/03,
