SET TRACE_LEVEL_FILE 1;       
SET WRITE_DELAY 500;          
SET CLUSTER '';               
SET DEFAULT_TABLE_TYPE 0;     
SET DEFAULT_LOCK_TIMEOUT 1000;
SET TRACE_LEVEL_SYSTEM_OUT 0; 
SET CACHE_SIZE 16384;         
;             
CREATE USER IF NOT EXISTS SA SALT '639c4703c5386f70' HASH '8a14c49558709d0202b9712aa71bd64dee9494450b6b3a06f89e409ac7ae0bae' ADMIN;           
CREATE SEQUENCE PUBLIC.SYSTEM_SEQUENCE_113DAF61_DFF7_4070_A19A_8CEBEBC694F7 START WITH 3 BELONGS_TO_TABLE;    
CREATE CACHED TABLE PUBLIC.METADATA_SOURCES(
    ID INT DEFAULT (NEXT VALUE FOR PUBLIC.SYSTEM_SEQUENCE_113DAF61_DFF7_4070_A19A_8CEBEBC694F7) NOT NULL NULL_TO_DEFAULT SEQUENCE PUBLIC.SYSTEM_SEQUENCE_113DAF61_DFF7_4070_A19A_8CEBEBC694F7,
    DISPLAY_NAME VARCHAR(100),
    TABLE_NAME VARCHAR(100)
);     
-- 2 = SELECT COUNT(*) FROM PUBLIC.METADATA_SOURCES;          
INSERT INTO PUBLIC.METADATA_SOURCES(ID, DISPLAY_NAME, TABLE_NAME) VALUES(1, 'Members of Parliament', 'members_of_parliament');
INSERT INTO PUBLIC.METADATA_SOURCES(ID, DISPLAY_NAME, TABLE_NAME) VALUES(2, 'Tabled Documents', 'tabled_documents');          
CREATE PRIMARY KEY ON PUBLIC.METADATA_SOURCES(ID);            
CREATE CACHED TABLE PUBLIC.EDITOR_MACROS(
    PROG_LANGUAGE CHAR(20) NOT NULL,
    LIBRARY_NAME VARCHAR(100) NOT NULL,
    MACRO_NAME VARCHAR(100) NOT NULL,
    NO_OF_PARAMS INT
);          
-- 23 = SELECT COUNT(*) FROM PUBLIC.EDITOR_MACROS;            
INSERT INTO PUBLIC.EDITOR_MACROS(PROG_LANGUAGE, LIBRARY_NAME, MACRO_NAME, NO_OF_PARAMS) VALUES('Basic', 'BungeniLibs.Common', 'AddSectionInsideSectionWithStyle', 4);         
INSERT INTO PUBLIC.EDITOR_MACROS(PROG_LANGUAGE, LIBRARY_NAME, MACRO_NAME, NO_OF_PARAMS) VALUES('Basic', 'BungeniLibs.Common', 'SearchAndReplace', 2);         
INSERT INTO PUBLIC.EDITOR_MACROS(PROG_LANGUAGE, LIBRARY_NAME, MACRO_NAME, NO_OF_PARAMS) VALUES('Basic', 'BungeniLibs.Common', 'AddSectionInsideSection', 2);  
INSERT INTO PUBLIC.EDITOR_MACROS(PROG_LANGUAGE, LIBRARY_NAME, MACRO_NAME, NO_OF_PARAMS) VALUES('Basic', 'BungeniLibs.Common', 'InsertHTMLDocumentIntoSection', 3);            
INSERT INTO PUBLIC.EDITOR_MACROS(PROG_LANGUAGE, LIBRARY_NAME, MACRO_NAME, NO_OF_PARAMS) VALUES('Basic', 'BungeniLibs.Common', 'CursorInSection', 0);          
INSERT INTO PUBLIC.EDITOR_MACROS(PROG_LANGUAGE, LIBRARY_NAME, MACRO_NAME, NO_OF_PARAMS) VALUES('Basic', 'BungeniLibs.Common', 'AddSectionInsideSectionWithAttributes', 4);    
INSERT INTO PUBLIC.EDITOR_MACROS(PROG_LANGUAGE, LIBRARY_NAME, MACRO_NAME, NO_OF_PARAMS) VALUES('Basic', 'BungeniLibs.Common', 'SearchAndReplaceWithAttributes', 4);           
INSERT INTO PUBLIC.EDITOR_MACROS(PROG_LANGUAGE, LIBRARY_NAME, MACRO_NAME, NO_OF_PARAMS) VALUES('Basic', 'BungeniLibs.Common', 'InsertArrayAsBulletList', 3);  
INSERT INTO PUBLIC.EDITOR_MACROS(PROG_LANGUAGE, LIBRARY_NAME, MACRO_NAME, NO_OF_PARAMS) VALUES('Basic', 'BungeniLibs.Common', 'SearchAndReplace2', 4);        
INSERT INTO PUBLIC.EDITOR_MACROS(PROG_LANGUAGE, LIBRARY_NAME, MACRO_NAME, NO_OF_PARAMS) VALUES('Basic', 'BungeniLibs.Common', 'AddTextSection', 3);           
INSERT INTO PUBLIC.EDITOR_MACROS(PROG_LANGUAGE, LIBRARY_NAME, MACRO_NAME, NO_OF_PARAMS) VALUES('Basic', 'BungeniLibs.Common', 'InsertDocumentIntoSection', 3);
INSERT INTO PUBLIC.EDITOR_MACROS(PROG_LANGUAGE, LIBRARY_NAME, MACRO_NAME, NO_OF_PARAMS) VALUES('Basic', 'BungeniLibs.Common', 'AddImageIntoSection', 2);      
INSERT INTO PUBLIC.EDITOR_MACROS(PROG_LANGUAGE, LIBRARY_NAME, MACRO_NAME, NO_OF_PARAMS) VALUES('Basic', 'BungeniLibs.Common', 'SetInputFieldValue', 2);       
INSERT INTO PUBLIC.EDITOR_MACROS(PROG_LANGUAGE, LIBRARY_NAME, MACRO_NAME, NO_OF_PARAMS) VALUES('Basic', 'BungeniLibs.Common', 'SetReferenceInputFieldValue', 3);              
INSERT INTO PUBLIC.EDITOR_MACROS(PROG_LANGUAGE, LIBRARY_NAME, MACRO_NAME, NO_OF_PARAMS) VALUES('Basic', 'BungeniLibs.Common', 'SetSectionMetadata', 3);       
INSERT INTO PUBLIC.EDITOR_MACROS(PROG_LANGUAGE, LIBRARY_NAME, MACRO_NAME, NO_OF_PARAMS) VALUES('Basic', 'BungeniLibs.Common', 'RenameSection', 2);            
INSERT INTO PUBLIC.EDITOR_MACROS(PROG_LANGUAGE, LIBRARY_NAME, MACRO_NAME, NO_OF_PARAMS) VALUES('Basic', 'BungeniLibs.Common', 'ReplaceLinkInSectionByName', 5);               
INSERT INTO PUBLIC.EDITOR_MACROS(PROG_LANGUAGE, LIBRARY_NAME, MACRO_NAME, NO_OF_PARAMS) VALUES('Basic', 'BungeniLibs.Common', 'MoveSection', 4);              
INSERT INTO PUBLIC.EDITOR_MACROS(PROG_LANGUAGE, LIBRARY_NAME, MACRO_NAME, NO_OF_PARAMS) VALUES('Basic', 'BungeniLibs.Common', 'InsertSectionAfterSection', 3);
INSERT INTO PUBLIC.EDITOR_MACROS(PROG_LANGUAGE, LIBRARY_NAME, MACRO_NAME, NO_OF_PARAMS) VALUES('Basic', 'BungeniLibs.Common', 'InsertSectionAfterSectionWithStyle', 5);       
INSERT INTO PUBLIC.EDITOR_MACROS(PROG_LANGUAGE, LIBRARY_NAME, MACRO_NAME, NO_OF_PARAMS) VALUES('Basic', 'BungeniLibs.Common', 'RemoveSectionAndContents', 2); 
INSERT INTO PUBLIC.EDITOR_MACROS(PROG_LANGUAGE, LIBRARY_NAME, MACRO_NAME, NO_OF_PARAMS) VALUES('Basic', 'BungeniLibs.Common', 'InsertArrayAsBulletListAtCurrentCursor', 3);   
INSERT INTO PUBLIC.EDITOR_MACROS(PROG_LANGUAGE, LIBRARY_NAME, MACRO_NAME, NO_OF_PARAMS) VALUES('Basic', 'BungeniLibs.Common', 'ReplaceTextWithField', 3);     
CREATE PRIMARY KEY ON PUBLIC.EDITOR_MACROS(PROG_LANGUAGE, LIBRARY_NAME, MACRO_NAME);          
CREATE CACHED TABLE PUBLIC.ACTION_PARENT(
    DOC_TYPE VARCHAR(100) NOT NULL,
    ACTION_NAME VARCHAR(100) NOT NULL,
    PARENT_ACTION VARCHAR(100) NOT NULL
);               
-- 18 = SELECT COUNT(*) FROM PUBLIC.ACTION_PARENT;            
INSERT INTO PUBLIC.ACTION_PARENT(DOC_TYPE, ACTION_NAME, PARENT_ACTION) VALUES('debaterecord', 'makePrayerMarkup', 'makePrayerSection');       
INSERT INTO PUBLIC.ACTION_PARENT(DOC_TYPE, ACTION_NAME, PARENT_ACTION) VALUES('debaterecord', 'makePaperMarkup', 'makePaperSection');         
INSERT INTO PUBLIC.ACTION_PARENT(DOC_TYPE, ACTION_NAME, PARENT_ACTION) VALUES('debaterecord', 'makePaperDetailsMarkup', 'makePaperSection');  
INSERT INTO PUBLIC.ACTION_PARENT(DOC_TYPE, ACTION_NAME, PARENT_ACTION) VALUES('debaterecord', 'makeNoticeOfMotionMarkup', 'makeNoticeOfMotionSection');       
INSERT INTO PUBLIC.ACTION_PARENT(DOC_TYPE, ACTION_NAME, PARENT_ACTION) VALUES('debaterecord', 'makeCommentsMarkup', 'makeSpeechBlockSection');
INSERT INTO PUBLIC.ACTION_PARENT(DOC_TYPE, ACTION_NAME, PARENT_ACTION) VALUES('debaterecord', 'makeNoticeMarkup', 'makeNoticeOfMotionSection');               
INSERT INTO PUBLIC.ACTION_PARENT(DOC_TYPE, ACTION_NAME, PARENT_ACTION) VALUES('debaterecord', 'makeSpeechMarkup', 'makeSpeechBlockSection');  
INSERT INTO PUBLIC.ACTION_PARENT(DOC_TYPE, ACTION_NAME, PARENT_ACTION) VALUES('debaterecord', 'makeCommentsMarkup', 'makeNoticeOfMotionSection');             
INSERT INTO PUBLIC.ACTION_PARENT(DOC_TYPE, ACTION_NAME, PARENT_ACTION) VALUES('debaterecord', 'makeCommentsMarkup', 'makeQuestionBlockSection');              
INSERT INTO PUBLIC.ACTION_PARENT(DOC_TYPE, ACTION_NAME, PARENT_ACTION) VALUES('debaterecord', 'makeCommentsMarkup', 'makePaperSection');      
INSERT INTO PUBLIC.ACTION_PARENT(DOC_TYPE, ACTION_NAME, PARENT_ACTION) VALUES('debaterecord', 'makeCommentsMarkup', 'makePrayerSection');     
INSERT INTO PUBLIC.ACTION_PARENT(DOC_TYPE, ACTION_NAME, PARENT_ACTION) VALUES('debaterecord', 'makeSpeechBlockSection', 'makeQASection');     
INSERT INTO PUBLIC.ACTION_PARENT(DOC_TYPE, ACTION_NAME, PARENT_ACTION) VALUES('debaterecord', 'makeSpeechBlockSection', 'makeNoticeOfMotionSection');         
INSERT INTO PUBLIC.ACTION_PARENT(DOC_TYPE, ACTION_NAME, PARENT_ACTION) VALUES('debaterecord', 'makeQuestionBlockSection', 'makeQASection');   
INSERT INTO PUBLIC.ACTION_PARENT(DOC_TYPE, ACTION_NAME, PARENT_ACTION) VALUES('debaterecord', 'makeSpeechBlockSection', 'makeQuestionBlockSection');          
INSERT INTO PUBLIC.ACTION_PARENT(DOC_TYPE, ACTION_NAME, PARENT_ACTION) VALUES('debaterecord', 'makeQATitleMarkup', 'makeQASection');          
INSERT INTO PUBLIC.ACTION_PARENT(DOC_TYPE, ACTION_NAME, PARENT_ACTION) VALUES('debaterecord', 'makeQuestionTitleMarkup', 'makeQuestionBlockSection');         
INSERT INTO PUBLIC.ACTION_PARENT(DOC_TYPE, ACTION_NAME, PARENT_ACTION) VALUES('debaterecord', 'makeQuestionTextMarkup', 'makeQuestionBlockSection');          
CREATE PRIMARY KEY ON PUBLIC.ACTION_PARENT(DOC_TYPE, ACTION_NAME, PARENT_ACTION);             
CREATE INDEX PUBLIC.CONSTRAINT_5_INDEX_0 ON PUBLIC.ACTION_PARENT(ACTION_NAME);
CREATE CACHED TABLE PUBLIC.DOCUMENT_SECTION_TYPES(
    DOC_TYPE VARCHAR(100) NOT NULL,
    SECTION_TYPE_NAME VARCHAR(50) NOT NULL
);          
-- 13 = SELECT COUNT(*) FROM PUBLIC.DOCUMENT_SECTION_TYPES;   
INSERT INTO PUBLIC.DOCUMENT_SECTION_TYPES(DOC_TYPE, SECTION_TYPE_NAME) VALUES('debaterecord', 'MastHead');    
INSERT INTO PUBLIC.DOCUMENT_SECTION_TYPES(DOC_TYPE, SECTION_TYPE_NAME) VALUES('debaterecord', 'NoticeOfMotion');              
INSERT INTO PUBLIC.DOCUMENT_SECTION_TYPES(DOC_TYPE, SECTION_TYPE_NAME) VALUES('debaterecord', 'NoticeOfMotionDetails');       
INSERT INTO PUBLIC.DOCUMENT_SECTION_TYPES(DOC_TYPE, SECTION_TYPE_NAME) VALUES('debaterecord', 'MetadataContainer');           
INSERT INTO PUBLIC.DOCUMENT_SECTION_TYPES(DOC_TYPE, SECTION_TYPE_NAME) VALUES('debaterecord', 'QAContainer'); 
INSERT INTO PUBLIC.DOCUMENT_SECTION_TYPES(DOC_TYPE, SECTION_TYPE_NAME) VALUES('debaterecord', 'Question');    
INSERT INTO PUBLIC.DOCUMENT_SECTION_TYPES(DOC_TYPE, SECTION_TYPE_NAME) VALUES('debaterecord', 'QuestionContainer');           
INSERT INTO PUBLIC.DOCUMENT_SECTION_TYPES(DOC_TYPE, SECTION_TYPE_NAME) VALUES('debaterecord', 'Speech');      
INSERT INTO PUBLIC.DOCUMENT_SECTION_TYPES(DOC_TYPE, SECTION_TYPE_NAME) VALUES('debaterecord', 'None');        
INSERT INTO PUBLIC.DOCUMENT_SECTION_TYPES(DOC_TYPE, SECTION_TYPE_NAME) VALUES('debaterecord', 'RootSection'); 
INSERT INTO PUBLIC.DOCUMENT_SECTION_TYPES(DOC_TYPE, SECTION_TYPE_NAME) VALUES('debaterecord', 'SystemMemberMetadata');        
INSERT INTO PUBLIC.DOCUMENT_SECTION_TYPES(DOC_TYPE, SECTION_TYPE_NAME) VALUES('debaterecord', 'SystemDateTimeMetadata');      
INSERT INTO PUBLIC.DOCUMENT_SECTION_TYPES(DOC_TYPE, SECTION_TYPE_NAME) VALUES('debaterecord', 'Paper');       
CREATE PRIMARY KEY ON PUBLIC.DOCUMENT_SECTION_TYPES(DOC_TYPE, SECTION_TYPE_NAME);             
CREATE CACHED TABLE PUBLIC.DOCUMENT_TYPES(
    DOC_TYPE VARCHAR(100) NOT NULL,
    DESCRIPTION VARCHAR(100)
);
-- 5 = SELECT COUNT(*) FROM PUBLIC.DOCUMENT_TYPES;            
INSERT INTO PUBLIC.DOCUMENT_TYPES(DOC_TYPE, DESCRIPTION) VALUES('debaterecord', 'Debate Record');             
INSERT INTO PUBLIC.DOCUMENT_TYPES(DOC_TYPE, DESCRIPTION) VALUES('bill', 'Bill');              
INSERT INTO PUBLIC.DOCUMENT_TYPES(DOC_TYPE, DESCRIPTION) VALUES('document', 'Document');      
INSERT INTO PUBLIC.DOCUMENT_TYPES(DOC_TYPE, DESCRIPTION) VALUES('report', 'Report');          
INSERT INTO PUBLIC.DOCUMENT_TYPES(DOC_TYPE, DESCRIPTION) VALUES('act', 'Act');
CREATE PRIMARY KEY ON PUBLIC.DOCUMENT_TYPES(DOC_TYPE);        
CREATE CACHED TABLE PUBLIC.GENERAL_EDITOR_PROPERTIES(
    PROPERTY_NAME CHAR(50) NOT NULL,
    PROPERTY_VALUE CHAR(50),
    PROPERTY_DESCRIPTION VARCHAR(100)
);              
-- 13 = SELECT COUNT(*) FROM PUBLIC.GENERAL_EDITOR_PROPERTIES;
INSERT INTO PUBLIC.GENERAL_EDITOR_PROPERTIES(PROPERTY_NAME, PROPERTY_VALUE, PROPERTY_DESCRIPTION) VALUES('registryJDBCdriver', 'org.h2.Driver', 'jdbc driver to use for registry');           
INSERT INTO PUBLIC.GENERAL_EDITOR_PROPERTIES(PROPERTY_NAME, PROPERTY_VALUE, PROPERTY_DESCRIPTION) VALUES('registryDB', 'registry.db', 'registry db name');    
INSERT INTO PUBLIC.GENERAL_EDITOR_PROPERTIES(PROPERTY_NAME, PROPERTY_VALUE, PROPERTY_DESCRIPTION) VALUES('registryJDBCdriverPrefix', 'jdbc:h2:', 'prefix for registry jdbc connection string');               
INSERT INTO PUBLIC.GENERAL_EDITOR_PROPERTIES(PROPERTY_NAME, PROPERTY_VALUE, PROPERTY_DESCRIPTION) VALUES('logoPath', 'settings\logos', 'path to logo');       
INSERT INTO PUBLIC.GENERAL_EDITOR_PROPERTIES(PROPERTY_NAME, PROPERTY_VALUE, PROPERTY_DESCRIPTION) VALUES('activeDocumentMode', 'debaterecord', 'editor client is set to edit a document of this type');       
INSERT INTO PUBLIC.GENERAL_EDITOR_PROPERTIES(PROPERTY_NAME, PROPERTY_VALUE, PROPERTY_DESCRIPTION) VALUES('root:debaterecord', 'root', 'name of root sectionfor debaterecord');
INSERT INTO PUBLIC.GENERAL_EDITOR_PROPERTIES(PROPERTY_NAME, PROPERTY_VALUE, PROPERTY_DESCRIPTION) VALUES('localRegistry', 'yes', 'registry is a local database ');            
INSERT INTO PUBLIC.GENERAL_EDITOR_PROPERTIES(PROPERTY_NAME, PROPERTY_VALUE, PROPERTY_DESCRIPTION) VALUES('registryUser', 'sa', 'user name to connect to registry db');        
INSERT INTO PUBLIC.GENERAL_EDITOR_PROPERTIES(PROPERTY_NAME, PROPERTY_VALUE, PROPERTY_DESCRIPTION) VALUES('registryPassword', '', 'password to connect to registry db');       
INSERT INTO PUBLIC.GENERAL_EDITOR_PROPERTIES(PROPERTY_NAME, PROPERTY_VALUE, PROPERTY_DESCRIPTION) VALUES('localRegistryFolder', 'registry', 'path to local registry (sub folder under main installation)');   
INSERT INTO PUBLIC.GENERAL_EDITOR_PROPERTIES(PROPERTY_NAME, PROPERTY_VALUE, PROPERTY_DESCRIPTION) VALUES('textMetadataPropertyBeginMarker', '{{', 'used to demarcate beginning of inline metadata');          
INSERT INTO PUBLIC.GENERAL_EDITOR_PROPERTIES(PROPERTY_NAME, PROPERTY_VALUE, PROPERTY_DESCRIPTION) VALUES('textMetadataPropertyEndMarker', '}}', 'used to demarcate ending of inline metadata ');              
INSERT INTO PUBLIC.GENERAL_EDITOR_PROPERTIES(PROPERTY_NAME, PROPERTY_VALUE, PROPERTY_DESCRIPTION) VALUES('toolbarXmlConfig', 'settings/toolbar.xml', 'used to load editor toolbar');          
CREATE PRIMARY KEY ON PUBLIC.GENERAL_EDITOR_PROPERTIES(PROPERTY_NAME);        
CREATE CACHED TABLE PUBLIC.DOCUMENT_METADATA(
    DOC_TYPE VARCHAR(100) NOT NULL,
    METADATA_NAME CHAR(50) NOT NULL,
    METADATA_DATATYPE CHAR(50) NOT NULL,
    METADATA_NAMESPACE CHAR(50),
    METADATA_TYPE CHAR(30),
    DISPLAY_ORDER INT,
    VISIBLE INT,
    DISPLAY_NAME CHAR(100)
);            
-- 5 = SELECT COUNT(*) FROM PUBLIC.DOCUMENT_METADATA;         
INSERT INTO PUBLIC.DOCUMENT_METADATA(DOC_TYPE, METADATA_NAME, METADATA_DATATYPE, METADATA_NAMESPACE, METADATA_TYPE, DISPLAY_ORDER, VISIBLE, DISPLAY_NAME) VALUES('debaterecord', 'doctype', 'string', 'bungeni', 'document', 1, 1, 'Document Type');          
INSERT INTO PUBLIC.DOCUMENT_METADATA(DOC_TYPE, METADATA_NAME, METADATA_DATATYPE, METADATA_NAMESPACE, METADATA_TYPE, DISPLAY_ORDER, VISIBLE, DISPLAY_NAME) VALUES('debaterecord', 'docmodifiedon', 'datetime', 'bungeni', 'document', 3, 1, 'Modified On');    
INSERT INTO PUBLIC.DOCUMENT_METADATA(DOC_TYPE, METADATA_NAME, METADATA_DATATYPE, METADATA_NAMESPACE, METADATA_TYPE, DISPLAY_ORDER, VISIBLE, DISPLAY_NAME) VALUES('debaterecord', 'docauthor', 'string', 'bungeni', 'document', 5, 1, 'Author');               
INSERT INTO PUBLIC.DOCUMENT_METADATA(DOC_TYPE, METADATA_NAME, METADATA_DATATYPE, METADATA_NAMESPACE, METADATA_TYPE, DISPLAY_ORDER, VISIBLE, DISPLAY_NAME) VALUES('debaterecord', 'parliamentid', 'string', 'bungeni', 'document', 4, 0, 'Parliament ID');     
INSERT INTO PUBLIC.DOCUMENT_METADATA(DOC_TYPE, METADATA_NAME, METADATA_DATATYPE, METADATA_NAMESPACE, METADATA_TYPE, DISPLAY_ORDER, VISIBLE, DISPLAY_NAME) VALUES('debaterecord', 'doccreatedon', 'datetime', 'bungeni', 'document', 2, 1, 'Created On');      
CREATE PRIMARY KEY ON PUBLIC.DOCUMENT_METADATA(DOC_TYPE, METADATA_NAME);      
CREATE CACHED TABLE PUBLIC.FORM_COMMAND_CHAIN(
    FORM_NAME VARCHAR(100) NOT NULL,
    FORM_MODE VARCHAR(50) NOT NULL,
    COMMAND_CATALOG VARCHAR(100) NOT NULL,
    COMMAND_CHAIN VARCHAR(100) NOT NULL
); 
-- 10 = SELECT COUNT(*) FROM PUBLIC.FORM_COMMAND_CHAIN;       
INSERT INTO PUBLIC.FORM_COMMAND_CHAIN(FORM_NAME, FORM_MODE, COMMAND_CATALOG, COMMAND_CHAIN) VALUES('org.bungeni.editor.selectors.InitQuestionBlock', 'TEXT_INSERTION', 'debaterecord', 'debateRecordFullInsertQuestionBlock');
INSERT INTO PUBLIC.FORM_COMMAND_CHAIN(FORM_NAME, FORM_MODE, COMMAND_CATALOG, COMMAND_CHAIN) VALUES('org.bungeni.editor.selectors.InitPapers', 'TEXT_INSERTION', 'debaterecord', 'debateRecordFullInsertPapers');              
INSERT INTO PUBLIC.FORM_COMMAND_CHAIN(FORM_NAME, FORM_MODE, COMMAND_CATALOG, COMMAND_CHAIN) VALUES('org.bungeni.editor.selectors.InitPapers', 'TEXT_EDIT', 'debaterecord', 'debateRecordFullEditPapers');     
INSERT INTO PUBLIC.FORM_COMMAND_CHAIN(FORM_NAME, FORM_MODE, COMMAND_CATALOG, COMMAND_CHAIN) VALUES('org.bungeni.editor.selectors.InitPapers', 'TEXT_SELECTED_EDIT', 'debaterecord', 'from_subaction');        
INSERT INTO PUBLIC.FORM_COMMAND_CHAIN(FORM_NAME, FORM_MODE, COMMAND_CATALOG, COMMAND_CHAIN) VALUES('org.bungeni.editor.selectors.InitPapers', 'TEXT_SELECTED_INSERT', 'debaterecord', 'from_subaction');      
INSERT INTO PUBLIC.FORM_COMMAND_CHAIN(FORM_NAME, FORM_MODE, COMMAND_CATALOG, COMMAND_CHAIN) VALUES('org.bungeni.editor.selectors.InitDebateRecord', 'TEXT_INSERTION', 'debaterecord', 'debateRecordFullInsertMasthead');      
INSERT INTO PUBLIC.FORM_COMMAND_CHAIN(FORM_NAME, FORM_MODE, COMMAND_CATALOG, COMMAND_CHAIN) VALUES('org.bungeni.editor.selectors.InitDebateRecord', 'TEXT_EDIT', 'debaterecord', 'debateRecordFullEditMasthead');             
INSERT INTO PUBLIC.FORM_COMMAND_CHAIN(FORM_NAME, FORM_MODE, COMMAND_CATALOG, COMMAND_CHAIN) VALUES('org.bungeni.editor.selectors.InitDebateRecord', 'TEXT_SELECTED_EDIT', 'debaterecord', 'debateRecordFullSelectedEditMasthead');            
INSERT INTO PUBLIC.FORM_COMMAND_CHAIN(FORM_NAME, FORM_MODE, COMMAND_CATALOG, COMMAND_CHAIN) VALUES('org.bungeni.editor.selectors.InitDebateRecord', 'TEXT_SELECTED_INSERT', 'debaterecord', 'debateRecordFullSelectedInsertMasthead');        
INSERT INTO PUBLIC.FORM_COMMAND_CHAIN(FORM_NAME, FORM_MODE, COMMAND_CATALOG, COMMAND_CHAIN) VALUES('org.bungeni.editor.selectors.InitQAsection', 'TEXT_INSERTION', 'debaterecord', 'debateRecordFullInsertQA');               
CREATE PRIMARY KEY ON PUBLIC.FORM_COMMAND_CHAIN(FORM_NAME, FORM_MODE);        
CREATE CACHED TABLE PUBLIC.FORM_CATALOG_SOURCE(
    FORM_NAME VARCHAR(100) NOT NULL,
    CATALOG_SOURCE VARCHAR(255) NOT NULL
);              
-- 4 = SELECT COUNT(*) FROM PUBLIC.FORM_CATALOG_SOURCE;       
INSERT INTO PUBLIC.FORM_CATALOG_SOURCE(FORM_NAME, CATALOG_SOURCE) VALUES('org.bungeni.editor.selectors.InitQuestionBlock', '/org/bungeni/commands/chains/commandChain.xml');  
INSERT INTO PUBLIC.FORM_CATALOG_SOURCE(FORM_NAME, CATALOG_SOURCE) VALUES('org.bungeni.editor.selectors.InitPapers', '/org/bungeni/commands/chains/commandChain.xml');         
INSERT INTO PUBLIC.FORM_CATALOG_SOURCE(FORM_NAME, CATALOG_SOURCE) VALUES('org.bungeni.editor.selectors.InitDebateRecord', '/org/bungeni/commands/chains/commandChain.xml');   
INSERT INTO PUBLIC.FORM_CATALOG_SOURCE(FORM_NAME, CATALOG_SOURCE) VALUES('org.bungeni.editor.selectors.InitQAsection', '/org/bungeni/commands/chains/commandChain.xml');      
CREATE PRIMARY KEY ON PUBLIC.FORM_CATALOG_SOURCE(FORM_NAME);  
CREATE CACHED TABLE PUBLIC.LOCALIZED_DISPLAY_STRINGS(
    STRING_KEY VARCHAR(50) NOT NULL,
    LANG_CODE VARCHAR(2) NOT NULL,
    DISPLAY_STRING VARCHAR(255) NOT NULL
);     
-- 1 = SELECT COUNT(*) FROM PUBLIC.LOCALIZED_DISPLAY_STRINGS; 
INSERT INTO PUBLIC.LOCALIZED_DISPLAY_STRINGS(STRING_KEY, LANG_CODE, DISPLAY_STRING) VALUES('dispBlockActions', 'en', 'Block Actions');        
CREATE PRIMARY KEY ON PUBLIC.LOCALIZED_DISPLAY_STRINGS(STRING_KEY, LANG_CODE);
CREATE CACHED TABLE PUBLIC.TOOLBAR_MENU_GROUPS(
    GROUP_NAME VARCHAR(50) NOT NULL,
    DISPLAY_STRING_KEY VARCHAR(50) NOT NULL
);           
-- 1 = SELECT COUNT(*) FROM PUBLIC.TOOLBAR_MENU_GROUPS;       
INSERT INTO PUBLIC.TOOLBAR_MENU_GROUPS(GROUP_NAME, DISPLAY_STRING_KEY) VALUES('blockActions', 'dispBlockActions');            
CREATE PRIMARY KEY ON PUBLIC.TOOLBAR_MENU_GROUPS(GROUP_NAME); 
CREATE CACHED TABLE PUBLIC.TOOLBAR_MENU_ACTION_BLOCKS(
    BLOCK_NAME VARCHAR(50) NOT NULL,
    STRING_KEY VARCHAR(50) NOT NULL,
    ACTION_MODE VARCHAR(50) NOT NULL,
    TARGET VARCHAR(100) NOT NULL
);    
-- 0 = SELECT COUNT(*) FROM PUBLIC.TOOLBAR_MENU_ACTION_BLOCKS;
CREATE PRIMARY KEY ON PUBLIC.TOOLBAR_MENU_ACTION_BLOCKS(BLOCK_NAME);          
CREATE CACHED TABLE PUBLIC.CONDITIONAL_OPERATORS(
    CONDITION_NAME CHAR(10) NOT NULL,
    CONDITION_SYNTAX CHAR(10) NOT NULL,
    CONDITION_CLASS VARCHAR(100) NOT NULL
);  
-- 2 = SELECT COUNT(*) FROM PUBLIC.CONDITIONAL_OPERATORS;     
INSERT INTO PUBLIC.CONDITIONAL_OPERATORS(CONDITION_NAME, CONDITION_SYNTAX, CONDITION_CLASS) VALUES('and', ':and:', 'org.bungeni.editor.toolbar.conditions.operators.andOperator');            
INSERT INTO PUBLIC.CONDITIONAL_OPERATORS(CONDITION_NAME, CONDITION_SYNTAX, CONDITION_CLASS) VALUES('or', ':or:', 'org.bungeni.editor.toolbar.conditions.operators.orOperator');               
CREATE PRIMARY KEY ON PUBLIC.CONDITIONAL_OPERATORS(CONDITION_NAME);           
CREATE CACHED TABLE PUBLIC.TOOLBAR_CONDITIONS(
    DOCTYPE VARCHAR(50) NOT NULL,
    CONDITION_NAME CHAR(20) NOT NULL,
    CONDITION_CLASS CHAR(100) NOT NULL
);              
-- 8 = SELECT COUNT(*) FROM PUBLIC.TOOLBAR_CONDITIONS;        
INSERT INTO PUBLIC.TOOLBAR_CONDITIONS(DOCTYPE, CONDITION_NAME, CONDITION_CLASS) VALUES('debaterecord', 'fieldNotExists', 'org.bungeni.editor.toolbar.conditions.runnable.fieldNotExists');    
INSERT INTO PUBLIC.TOOLBAR_CONDITIONS(DOCTYPE, CONDITION_NAME, CONDITION_CLASS) VALUES('debaterecord', 'fieldExists', 'org.bungeni.editor.toolbar.conditions.runnable.fieldExists');          
INSERT INTO PUBLIC.TOOLBAR_CONDITIONS(DOCTYPE, CONDITION_NAME, CONDITION_CLASS) VALUES('debaterecord', 'sectionExists', 'org.bungeni.editor.toolbar.conditions.runnable.sectionExists');      
INSERT INTO PUBLIC.TOOLBAR_CONDITIONS(DOCTYPE, CONDITION_NAME, CONDITION_CLASS) VALUES('debaterecord', 'sectionNotExists', 'org.bungeni.editor.toolbar.conditions.runnable.sectionNotExists');
INSERT INTO PUBLIC.TOOLBAR_CONDITIONS(DOCTYPE, CONDITION_NAME, CONDITION_CLASS) VALUES('debaterecord', 'textSelected', 'org.bungeni.editor.toolbar.conditions.runnable.textSelected');        
INSERT INTO PUBLIC.TOOLBAR_CONDITIONS(DOCTYPE, CONDITION_NAME, CONDITION_CLASS) VALUES('debaterecord', 'cursorInSection', 'org.bungeni.editor.toolbar.conditions.runnable.cursorInSection');  
INSERT INTO PUBLIC.TOOLBAR_CONDITIONS(DOCTYPE, CONDITION_NAME, CONDITION_CLASS) VALUES('debaterecord', 'imageSelected', 'org.bungeni.editor.toolbar.conditions.runnable.imageSelected');      
INSERT INTO PUBLIC.TOOLBAR_CONDITIONS(DOCTYPE, CONDITION_NAME, CONDITION_CLASS) VALUES('debaterecord', 'imageSelectedIsNot', 'org.bungeni.editor.toolbar.conditions.runnable.imageSelectedIsNot');            
CREATE PRIMARY KEY ON PUBLIC.TOOLBAR_CONDITIONS(DOCTYPE, CONDITION_NAME);     
CREATE CACHED TABLE PUBLIC.SUB_ACTION_SETTINGS(
    DOC_TYPE VARCHAR(100) NOT NULL,
    PARENT_ACTION_NAME VARCHAR(100) NOT NULL,
    SUB_ACTION_NAME VARCHAR(100) NOT NULL,
    SUB_ACTION_ORDER INT NOT NULL,
    SUB_ACTION_STATE INT NOT NULL,
    ACTION_TYPE VARCHAR(50),
    ACTION_DISPLAY_TEXT VARCHAR(100),
    ACTION_FIELDS VARCHAR(100),
    ACTION_CLASS VARCHAR(70),
    SYSTEM_CONTAINER VARCHAR(50),
    VALIDATOR_CLASS CHAR(100),
    ROUTER_CLASS VARCHAR(100),
    DIALOG_CLASS VARCHAR(100),
    COMMAND_CHAIN VARCHAR(100)
);          
-- 10 = SELECT COUNT(*) FROM PUBLIC.SUB_ACTION_SETTINGS;      
INSERT INTO PUBLIC.SUB_ACTION_SETTINGS(DOC_TYPE, PARENT_ACTION_NAME, SUB_ACTION_NAME, SUB_ACTION_ORDER, SUB_ACTION_STATE, ACTION_TYPE, ACTION_DISPLAY_TEXT, ACTION_FIELDS, ACTION_CLASS, SYSTEM_CONTAINER, VALIDATOR_CLASS, ROUTER_CLASS, DIALOG_CLASS, COMMAND_CHAIN) VALUES('debaterecord', 'makeQASection', 'section_creation', 1, 1, 'section_create', 'Create QA Section', ' ', 'org.bungeni.editor.actions.EditorSelectionActionHandler', ' ', 'org.bungeni.editor.actions.validators.validateCreateSection', 'org.bungeni.editor.actions.routers.routerCreateSection', 'org.bungeni.editor.selectors.InitQASection', '');              
INSERT INTO PUBLIC.SUB_ACTION_SETTINGS(DOC_TYPE, PARENT_ACTION_NAME, SUB_ACTION_NAME, SUB_ACTION_ORDER, SUB_ACTION_STATE, ACTION_TYPE, ACTION_DISPLAY_TEXT, ACTION_FIELDS, ACTION_CLASS, SYSTEM_CONTAINER, VALIDATOR_CLASS, ROUTER_CLASS, DIALOG_CLASS, COMMAND_CHAIN) VALUES('debaterecord', 'makeQASection', 'apply_style', 1, 1, 'markup', 'Apply QA style', ' ', 'org.bungeni.editor.actions.EditorSelectionActionHandler', ' ', 'org.bungeni.editor.actions.validators.defaultValidator', 'org.bungeni.editor.actions.routers.routerApplyStyle', 'org.bungeni.editor.selectors.InitQASection', ' ');     
INSERT INTO PUBLIC.SUB_ACTION_SETTINGS(DOC_TYPE, PARENT_ACTION_NAME, SUB_ACTION_NAME, SUB_ACTION_ORDER, SUB_ACTION_STATE, ACTION_TYPE, ACTION_DISPLAY_TEXT, ACTION_FIELDS, ACTION_CLASS, SYSTEM_CONTAINER, VALIDATOR_CLASS, ROUTER_CLASS, DIALOG_CLASS, COMMAND_CHAIN) VALUES('debaterecord', 'makePaperSection', 'import_tabled_documents', 2, 1, 'field_action', 'Import tabled documents', ' ', 'org.bungeni.editor.actions.EditorSelectionActionHandler', ' ', 'org.bungeni.editor.actions.validators.defaultValidator', 'org.bungeni.editor.actions.routers.routerTabledDocuments', 'org.bungeni.editor.selectors.InitPapers', 'debaterecord:importTabledDocuments');    
INSERT INTO PUBLIC.SUB_ACTION_SETTINGS(DOC_TYPE, PARENT_ACTION_NAME, SUB_ACTION_NAME, SUB_ACTION_ORDER, SUB_ACTION_STATE, ACTION_TYPE, ACTION_DISPLAY_TEXT, ACTION_FIELDS, ACTION_CLASS, SYSTEM_CONTAINER, VALIDATOR_CLASS, ROUTER_CLASS, DIALOG_CLASS, COMMAND_CHAIN) VALUES('debaterecord', 'makePrayerSection', 'section_creation', 0, 1, 'section_create', 'Create emtpy masthead', ' ', 'org.bungeni.editor.actions.EditorSelectionActionHandler', ' ', 'org.bungeni.editor.actions.validators.validateCreateSection', 'org.bungeni.editor.actions.routers.routerCreateSection', 'org.bungeni.editor.selectors.InitDebateRecord', '');   
INSERT INTO PUBLIC.SUB_ACTION_SETTINGS(DOC_TYPE, PARENT_ACTION_NAME, SUB_ACTION_NAME, SUB_ACTION_ORDER, SUB_ACTION_STATE, ACTION_TYPE, ACTION_DISPLAY_TEXT, ACTION_FIELDS, ACTION_CLASS, SYSTEM_CONTAINER, VALIDATOR_CLASS, ROUTER_CLASS, DIALOG_CLASS, COMMAND_CHAIN) VALUES('debaterecord', 'makePrayerSection', 'debatedate_entry', 1, 1, 'field_action', 'Markup debate date', 'dt:initdebate_hansarddate', 'org.bungeni.editor.actions.EditorSelectionActionHandler', 'int:masthead_datetime', 'org.bungeni.editor.actions.validators.defaultValidator', 'org.bungeni.editor.actions.routers.routerDebateDateEntry', 'org.bungeni.editor.selectors.InitDebateRecord', '');               
INSERT INTO PUBLIC.SUB_ACTION_SETTINGS(DOC_TYPE, PARENT_ACTION_NAME, SUB_ACTION_NAME, SUB_ACTION_ORDER, SUB_ACTION_STATE, ACTION_TYPE, ACTION_DISPLAY_TEXT, ACTION_FIELDS, ACTION_CLASS, SYSTEM_CONTAINER, VALIDATOR_CLASS, ROUTER_CLASS, DIALOG_CLASS, COMMAND_CHAIN) VALUES('debaterecord', 'general_action', 'init_document', -99, 1, 'document_action', 'Initialize Document', ' ', 'org.bungeni.editor.actions.EditorSelectionActionHandler', ' ', 'org.bungeni.editor.actions.validators.defaultValidator', 'org.bungeni.editor.actions.routers.defaultRouter', 'org.bungeni.editor.selectors.InitDebateRecord', '');   
INSERT INTO PUBLIC.SUB_ACTION_SETTINGS(DOC_TYPE, PARENT_ACTION_NAME, SUB_ACTION_NAME, SUB_ACTION_ORDER, SUB_ACTION_STATE, ACTION_TYPE, ACTION_DISPLAY_TEXT, ACTION_FIELDS, ACTION_CLASS, SYSTEM_CONTAINER, VALIDATOR_CLASS, ROUTER_CLASS, DIALOG_CLASS, COMMAND_CHAIN) VALUES('debaterecord', 'makePrayerSection', 'markup_logo', 3, 1, 'field_action', 'Apply logo', 'btn:initdebate_selectlogo', 'org.bungeni.editor.actions.EditorSelectionActionHandler', ' ', 'org.bungeni.editor.actions.validators.defaultValidator', 'org.bungeni.editor.actions.routers.routerMarkupLogo', 'org.bungeni.editor.selectors.InitDebateRecord', '');     
INSERT INTO PUBLIC.SUB_ACTION_SETTINGS(DOC_TYPE, PARENT_ACTION_NAME, SUB_ACTION_NAME, SUB_ACTION_ORDER, SUB_ACTION_STATE, ACTION_TYPE, ACTION_DISPLAY_TEXT, ACTION_FIELDS, ACTION_CLASS, SYSTEM_CONTAINER, VALIDATOR_CLASS, ROUTER_CLASS, DIALOG_CLASS, COMMAND_CHAIN) VALUES('debaterecord', 'makePrayerSection', 'debatetime_entry', 2, 1, 'field_action', 'Markup debate time', 'dt:initdebate_timeofhansard', 'org.bungeni.editor.actions.EditorSelectionActionHandler', 'int:masthead_datetime', 'org.bungeni.editor.actions.validators.defaultValidator', 'org.bungeni.editor.actions.routers.routerDebateTimeEntry', 'org.bungeni.editor.selectors.InitDebateRecord', '');             
INSERT INTO PUBLIC.SUB_ACTION_SETTINGS(DOC_TYPE, PARENT_ACTION_NAME, SUB_ACTION_NAME, SUB_ACTION_ORDER, SUB_ACTION_STATE, ACTION_TYPE, ACTION_DISPLAY_TEXT, ACTION_FIELDS, ACTION_CLASS, SYSTEM_CONTAINER, VALIDATOR_CLASS, ROUTER_CLASS, DIALOG_CLASS, COMMAND_CHAIN) VALUES('debaterecord', 'makePaperSection', 'section_creation', 0, 1, 'section_create', 'Create empty Paper Section', ' ', 'org.bungeni.editor.actions.EditorSelectionActionHandler', ' ', 'org.bungeni.editor.actions.validators.validateCreateSection', 'org.bungeni.editor.actions.routers.routerCreateSection', 'org.bungeni.editor.selectors.InitPapers', '');     
INSERT INTO PUBLIC.SUB_ACTION_SETTINGS(DOC_TYPE, PARENT_ACTION_NAME, SUB_ACTION_NAME, SUB_ACTION_ORDER, SUB_ACTION_STATE, ACTION_TYPE, ACTION_DISPLAY_TEXT, ACTION_FIELDS, ACTION_CLASS, SYSTEM_CONTAINER, VALIDATOR_CLASS, ROUTER_CLASS, DIALOG_CLASS, COMMAND_CHAIN) VALUES('debaterecord', 'makePaperSection', 'apply_style', 1, 1, 'markup', 'Apply papers style', ' ', 'org.bungeni.editor.actions.EditorSelectionActionHandler', ' ', 'org.bungeni.editor.actions.validators.defaultValidator', 'org.bungeni.editor.actions.routers.routerApplyStyle', 'org.bungeni.editor.selectors.InitPapers', '');  
CREATE PRIMARY KEY ON PUBLIC.SUB_ACTION_SETTINGS(DOC_TYPE, PARENT_ACTION_NAME, SUB_ACTION_NAME);              
CREATE INDEX PUBLIC.SUBACTIONORDER_IDX ON PUBLIC.SUB_ACTION_SETTINGS(SUB_ACTION_ORDER);       
CREATE CACHED TABLE PUBLIC.DIALOG_CLASSES(
    DIALOG_CLASS CHAR(100) NOT NULL
);             
-- 3 = SELECT COUNT(*) FROM PUBLIC.DIALOG_CLASSES;            
INSERT INTO PUBLIC.DIALOG_CLASSES(DIALOG_CLASS) VALUES('org.bungeni.editor.selectors.InitDebateRecord');      
INSERT INTO PUBLIC.DIALOG_CLASSES(DIALOG_CLASS) VALUES('org.bungeni.editor.selectors.InitPapers');            
INSERT INTO PUBLIC.DIALOG_CLASSES(DIALOG_CLASS) VALUES('org.bungeni.editor.selectors.InitQASection');         
CREATE PRIMARY KEY ON PUBLIC.DIALOG_CLASSES(DIALOG_CLASS);    
CREATE CACHED TABLE PUBLIC.ACTION_SETTINGS(
    DOC_TYPE VARCHAR(100) NOT NULL,
    ACTION_NAME VARCHAR(100) NOT NULL,
    ACTION_ORDER INT NOT NULL,
    ACTION_STATE INT NOT NULL,
    ACTION_CLASS VARCHAR(200),
    ACTION_TYPE VARCHAR(50),
    ACTION_NAMING_CONVENTION VARCHAR(100),
    ACTION_NUMBERING_CONVENTION VARCHAR(50),
    ACTION_PARENT VARCHAR(50),
    ACTION_ICON VARCHAR(50),
    ACTION_DISPLAY_TEXT VARCHAR(100),
    ACTION_DIMENSION VARCHAR(50),
    ACTION_SECTION_TYPE CHAR(50),
    ACTION_EDIT_DLG_ALLOWED INT DEFAULT 0,
    ACTION_DIALOG_CLASS CHAR(100)
);
-- 17 = SELECT COUNT(*) FROM PUBLIC.ACTION_SETTINGS;          
INSERT INTO PUBLIC.ACTION_SETTINGS(DOC_TYPE, ACTION_NAME, ACTION_ORDER, ACTION_STATE, ACTION_CLASS, ACTION_TYPE, ACTION_NAMING_CONVENTION, ACTION_NUMBERING_CONVENTION, ACTION_PARENT, ACTION_ICON, ACTION_DISPLAY_TEXT, ACTION_DIMENSION, ACTION_SECTION_TYPE, ACTION_EDIT_DLG_ALLOWED, ACTION_DIALOG_CLASS) VALUES('debaterecord', 'makePrayerMarkup', 1, 1, 'org.bungeni.editor.actions.EditorActionHandler', 'markup', 'prayer', 'none', 'makePrayerSection', ' ', 'Markup as Prayer', ' ', 'MastHead', 0, NULL);         
INSERT INTO PUBLIC.ACTION_SETTINGS(DOC_TYPE, ACTION_NAME, ACTION_ORDER, ACTION_STATE, ACTION_CLASS, ACTION_TYPE, ACTION_NAMING_CONVENTION, ACTION_NUMBERING_CONVENTION, ACTION_PARENT, ACTION_ICON, ACTION_DISPLAY_TEXT, ACTION_DIMENSION, ACTION_SECTION_TYPE, ACTION_EDIT_DLG_ALLOWED, ACTION_DIALOG_CLASS) VALUES('debaterecord', 'makePaperMarkup', 1, 1, 'org.bungeni.editor.actions.EditorActionHandler', 'markup', 'papers', 'none', 'makePaperSection', ' ', 'Markup as Paper', ' ', '', 0, NULL);    
INSERT INTO PUBLIC.ACTION_SETTINGS(DOC_TYPE, ACTION_NAME, ACTION_ORDER, ACTION_STATE, ACTION_CLASS, ACTION_TYPE, ACTION_NAMING_CONVENTION, ACTION_NUMBERING_CONVENTION, ACTION_PARENT, ACTION_ICON, ACTION_DISPLAY_TEXT, ACTION_DIMENSION, ACTION_SECTION_TYPE, ACTION_EDIT_DLG_ALLOWED, ACTION_DIALOG_CLASS) VALUES('debaterecord', 'makePaperDetailsMarkup', 2, 1, 'org.bungeni.editor.actions.EditorActionHandler', 'markup', 'paper-details', 'none', 'makePaperSection', ' ', 'Markup as Paper Details', ' ', '', 0, NULL);              
INSERT INTO PUBLIC.ACTION_SETTINGS(DOC_TYPE, ACTION_NAME, ACTION_ORDER, ACTION_STATE, ACTION_CLASS, ACTION_TYPE, ACTION_NAMING_CONVENTION, ACTION_NUMBERING_CONVENTION, ACTION_PARENT, ACTION_ICON, ACTION_DISPLAY_TEXT, ACTION_DIMENSION, ACTION_SECTION_TYPE, ACTION_EDIT_DLG_ALLOWED, ACTION_DIALOG_CLASS) VALUES('debaterecord', 'general_action', 0, 0, '', '', '', '', '', '', '', '', 'None', 0, NULL);
INSERT INTO PUBLIC.ACTION_SETTINGS(DOC_TYPE, ACTION_NAME, ACTION_ORDER, ACTION_STATE, ACTION_CLASS, ACTION_TYPE, ACTION_NAMING_CONVENTION, ACTION_NUMBERING_CONVENTION, ACTION_PARENT, ACTION_ICON, ACTION_DISPLAY_TEXT, ACTION_DIMENSION, ACTION_SECTION_TYPE, ACTION_EDIT_DLG_ALLOWED, ACTION_DIALOG_CLASS) VALUES('debaterecord', 'makeSpeechBlockSection', 1, 1, 'org.bungeni.editor.actions.EditorActionHandler', 'section', 'speech', 'serial', 'makeQASection', ' ', 'Speech Section', ' ', 'Speech', 1, NULL);        
INSERT INTO PUBLIC.ACTION_SETTINGS(DOC_TYPE, ACTION_NAME, ACTION_ORDER, ACTION_STATE, ACTION_CLASS, ACTION_TYPE, ACTION_NAMING_CONVENTION, ACTION_NUMBERING_CONVENTION, ACTION_PARENT, ACTION_ICON, ACTION_DISPLAY_TEXT, ACTION_DIMENSION, ACTION_SECTION_TYPE, ACTION_EDIT_DLG_ALLOWED, ACTION_DIALOG_CLASS) VALUES('debaterecord', 'makeQuestionBlockSection', 1, 1, 'org.bungeni.editor.actions.EditorActionHandler', 'section', 'question', 'serial', 'makeQASection', 'makeQASection', 'Create a numbered Question Section', ' ', 'QuestionContainer', 1, NULL);         
INSERT INTO PUBLIC.ACTION_SETTINGS(DOC_TYPE, ACTION_NAME, ACTION_ORDER, ACTION_STATE, ACTION_CLASS, ACTION_TYPE, ACTION_NAMING_CONVENTION, ACTION_NUMBERING_CONVENTION, ACTION_PARENT, ACTION_ICON, ACTION_DISPLAY_TEXT, ACTION_DIMENSION, ACTION_SECTION_TYPE, ACTION_EDIT_DLG_ALLOWED, ACTION_DIALOG_CLASS) VALUES('debaterecord', 'makeQuestionTextMarkup', 2, 1, 'org.bungeni.editor.actions.EditorActionHandler', 'markup', 'question-text', 'none', 'makeQuestionBlockSection', '', 'Markup as Question Text', '', '', 0, NULL);        
INSERT INTO PUBLIC.ACTION_SETTINGS(DOC_TYPE, ACTION_NAME, ACTION_ORDER, ACTION_STATE, ACTION_CLASS, ACTION_TYPE, ACTION_NAMING_CONVENTION, ACTION_NUMBERING_CONVENTION, ACTION_PARENT, ACTION_ICON, ACTION_DISPLAY_TEXT, ACTION_DIMENSION, ACTION_SECTION_TYPE, ACTION_EDIT_DLG_ALLOWED, ACTION_DIALOG_CLASS) VALUES('debaterecord', 'makeQuestionTitleMarkup', 1, 1, 'org.bungeni.editor.actions.EditorActionHandler', 'markup', 'question-title', 'none', 'makeQuestionBlockSection', ' ', 'Markup as Question Title', ' ', '', 0, NULL);   
INSERT INTO PUBLIC.ACTION_SETTINGS(DOC_TYPE, ACTION_NAME, ACTION_ORDER, ACTION_STATE, ACTION_CLASS, ACTION_TYPE, ACTION_NAMING_CONVENTION, ACTION_NUMBERING_CONVENTION, ACTION_PARENT, ACTION_ICON, ACTION_DISPLAY_TEXT, ACTION_DIMENSION, ACTION_SECTION_TYPE, ACTION_EDIT_DLG_ALLOWED, ACTION_DIALOG_CLASS) VALUES('debaterecord', 'makeSpeechMarkup', 2, 1, 'org.bungeni.editor.actions.EditorActionHandler', 'markup', 'speech-text', 'none', 'makeQuestionBlockSection', ' ', 'Markup as Speech', ' ', '', 0, NULL);     
INSERT INTO PUBLIC.ACTION_SETTINGS(DOC_TYPE, ACTION_NAME, ACTION_ORDER, ACTION_STATE, ACTION_CLASS, ACTION_TYPE, ACTION_NAMING_CONVENTION, ACTION_NUMBERING_CONVENTION, ACTION_PARENT, ACTION_ICON, ACTION_DISPLAY_TEXT, ACTION_DIMENSION, ACTION_SECTION_TYPE, ACTION_EDIT_DLG_ALLOWED, ACTION_DIALOG_CLASS) VALUES('debaterecord', 'makeQATitleMarkup', 1, 1, 'org.bungeni.editor.actions.EditorActionHandler', 'markup', 'qa-title', 'none', 'makeQASection', '', 'Markup as QA Title', '', '', 0, NULL);  
INSERT INTO PUBLIC.ACTION_SETTINGS(DOC_TYPE, ACTION_NAME, ACTION_ORDER, ACTION_STATE, ACTION_CLASS, ACTION_TYPE, ACTION_NAMING_CONVENTION, ACTION_NUMBERING_CONVENTION, ACTION_PARENT, ACTION_ICON, ACTION_DISPLAY_TEXT, ACTION_DIMENSION, ACTION_SECTION_TYPE, ACTION_EDIT_DLG_ALLOWED, ACTION_DIALOG_CLASS) VALUES('debaterecord', 'makeNoticeMarkup', 2, 1, 'org.bungeni.editor.actions.EditorActionHandler', 'markup', 'notice', 'none', 'makeNoticeOfMotionSection', ' ', 'Markup as Notice', ' ', '', 0, NULL);         
INSERT INTO PUBLIC.ACTION_SETTINGS(DOC_TYPE, ACTION_NAME, ACTION_ORDER, ACTION_STATE, ACTION_CLASS, ACTION_TYPE, ACTION_NAMING_CONVENTION, ACTION_NUMBERING_CONVENTION, ACTION_PARENT, ACTION_ICON, ACTION_DISPLAY_TEXT, ACTION_DIMENSION, ACTION_SECTION_TYPE, ACTION_EDIT_DLG_ALLOWED, ACTION_DIALOG_CLASS) VALUES('debaterecord', 'makeNoticeDetailsMarkup', 3, 1, 'org.bungeni.editor.actions.EditorActionHandler', 'markup', 'notice-details', 'none', 'makeNoticeDetailsMarkup', '', 'Markup as Notice Details', '', '', 0, NULL);      
INSERT INTO PUBLIC.ACTION_SETTINGS(DOC_TYPE, ACTION_NAME, ACTION_ORDER, ACTION_STATE, ACTION_CLASS, ACTION_TYPE, ACTION_NAMING_CONVENTION, ACTION_NUMBERING_CONVENTION, ACTION_PARENT, ACTION_ICON, ACTION_DISPLAY_TEXT, ACTION_DIMENSION, ACTION_SECTION_TYPE, ACTION_EDIT_DLG_ALLOWED, ACTION_DIALOG_CLASS) VALUES('debaterecord', 'makeNoticeOfMotionMarkup', 1, 1, 'org.bungeni.editor.actions.EditorActionHandler', 'markup', 'notice-of-motion', 'none', 'makeNoticeOfMotionSection', '', 'Markup as Notice-of-Motion', '', '', 0, NULL);               
INSERT INTO PUBLIC.ACTION_SETTINGS(DOC_TYPE, ACTION_NAME, ACTION_ORDER, ACTION_STATE, ACTION_CLASS, ACTION_TYPE, ACTION_NAMING_CONVENTION, ACTION_NUMBERING_CONVENTION, ACTION_PARENT, ACTION_ICON, ACTION_DISPLAY_TEXT, ACTION_DIMENSION, ACTION_SECTION_TYPE, ACTION_EDIT_DLG_ALLOWED, ACTION_DIALOG_CLASS) VALUES('debaterecord', 'makePaperSection', 2, 1, 'org.bungeni.editor.actions.EditorActionHandler', 'section', 'papers', 'single', 'parent', ' ', 'Create a Paper Section', ' ', 'Paper', 0, 'org.bungeni.editor.selectors.InitPapers');         
INSERT INTO PUBLIC.ACTION_SETTINGS(DOC_TYPE, ACTION_NAME, ACTION_ORDER, ACTION_STATE, ACTION_CLASS, ACTION_TYPE, ACTION_NAMING_CONVENTION, ACTION_NUMBERING_CONVENTION, ACTION_PARENT, ACTION_ICON, ACTION_DISPLAY_TEXT, ACTION_DIMENSION, ACTION_SECTION_TYPE, ACTION_EDIT_DLG_ALLOWED, ACTION_DIALOG_CLASS) VALUES('debaterecord', 'makePrayerSection', 1, 1, 'org.bungeni.editor.actions.EditorActionHandler', 'section', 'masthead', 'single', 'parent', ' ', 'Create a Prayer Section', ' ', 'MastHead', 1, 'org.bungeni.editor.selectors.InitDebateRecord');            
INSERT INTO PUBLIC.ACTION_SETTINGS(DOC_TYPE, ACTION_NAME, ACTION_ORDER, ACTION_STATE, ACTION_CLASS, ACTION_TYPE, ACTION_NAMING_CONVENTION, ACTION_NUMBERING_CONVENTION, ACTION_PARENT, ACTION_ICON, ACTION_DISPLAY_TEXT, ACTION_DIMENSION, ACTION_SECTION_TYPE, ACTION_EDIT_DLG_ALLOWED, ACTION_DIALOG_CLASS) VALUES('debaterecord', 'makeQASection', 4, 1, 'org.bungeni.editor.actions.EditorActionHandler', 'section', 'qa', 'serial', 'parent', ' ', 'Create a Question-Answer section', ' ', 'QAContainer', 0, 'org.bungeni.editor.selectors.InitQAsection');             
INSERT INTO PUBLIC.ACTION_SETTINGS(DOC_TYPE, ACTION_NAME, ACTION_ORDER, ACTION_STATE, ACTION_CLASS, ACTION_TYPE, ACTION_NAMING_CONVENTION, ACTION_NUMBERING_CONVENTION, ACTION_PARENT, ACTION_ICON, ACTION_DISPLAY_TEXT, ACTION_DIMENSION, ACTION_SECTION_TYPE, ACTION_EDIT_DLG_ALLOWED, ACTION_DIALOG_CLASS) VALUES('debaterecord', 'makeNoticeOfMotionSection', 3, 1, 'org.bungeni.editor.actions.EditorActionHandler', 'section', 'notice-of-motion', 'single', 'parent', ' ', 'Create a Notice of Motion Section', ' ', 'NoticeOfMotion', 0, NULL);       
CREATE PRIMARY KEY ON PUBLIC.ACTION_SETTINGS(DOC_TYPE, ACTION_NAME);          
CREATE INDEX PUBLIC.TAS_ACTIONPARENT_IDX ON PUBLIC.ACTION_SETTINGS(ACTION_PARENT);            
CREATE INDEX PUBLIC.CONSTRAINT_INDEX_0 ON PUBLIC.ACTION_SETTINGS(ACTION_SECTION_TYPE);        
CREATE UNIQUE INDEX PUBLIC.CONSTRAINT_INDEX_3 ON PUBLIC.ACTION_SETTINGS(ACTION_NAME);         
CREATE CACHED TABLE PUBLIC.ACTION_MODES(
    DOC_TYPE VARCHAR(100) NOT NULL,
    ACTION_NAME VARCHAR(100) NOT NULL,
    ACTION_MODE VARCHAR(20) NOT NULL,
    MODE_HIDDEN_FIELD VARCHAR(100) NOT NULL,
    SUB_ACTION_NAME CHAR(50) NOT NULL
);               
-- 15 = SELECT COUNT(*) FROM PUBLIC.ACTION_MODES;             
INSERT INTO PUBLIC.ACTION_MODES(DOC_TYPE, ACTION_NAME, ACTION_MODE, MODE_HIDDEN_FIELD, SUB_ACTION_NAME) VALUES('debaterecord', 'makePrayerSection', 'TEXT_SELECTED_INSERT', 'dt_initdebate_timeofhansard', 'debatedate_entry');               
INSERT INTO PUBLIC.ACTION_MODES(DOC_TYPE, ACTION_NAME, ACTION_MODE, MODE_HIDDEN_FIELD, SUB_ACTION_NAME) VALUES('debaterecord', 'makePrayerSection', 'TEXT_SELECTED_INSERT', 'dt_initdebate_hansarddate', 'debatetime_entry'); 
INSERT INTO PUBLIC.ACTION_MODES(DOC_TYPE, ACTION_NAME, ACTION_MODE, MODE_HIDDEN_FIELD, SUB_ACTION_NAME) VALUES('debaterecord', 'makePrayerSection', 'TEXT_SELECTED_INSERT', 'lbl_initdebate_timeofhansard', 'debatedate_entry');              
INSERT INTO PUBLIC.ACTION_MODES(DOC_TYPE, ACTION_NAME, ACTION_MODE, MODE_HIDDEN_FIELD, SUB_ACTION_NAME) VALUES('debaterecord', 'makePrayerSection', 'TEXT_SELECTED_INSERT', 'lbl_initdebate_hansarddate', 'debatetime_entry');
INSERT INTO PUBLIC.ACTION_MODES(DOC_TYPE, ACTION_NAME, ACTION_MODE, MODE_HIDDEN_FIELD, SUB_ACTION_NAME) VALUES('debaterecord', 'makePrayerSection', 'TEXT_SELECTED_INSERT', 'txt_initdebate_selectlogo', 'debatetime_entry'); 
INSERT INTO PUBLIC.ACTION_MODES(DOC_TYPE, ACTION_NAME, ACTION_MODE, MODE_HIDDEN_FIELD, SUB_ACTION_NAME) VALUES('debaterecord', 'makePrayerSection', 'TEXT_SELECTED_INSERT', 'lbl_initdebate_selectlogo', 'debatetime_entry'); 
INSERT INTO PUBLIC.ACTION_MODES(DOC_TYPE, ACTION_NAME, ACTION_MODE, MODE_HIDDEN_FIELD, SUB_ACTION_NAME) VALUES('debaterecord', 'makePrayerSection', 'TEXT_EDIT', 'btn_initdebate_selectlogo', 'none');        
INSERT INTO PUBLIC.ACTION_MODES(DOC_TYPE, ACTION_NAME, ACTION_MODE, MODE_HIDDEN_FIELD, SUB_ACTION_NAME) VALUES('debaterecord', 'makePrayerSection', 'TEXT_EDIT', 'txt_initdebate_selectlogo', 'none');        
INSERT INTO PUBLIC.ACTION_MODES(DOC_TYPE, ACTION_NAME, ACTION_MODE, MODE_HIDDEN_FIELD, SUB_ACTION_NAME) VALUES('debaterecord', 'makePrayerSection', 'TEXT_EDIT', 'lbl_initdebate_selectlogo', 'none');        
INSERT INTO PUBLIC.ACTION_MODES(DOC_TYPE, ACTION_NAME, ACTION_MODE, MODE_HIDDEN_FIELD, SUB_ACTION_NAME) VALUES('debaterecord', 'makePaperSection', 'TEXT_SELECTED_INSERT', 'lbl_initpapers_title', 'none');   
INSERT INTO PUBLIC.ACTION_MODES(DOC_TYPE, ACTION_NAME, ACTION_MODE, MODE_HIDDEN_FIELD, SUB_ACTION_NAME) VALUES('debaterecord', 'makePaperSection', 'TEXT_SELECTED_INSERT', 'txt_initpapers_title', 'none');   
INSERT INTO PUBLIC.ACTION_MODES(DOC_TYPE, ACTION_NAME, ACTION_MODE, MODE_HIDDEN_FIELD, SUB_ACTION_NAME) VALUES('debaterecord', 'makePrayerSection', 'TEXT_SELECTED_INSERT', 'lbl_initdebate_selectlogo', 'debatedate_entry'); 
INSERT INTO PUBLIC.ACTION_MODES(DOC_TYPE, ACTION_NAME, ACTION_MODE, MODE_HIDDEN_FIELD, SUB_ACTION_NAME) VALUES('debaterecord', 'makePrayerSection', 'TEXT_SELECTED_INSERT', 'txt_initdebate_selectlogo', 'debatedate_entry'); 
INSERT INTO PUBLIC.ACTION_MODES(DOC_TYPE, ACTION_NAME, ACTION_MODE, MODE_HIDDEN_FIELD, SUB_ACTION_NAME) VALUES('debaterecord', 'makePrayerSection', 'TEXT_SELECTED_INSERT', 'btn_initdebate_selectlogo', 'debatedate_entry'); 
INSERT INTO PUBLIC.ACTION_MODES(DOC_TYPE, ACTION_NAME, ACTION_MODE, MODE_HIDDEN_FIELD, SUB_ACTION_NAME) VALUES('debaterecord', 'makePrayerSection', 'TEXT_SELECTED_INSERT', 'btn_initdebate_selectlogo', 'debatetime_entry'); 
CREATE PRIMARY KEY ON PUBLIC.ACTION_MODES(DOC_TYPE, ACTION_NAME, ACTION_MODE, MODE_HIDDEN_FIELD, SUB_ACTION_NAME);            
ALTER TABLE PUBLIC.ACTION_PARENT ADD CONSTRAINT PUBLIC.CONSTRAINT_3 FOREIGN KEY(DOC_TYPE) REFERENCES PUBLIC.DOCUMENT_TYPES(DOC_TYPE);         
ALTER TABLE PUBLIC.ACTION_SETTINGS ADD CONSTRAINT PUBLIC.CONSTRAINT_1 FOREIGN KEY(ACTION_SECTION_TYPE) REFERENCES PUBLIC.DOCUMENT_SECTION_TYPES(SECTION_TYPE_NAME);           
ALTER TABLE PUBLIC.SUB_ACTION_SETTINGS ADD CONSTRAINT PUBLIC.CONSTRAINT_10 FOREIGN KEY(DOC_TYPE, PARENT_ACTION_NAME) REFERENCES PUBLIC.ACTION_SETTINGS(DOC_TYPE, ACTION_NAME);
ALTER TABLE PUBLIC.ACTION_PARENT ADD CONSTRAINT PUBLIC.CONSTRAINT_4 FOREIGN KEY(DOC_TYPE) REFERENCES PUBLIC.DOCUMENT_TYPES(DOC_TYPE);         
ALTER TABLE PUBLIC.DOCUMENT_SECTION_TYPES ADD CONSTRAINT PUBLIC.CONSTRAINT_2 FOREIGN KEY(DOC_TYPE) REFERENCES PUBLIC.DOCUMENT_TYPES(DOC_TYPE);
ALTER TABLE PUBLIC.ACTION_PARENT ADD CONSTRAINT PUBLIC.CONSTRAINT_7 FOREIGN KEY(DOC_TYPE, ACTION_NAME) REFERENCES PUBLIC.ACTION_SETTINGS(DOC_TYPE, ACTION_NAME);              
ALTER TABLE PUBLIC.ACTION_SETTINGS ADD CONSTRAINT PUBLIC.CONSTRAINT_0 FOREIGN KEY(DOC_TYPE) REFERENCES PUBLIC.DOCUMENT_TYPES(DOC_TYPE);       
ALTER TABLE PUBLIC.TOOLBAR_MENU_GROUPS ADD CONSTRAINT PUBLIC.CONSTRAINT_11 FOREIGN KEY(DISPLAY_STRING_KEY) REFERENCES PUBLIC.LOCALIZED_DISPLAY_STRINGS(STRING_KEY);           
ALTER TABLE PUBLIC.DOCUMENT_METADATA ADD CONSTRAINT PUBLIC.CONSTRAINT_9 FOREIGN KEY(DOC_TYPE) REFERENCES PUBLIC.DOCUMENT_TYPES(DOC_TYPE);     
