ID,parliament_id,committee_id,person_id,committee_role,committee_date_begin,committee_date_end
1,6,1,169,"Chairperson","01/30/88 00:00:00","11/05/92 00:00:00"
2,6,1,540,"Committee Clerk","01/30/88 00:00:00","11/05/92 00:00:00"
3,6,1,4,"Deputy Chairperson","01/30/88 00:00:00","11/05/92 00:00:00"
4,6,1,22,"Deputy Chairperson","09/16/90 00:00:00","11/05/92 00:00:00"
5,6,1,175,"Deputy Chairperson","01/30/88 00:00:00","09/15/90 00:00:00"
6,6,1,23,"Member","01/30/88 00:00:00","11/05/92 00:00:00"
7,6,1,58,"Member","12/21/91 00:00:00","11/05/92 00:00:00"
8,6,1,61,"Member","01/30/88 00:00:00","11/05/92 00:00:00"
9,6,1,137,"Member","09/16/90 00:00:00","11/05/92 00:00:00"
10,6,1,142,"Member","01/30/88 00:00:00","12/20/91 00:00:00"
11,6,1,168,"Member","01/30/88 00:00:00","11/05/90 00:00:00"
12,6,1,171,"Member","11/06/90 00:00:00","11/05/92 00:00:00"
13,6,1,238,"Member","01/30/88 00:00:00","11/05/92 00:00:00"
14,6,1,240,"Member","01/30/88 00:00:00","09/15/90 00:00:00"
15,6,1,68,"Secretary","01/30/88 00:00:00","11/05/90 00:00:00"
16,6,1,220,"Secretary","11/06/90 00:00:00","11/05/92 00:00:00"
17,6,2,5,"Chairperson","01/30/88 00:00:00","11/05/92 00:00:00"
18,6,2,554,"Committee Clerk","01/30/88 00:00:00","11/05/92 00:00:00"
19,6,2,14,"Deputy Chairperson","01/30/88 00:00:00","11/05/92 00:00:00"
20,6,2,269,"Deputy Chairperson","11/29/91 00:00:00","11/05/92 00:00:00"
21,6,2,524,"Deputy Chairperson","01/30/88 00:00:00","11/28/91 00:00:00"
22,6,2,69,"Member","01/30/88 00:00:00","11/05/92 00:00:00"
23,6,2,164,"Member","01/06/92 00:00:00","11/05/92 00:00:00"
24,6,2,175,"Member","01/30/88 00:00:00","09/15/91 00:00:00"
25,6,2,287,"Member","09/16/91 00:00:00","11/05/92 00:00:00"
26,6,2,361,"Member","01/30/88 00:00:00","11/05/92 00:00:00"
27,6,2,429,"Member","01/30/88 00:00:00","01/05/92 00:00:00"
28,6,2,447,"Member","01/30/88 00:00:00","01/05/92 00:00:00"
29,6,2,513,"Member","01/07/92 00:00:00","11/05/92 00:00:00"
30,6,2,523,"Member","01/30/88 00:00:00","11/05/92 00:00:00"
31,6,2,149,"Secretary","01/30/88 00:00:00","11/05/92 00:00:00"
32,6,3,14,"Chairperson","01/30/88 00:00:00","11/05/92 00:00:00"
33,6,3,554,"Committee Clerk","01/30/88 00:00:00","11/05/92 00:00:00"
34,6,3,62,"Deputy Chairperson","01/30/88 00:00:00","11/05/92 00:00:00"
35,6,3,283,"Deputy Chairperson","06/29/91 00:00:00","11/05/92 00:00:00"
36,6,3,522,"Deputy Chairperson","01/30/88 00:00:00","06/28/91 00:00:00"
37,6,3,73,"Member","01/30/88 00:00:00","11/05/92 00:00:00"
38,6,3,168,"Member","09/16/90 00:00:00","11/05/92 00:00:00"
39,6,3,176,"Member","01/30/88 00:00:00","09/15/90 00:00:00"
40,6,3,289,"Member","02/06/91 00:00:00","11/05/92 00:00:00"
41,6,3,363,"Member","01/30/88 00:00:00","11/05/92 00:00:00"
42,6,3,433,"Member","01/30/88 00:00:00","10/05/91 00:00:00"
43,6,3,450,"Member","01/30/88 00:00:00","02/05/91 00:00:00"
44,6,3,517,"Member","10/06/91 00:00:00","11/05/92 00:00:00"
45,6,3,526,"Member","01/30/88 00:00:00","11/05/92 00:00:00"
46,6,3,150,"Secretary","01/30/88 00:00:00","11/05/92 00:00:00"
47,6,4,15,"Chairperson","01/30/88 00:00:00","11/05/92 00:00:00"
48,6,4,566,"Committee Clerk","01/30/88 00:00:00","11/05/92 00:00:00"
49,6,4,69,"Deputy Chairperson","01/30/88 00:00:00","11/05/92 00:00:00"
50,6,4,287,"Deputy Chairperson","05/29/90 00:00:00","11/05/92 00:00:00"
51,6,4,524,"Deputy Chairperson","01/30/88 00:00:00","05/28/90 00:00:00"
52,6,4,74,"Member","01/30/88 00:00:00","11/05/92 00:00:00"
53,6,4,174,"Member","12/06/89 00:00:00","11/05/92 00:00:00"
54,6,4,243,"Member","01/30/88 00:00:00","09/25/91 00:00:00"
55,6,4,291,"Member","09/26/91 00:00:00","11/05/92 00:00:00"
56,6,4,365,"Member","01/30/88 00:00:00","11/05/92 00:00:00"
57,6,4,434,"Member","01/30/88 00:00:00","11/05/91 00:00:00"
58,6,4,452,"Member","01/30/88 00:00:00","12/05/89 00:00:00"
59,6,4,518,"Member","11/06/91 00:00:00","11/05/92 00:00:00"
60,6,4,521,"Member","01/30/88 00:00:00","11/05/92 00:00:00"
61,6,4,151,"Secretary","01/30/88 00:00:00","11/05/92 00:00:00"
62,6,5,25,"Chairperson","01/30/88 00:00:00","11/05/92 00:00:00"
63,6,5,581,"Committee Clerk","01/30/88 00:00:00","11/05/92 00:00:00"
64,6,5,164,"Deputy Chairperson","01/30/88 00:00:00","11/05/92 00:00:00"
65,6,5,342,"Deputy Chairperson","06/29/90 00:00:00","11/05/92 00:00:00"
66,6,5,502,"Deputy Chairperson","01/30/88 00:00:00","06/28/90 00:00:00"
67,6,5,174,"Member","01/30/88 00:00:00","11/05/92 00:00:00"
68,6,5,176,"Member","11/06/92 00:00:00","11/05/92 00:00:00"
69,6,5,283,"Member","01/30/88 00:00:00","02/15/90 00:00:00"
70,6,5,328,"Member","11/06/92 00:00:00","11/05/92 00:00:00"
71,6,5,368,"Member","01/30/88 00:00:00","11/05/92 00:00:00"
72,6,5,411,"Member","01/30/88 00:00:00","10/05/91 00:00:00"
73,6,5,453,"Member","01/30/88 00:00:00","02/05/90 00:00:00"
74,6,5,492,"Member","11/06/92 00:00:00","11/05/92 00:00:00"
75,6,5,520,"Member","01/30/88 00:00:00","11/05/92 00:00:00"
76,6,5,263,"Secretary","01/30/88 00:00:00","11/05/92 00:00:00"
77,6,6,14,"Chairperson","01/30/88 00:00:00","11/05/92 00:00:00"
78,6,6,581,"Committee Clerk","01/30/88 00:00:00","11/05/92 00:00:00"
79,6,6,98,"Deputy Chairperson","01/30/88 00:00:00","11/05/92 00:00:00"
80,6,6,321,"Deputy Chairperson","11/06/92 00:00:00","11/05/92 00:00:00"
81,6,6,511,"Deputy Chairperson","01/30/88 00:00:00","05/28/90 00:00:00"
82,6,6,75,"Member","01/30/88 00:00:00","11/05/92 00:00:00"
83,6,6,175,"Member","11/06/92 00:00:00","11/05/92 00:00:00"
84,6,6,244,"Member","01/30/88 00:00:00","09/25/91 00:00:00"
85,6,6,292,"Member","11/06/92 00:00:00","11/05/92 00:00:00"
86,6,6,374,"Member","01/30/88 00:00:00","11/05/92 00:00:00"
87,6,6,453,"Member","01/30/88 00:00:00","12/05/89 00:00:00"
88,6,6,460,"Member","01/30/88 00:00:00","11/05/91 00:00:00"
89,6,6,519,"Member","11/06/92 00:00:00","11/05/92 00:00:00"
90,6,6,521,"Member","01/30/88 00:00:00","11/05/92 00:00:00"
91,6,6,264,"Secretary","01/30/88 00:00:00","11/05/92 00:00:00"
92,6,7,174,"Chairperson","06/12/91 00:00:00","11/05/92 00:00:00"
93,6,7,175,"Chairperson","06/15/90 00:00:00","06/15/91 00:00:00"
94,6,7,170,"Chairperson","06/25/89 00:00:00","06/09/90 00:00:00"
95,6,7,169,"Chairperson","01/30/88 00:00:00","06/05/89 00:00:00"
96,6,7,583,"Committee Clerk","06/12/91 00:00:00","11/05/92 00:00:00"
97,6,7,583,"Committee Clerk","06/15/90 00:00:00","06/15/91 00:00:00"
98,6,7,583,"Committee Clerk","06/25/89 00:00:00","06/09/90 00:00:00"
99,6,7,583,"Committee Clerk","01/30/88 00:00:00","06/05/89 00:00:00"
100,6,7,155,"Deputy Chairperson","06/14/91 00:00:00","11/05/92 00:00:00"
101,6,7,181,"Deputy Chairperson","06/13/91 00:00:00","11/05/92 00:00:00"
102,6,7,150,"Deputy Chairperson","06/15/90 00:00:00","06/15/91 00:00:00"
103,6,7,176,"Deputy Chairperson","06/15/90 00:00:00","06/15/91 00:00:00"
104,6,7,150,"Deputy Chairperson","06/25/89 00:00:00","06/09/90 00:00:00"
105,6,7,175,"Deputy Chairperson","06/25/89 00:00:00","06/09/90 00:00:00"
106,6,7,146,"Deputy Chairperson","01/30/88 00:00:00","06/05/89 00:00:00"
107,6,7,170,"Deputy Chairperson","01/30/88 00:00:00","06/05/89 00:00:00"
108,6,7,592,"Deputy Committee Clerk","06/12/91 00:00:00","11/05/92 00:00:00"
109,6,7,592,"Deputy Committee Clerk","06/15/90 00:00:00","06/15/91 00:00:00"
110,6,7,592,"Deputy Committee Clerk","06/25/89 00:00:00","06/09/90 00:00:00"
111,6,7,592,"Deputy Committee Clerk","01/30/88 00:00:00","06/05/89 00:00:00"
112,6,7,90,"Member","06/21/91 00:00:00","11/05/92 00:00:00"
113,6,7,69,"Member","06/20/91 00:00:00","11/05/92 00:00:00"
114,6,7,183,"Member","06/19/91 00:00:00","11/05/92 00:00:00"
115,6,7,234,"Member","06/18/91 00:00:00","11/05/92 00:00:00"
116,6,7,237,"Member","06/17/91 00:00:00","11/05/92 00:00:00"
117,6,7,31,"Member","06/16/91 00:00:00","11/05/92 00:00:00"
118,6,7,46,"Member","06/15/90 00:00:00","06/15/91 00:00:00"
119,6,7,56,"Member","06/15/90 00:00:00","06/15/91 00:00:00"
120,6,7,70,"Member","06/15/90 00:00:00","06/15/91 00:00:00"
121,6,7,179,"Member","06/15/90 00:00:00","06/15/91 00:00:00"
122,6,7,234,"Member","06/15/90 00:00:00","06/15/91 00:00:00"
123,6,7,235,"Member","06/15/90 00:00:00","06/15/91 00:00:00"
124,6,7,40,"Member","06/25/89 00:00:00","06/09/90 00:00:00"
125,6,7,55,"Member","06/25/89 00:00:00","06/09/90 00:00:00"
126,6,7,67,"Member","06/25/89 00:00:00","06/09/90 00:00:00"
127,6,7,179,"Member","06/25/89 00:00:00","06/09/90 00:00:00"
128,6,7,234,"Member","06/25/89 00:00:00","06/09/90 00:00:00"
129,6,7,240,"Member","06/25/89 00:00:00","06/09/90 00:00:00"
130,6,7,38,"Member","01/30/88 00:00:00","06/05/89 00:00:00"
131,6,7,55,"Member","01/30/88 00:00:00","06/05/89 00:00:00"
132,6,7,67,"Member","01/30/88 00:00:00","06/05/89 00:00:00"
133,6,7,175,"Member","01/30/88 00:00:00","06/05/89 00:00:00"
134,6,7,234,"Member","01/30/88 00:00:00","06/05/89 00:00:00"
135,6,7,239,"Member","01/30/88 00:00:00","06/05/89 00:00:00"
136,6,7,174,"Secretary","06/15/91 00:00:00","11/05/92 00:00:00"
137,6,7,174,"Secretary","06/15/90 00:00:00","06/15/91 00:00:00"
138,6,7,174,"Secretary","06/25/89 00:00:00","06/09/90 00:00:00"
139,6,7,174,"Secretary","01/30/88 00:00:00","06/05/89 00:00:00"
140,6,8,152,"Chairperson","06/15/90 00:00:00","06/15/91 00:00:00"
141,6,8,154,"Chairperson","06/12/91 00:00:00","11/05/92 00:00:00"
142,6,8,163,"Chairperson","01/30/88 00:00:00","06/05/89 00:00:00"
143,6,8,167,"Chairperson","06/25/89 00:00:00","06/09/90 00:00:00"
144,6,8,586,"Committee Clerk","06/15/90 00:00:00","06/15/91 00:00:00"
145,6,8,586,"Committee Clerk","06/12/91 00:00:00","11/05/92 00:00:00"
146,6,8,586,"Committee Clerk","01/30/88 00:00:00","06/05/89 00:00:00"
147,6,8,586,"Committee Clerk","06/25/89 00:00:00","06/09/90 00:00:00"
148,6,8,85,"Deputy Chairperson","06/14/91 00:00:00","11/05/92 00:00:00"
149,6,8,138,"Deputy Chairperson","06/15/90 00:00:00","06/15/91 00:00:00"
150,6,8,145,"Deputy Chairperson","06/13/91 00:00:00","11/05/92 00:00:00"
151,6,8,150,"Deputy Chairperson","01/30/88 00:00:00","06/05/89 00:00:00"
152,6,8,153,"Deputy Chairperson","06/25/89 00:00:00","06/09/90 00:00:00"
153,6,8,160,"Deputy Chairperson","06/15/90 00:00:00","06/15/91 00:00:00"
154,6,8,176,"Deputy Chairperson","01/30/88 00:00:00","06/05/89 00:00:00"
155,6,8,176,"Deputy Chairperson","06/25/89 00:00:00","06/09/90 00:00:00"
156,6,8,593,"Deputy Committee Clerk","06/15/90 00:00:00","06/15/91 00:00:00"
157,6,8,593,"Deputy Committee Clerk","06/12/91 00:00:00","11/05/92 00:00:00"
158,6,8,593,"Deputy Committee Clerk","01/30/88 00:00:00","06/05/89 00:00:00"
159,6,8,593,"Deputy Committee Clerk","06/25/89 00:00:00","06/09/90 00:00:00"
160,6,8,45,"Member","01/30/88 00:00:00","06/05/89 00:00:00"
161,6,8,49,"Member","06/25/89 00:00:00","06/09/90 00:00:00"
162,6,8,53,"Member","06/15/90 00:00:00","06/15/91 00:00:00"
163,6,8,76,"Member","01/30/88 00:00:00","06/05/89 00:00:00"
164,6,8,87,"Member","06/25/89 00:00:00","06/09/90 00:00:00"
165,6,8,90,"Member","01/30/88 00:00:00","06/05/89 00:00:00"
166,6,8,103,"Member","06/25/89 00:00:00","06/09/90 00:00:00"
167,6,8,110,"Member","06/15/90 00:00:00","06/15/91 00:00:00"
168,6,8,113,"Member","06/20/91 00:00:00","11/05/92 00:00:00"
169,6,8,116,"Member","06/17/91 00:00:00","11/05/92 00:00:00"
170,6,8,124,"Member","06/18/91 00:00:00","11/05/92 00:00:00"
171,6,8,126,"Member","06/15/90 00:00:00","06/15/91 00:00:00"
172,6,8,126,"Member","06/21/91 00:00:00","11/05/92 00:00:00"
173,6,8,145,"Member","06/25/89 00:00:00","06/09/90 00:00:00"
174,6,8,159,"Member","01/30/88 00:00:00","06/05/89 00:00:00"
175,6,8,166,"Member","06/15/90 00:00:00","06/15/91 00:00:00"
176,6,8,166,"Member","06/19/91 00:00:00","11/05/92 00:00:00"
177,6,8,168,"Member","06/16/91 00:00:00","11/05/92 00:00:00"
178,6,8,179,"Member","06/15/90 00:00:00","06/15/91 00:00:00"
179,6,8,194,"Member","06/25/89 00:00:00","06/09/90 00:00:00"
180,6,8,207,"Member","06/15/90 00:00:00","06/15/91 00:00:00"
181,6,8,219,"Member","01/30/88 00:00:00","06/05/89 00:00:00"
182,6,8,222,"Member","06/25/89 00:00:00","06/09/90 00:00:00"
183,6,8,238,"Member","01/30/88 00:00:00","06/05/89 00:00:00"
184,6,8,149,"Secretary","06/15/91 00:00:00","11/05/92 00:00:00"
185,6,8,180,"Secretary","01/30/88 00:00:00","06/05/89 00:00:00"
186,6,8,180,"Secretary","06/25/89 00:00:00","06/09/90 00:00:00"
187,6,8,180,"Secretary","06/15/90 00:00:00","06/15/91 00:00:00"
188,7,1,161,"Chairperson","02/10/93 00:00:00","12/03/97 00:00:00"
189,7,1,554,"Committee Clerk","02/10/93 00:00:00","12/03/97 00:00:00"
190,7,1,377,"Deputy Chairperson","02/10/93 00:00:00","12/03/97 00:00:00"
191,7,1,169,"Deputy Chairperson","02/10/93 00:00:00","12/03/97 00:00:00"
192,7,1,74,"Member","02/10/93 00:00:00","08/21/94 00:00:00"
193,7,1,15,"Member","02/10/93 00:00:00","07/31/95 00:00:00"
194,7,1,210,"Member","02/10/93 00:00:00","09/07/96 00:00:00"
195,7,1,385,"Member","08/01/95 00:00:00","12/03/97 00:00:00"
196,7,1,319,"Member","09/08/96 00:00:00","12/03/97 00:00:00"
197,7,1,270,"Member","08/22/94 00:00:00","12/03/97 00:00:00"
198,7,1,164,"Member","02/10/93 00:00:00","12/03/97 00:00:00"
199,7,1,127,"Member","02/10/93 00:00:00","12/03/97 00:00:00"
200,7,1,96,"Member","02/10/93 00:00:00","12/03/97 00:00:00"
201,7,1,386,"Secretary","02/10/93 00:00:00","12/03/97 00:00:00"
202,7,2,163,"Chairperson","02/10/93 00:00:00","12/03/97 00:00:00"
203,7,2,581,"Committee Clerk","02/10/93 00:00:00","12/03/97 00:00:00"
204,7,2,380,"Deputy Chairperson","02/10/93 00:00:00","12/03/97 00:00:00"
205,7,2,170,"Deputy Chairperson","02/10/93 00:00:00","12/03/97 00:00:00"
206,7,2,96,"Member","02/10/93 00:00:00","08/01/95 00:00:00"
207,7,2,26,"Member","02/10/93 00:00:00","04/23/96 00:00:00"
208,7,2,196,"Member","02/10/93 00:00:00","01/07/97 00:00:00"
209,7,2,377,"Member","04/24/96 00:00:00","12/03/97 00:00:00"
210,7,2,324,"Member","01/08/97 00:00:00","12/03/97 00:00:00"
211,7,2,264,"Member","08/02/95 00:00:00","12/03/97 00:00:00"
212,7,2,158,"Member","02/10/93 00:00:00","12/03/97 00:00:00"
213,7,2,130,"Member","02/10/93 00:00:00","12/03/97 00:00:00"
214,7,2,100,"Member","02/10/93 00:00:00","12/03/97 00:00:00"
215,7,2,384,"Secretary","02/10/93 00:00:00","12/03/97 00:00:00"
216,7,3,164,"Chairperson","02/10/93 00:00:00","12/03/97 00:00:00"
217,7,3,583,"Committee Clerk","02/10/93 00:00:00","12/03/97 00:00:00"
218,7,3,381,"Deputy Chairperson","02/10/93 00:00:00","12/03/97 00:00:00"
219,7,3,171,"Deputy Chairperson","02/10/93 00:00:00","12/03/97 00:00:00"
220,7,3,97,"Member","02/10/93 00:00:00","03/12/95 00:00:00"
221,7,3,27,"Member","02/10/93 00:00:00","08/03/96 00:00:00"
222,7,3,208,"Member","02/10/93 00:00:00","09/17/97 00:00:00"
223,7,3,379,"Member","08/04/96 00:00:00","12/03/97 00:00:00"
224,7,3,325,"Member","09/18/97 00:00:00","12/03/97 00:00:00"
225,7,3,265,"Member","03/13/95 00:00:00","12/03/97 00:00:00"
226,7,3,160,"Member","02/10/93 00:00:00","12/03/97 00:00:00"
227,7,3,137,"Member","02/10/93 00:00:00","12/03/97 00:00:00"
228,7,3,102,"Member","02/10/93 00:00:00","12/03/97 00:00:00"
229,7,3,385,"Secretary","02/10/93 00:00:00","12/03/97 00:00:00"
230,7,4,166,"Chairperson","02/03/93 00:00:00","12/03/97 00:00:00"
231,7,4,586,"Committee Clerk","02/10/93 00:00:00","12/03/97 00:00:00"
232,7,4,174,"Deputy Chairperson","02/03/93 00:00:00","08/15/95 00:00:00"
233,7,4,385,"Deputy Chairperson","08/16/95 00:00:00","12/03/97 00:00:00"
234,7,4,382,"Deputy Chairperson","02/03/93 00:00:00","12/03/97 00:00:00"
235,7,4,28,"Member","02/03/93 00:00:00","05/05/94 00:00:00"
236,7,4,104,"Member","02/03/93 00:00:00","08/23/95 00:00:00"
237,7,4,209,"Member","02/03/93 00:00:00","08/15/96 00:00:00"
238,7,4,380,"Member","05/06/94 00:00:00","12/03/97 00:00:00"
239,7,4,327,"Member","08/16/96 00:00:00","12/03/97 00:00:00"
240,7,4,266,"Member","08/24/95 00:00:00","12/03/97 00:00:00"
241,7,4,161,"Member","02/03/93 00:00:00","12/03/97 00:00:00"
242,7,4,138,"Member","02/03/93 00:00:00","12/03/97 00:00:00"
243,7,4,99,"Member","02/03/93 00:00:00","12/03/97 00:00:00"
244,7,4,384,"Secretary","02/03/93 00:00:00","05/14/95 00:00:00"
245,7,4,387,"Secretary","08/16/95 00:00:00","12/03/97 00:00:00"
246,7,7,170,"Chairperson","02/09/93 00:00:00","06/05/94 00:00:00"
247,7,7,170,"Chairperson","06/10/94 00:00:00","06/09/95 00:00:00"
248,7,7,177,"Chairperson","06/14/95 00:00:00","06/12/96 00:00:00"
249,7,7,228,"Chairperson","06/17/96 00:00:00","12/03/97 00:00:00"
250,7,7,592,"Committee Clerk","02/10/93 00:00:00","12/03/97 00:00:00"
251,7,7,575,"Committee Clerk","02/10/93 00:00:00","12/03/97 00:00:00"
252,7,7,575,"Committee Clerk","02/10/93 00:00:00","12/03/97 00:00:00"
253,7,7,575,"Committee Clerk","02/10/93 00:00:00","12/03/97 00:00:00"
254,7,7,384,"Deputy Chairperson","02/09/93 00:00:00","06/05/94 00:00:00"
255,7,7,138,"Deputy Chairperson","02/09/93 00:00:00","06/05/94 00:00:00"
256,7,7,383,"Deputy Chairperson","06/10/94 00:00:00","06/09/95 00:00:00"
257,7,7,141,"Deputy Chairperson","06/10/94 00:00:00","06/09/95 00:00:00"
258,7,7,385,"Deputy Chairperson","06/14/95 00:00:00","06/12/96 00:00:00"
259,7,7,150,"Deputy Chairperson","06/14/95 00:00:00","06/12/96 00:00:00"
260,7,7,381,"Deputy Chairperson","06/17/96 00:00:00","12/03/97 00:00:00"
261,7,7,151,"Deputy Chairperson","06/17/96 00:00:00","12/03/97 00:00:00"
262,7,7,593,"Deputy Committee Clerk","02/10/93 00:00:00","12/03/97 00:00:00"
263,7,7,593,"Deputy Committee Clerk","02/10/93 00:00:00","12/03/97 00:00:00"
264,7,7,573,"Deputy Committee Clerk","02/10/93 00:00:00","12/03/97 00:00:00"
265,7,7,573,"Deputy Committee Clerk","02/10/93 00:00:00","12/03/97 00:00:00"
266,7,7,386,"Member","02/09/93 00:00:00","06/05/94 00:00:00"
267,7,7,362,"Member","02/09/93 00:00:00","06/05/94 00:00:00"
268,7,7,292,"Member","02/09/93 00:00:00","06/05/94 00:00:00"
269,7,7,176,"Member","02/09/93 00:00:00","06/05/94 00:00:00"
270,7,7,175,"Member","02/09/93 00:00:00","06/05/94 00:00:00"
271,7,7,122,"Member","02/09/93 00:00:00","06/05/94 00:00:00"
272,7,7,386,"Member","06/10/94 00:00:00","06/09/95 00:00:00"
273,7,7,339,"Member","06/10/94 00:00:00","06/09/95 00:00:00"
274,7,7,270,"Member","06/10/94 00:00:00","06/09/95 00:00:00"
275,7,7,192,"Member","06/10/94 00:00:00","06/09/95 00:00:00"
276,7,7,175,"Member","06/10/94 00:00:00","06/09/95 00:00:00"
277,7,7,122,"Member","06/10/94 00:00:00","06/09/95 00:00:00"
278,7,7,367,"Member","06/14/95 00:00:00","06/12/96 00:00:00"
279,7,7,339,"Member","06/14/95 00:00:00","06/12/96 00:00:00"
280,7,7,267,"Member","06/14/95 00:00:00","06/12/96 00:00:00"
281,7,7,193,"Member","06/14/95 00:00:00","06/12/96 00:00:00"
282,7,7,175,"Member","06/14/95 00:00:00","06/12/96 00:00:00"
283,7,7,127,"Member","06/14/95 00:00:00","06/12/96 00:00:00"
284,7,7,355,"Member","06/17/96 00:00:00","12/03/97 00:00:00"
285,7,7,305,"Member","06/17/96 00:00:00","12/03/97 00:00:00"
286,7,7,267,"Member","06/17/96 00:00:00","12/03/97 00:00:00"
287,7,7,193,"Member","06/17/96 00:00:00","12/03/97 00:00:00"
288,7,7,175,"Member","06/17/96 00:00:00","12/03/97 00:00:00"
289,7,7,127,"Member","06/17/96 00:00:00","12/03/97 00:00:00"
290,7,7,4,"Secretary","02/09/93 00:00:00","06/05/94 00:00:00"
291,7,7,14,"Secretary","06/10/94 00:00:00","06/09/95 00:00:00"
292,7,7,14,"Secretary","06/14/95 00:00:00","06/12/96 00:00:00"
293,7,7,28,"Secretary","06/17/96 00:00:00","12/03/97 00:00:00"
294,7,8,2,"Chairperson","02/09/93 00:00:00","06/05/94 00:00:00"
295,7,8,14,"Chairperson","06/10/94 00:00:00","06/09/95 00:00:00"
296,7,8,14,"Chairperson","06/14/95 00:00:00","06/12/96 00:00:00"
297,7,8,29,"Chairperson","06/17/96 00:00:00","12/03/97 00:00:00"
298,7,8,572,"Committee Clerk","02/10/93 00:00:00","12/03/97 00:00:00"
299,7,8,572,"Committee Clerk","02/10/93 00:00:00","12/03/97 00:00:00"
300,7,8,572,"Committee Clerk","02/10/93 00:00:00","12/03/97 00:00:00"
301,7,8,572,"Committee Clerk","02/10/93 00:00:00","12/03/97 00:00:00"
302,7,8,275,"Deputy Chairperson","02/09/93 00:00:00","06/05/94 00:00:00"
303,7,8,150,"Deputy Chairperson","02/09/93 00:00:00","06/05/94 00:00:00"
304,7,8,275,"Deputy Chairperson","06/10/94 00:00:00","06/09/95 00:00:00"
305,7,8,160,"Deputy Chairperson","06/10/94 00:00:00","06/09/95 00:00:00"
306,7,8,282,"Deputy Chairperson","06/14/95 00:00:00","06/12/96 00:00:00"
307,7,8,163,"Deputy Chairperson","06/14/95 00:00:00","06/12/96 00:00:00"
308,7,8,286,"Deputy Chairperson","06/17/96 00:00:00","12/03/97 00:00:00"
309,7,8,168,"Deputy Chairperson","06/17/96 00:00:00","12/03/97 00:00:00"
310,7,8,575,"Deputy Committee Clerk","02/10/93 00:00:00","12/03/97 00:00:00"
311,7,8,575,"Deputy Committee Clerk","02/10/93 00:00:00","12/03/97 00:00:00"
312,7,8,574,"Deputy Committee Clerk","02/10/93 00:00:00","12/03/97 00:00:00"
313,7,8,574,"Deputy Committee Clerk","02/10/93 00:00:00","12/03/97 00:00:00"
314,7,8,368,"Member","02/09/93 00:00:00","06/05/94 00:00:00"
315,7,8,321,"Member","02/09/93 00:00:00","06/05/94 00:00:00"
316,7,8,318,"Member","02/09/93 00:00:00","06/05/94 00:00:00"
317,7,8,194,"Member","02/09/93 00:00:00","06/05/94 00:00:00"
318,7,8,160,"Member","02/09/93 00:00:00","06/05/94 00:00:00"
319,7,8,127,"Member","02/09/93 00:00:00","06/05/94 00:00:00"
320,7,8,368,"Member","06/10/94 00:00:00","06/09/95 00:00:00"
321,7,8,324,"Member","06/10/94 00:00:00","06/09/95 00:00:00"
322,7,8,321,"Member","06/10/94 00:00:00","06/09/95 00:00:00"
323,7,8,210,"Member","06/10/94 00:00:00","06/09/95 00:00:00"
324,7,8,167,"Member","06/10/94 00:00:00","06/09/95 00:00:00"
325,7,8,138,"Member","06/10/94 00:00:00","06/09/95 00:00:00"
326,7,8,372,"Member","06/14/95 00:00:00","06/12/96 00:00:00"
327,7,8,329,"Member","06/14/95 00:00:00","06/12/96 00:00:00"
328,7,8,325,"Member","06/14/95 00:00:00","06/12/96 00:00:00"
329,7,8,213,"Member","06/14/95 00:00:00","06/12/96 00:00:00"
330,7,8,171,"Member","06/14/95 00:00:00","06/12/96 00:00:00"
331,7,8,141,"Member","06/14/95 00:00:00","06/12/96 00:00:00"
332,7,8,374,"Member","06/17/96 00:00:00","12/03/97 00:00:00"
333,7,8,332,"Member","06/17/96 00:00:00","12/03/97 00:00:00"
334,7,8,329,"Member","06/17/96 00:00:00","12/03/97 00:00:00"
335,7,8,213,"Member","06/17/96 00:00:00","12/03/97 00:00:00"
336,7,8,171,"Member","06/17/96 00:00:00","12/03/97 00:00:00"
337,7,8,150,"Member","06/17/96 00:00:00","12/03/97 00:00:00"
338,7,8,26,"Secretary","02/09/93 00:00:00","06/05/94 00:00:00"
339,7,8,60,"Secretary","06/10/94 00:00:00","06/09/95 00:00:00"
340,7,8,70,"Secretary","06/14/95 00:00:00","06/12/96 00:00:00"
341,7,8,70,"Secretary","06/17/96 00:00:00","12/03/97 00:00:00"
342,7,9,148,"Chairperson","02/10/93 00:00:00","12/03/97 00:00:00"
343,7,9,561,"Committee Clerk","02/10/93 00:00:00","12/03/97 00:00:00"
344,7,9,380,"Deputy Chairperson","02/10/93 00:00:00","12/03/97 00:00:00"
345,7,9,164,"Deputy Chairperson","02/10/93 00:00:00","12/03/97 00:00:00"
346,7,9,104,"Member","02/10/93 00:00:00","08/03/95 00:00:00"
347,7,9,127,"Member","02/10/93 00:00:00","03/12/96 00:00:00"
348,7,9,178,"Member","02/10/93 00:00:00","02/17/97 00:00:00"
349,7,9,367,"Member","08/04/95 00:00:00","12/03/97 00:00:00"
350,7,9,347,"Member","02/18/97 00:00:00","12/03/97 00:00:00"
351,7,9,249,"Member","03/13/96 00:00:00","12/03/97 00:00:00"
352,7,9,175,"Member","02/10/93 00:00:00","12/03/97 00:00:00"
353,7,9,141,"Member","02/10/93 00:00:00","12/03/97 00:00:00"
354,7,9,123,"Member","02/10/93 00:00:00","12/03/97 00:00:00"
355,7,9,365,"Secretary","02/10/93 00:00:00","12/03/97 00:00:00"
356,7,10,170,"Chairperson","02/03/93 00:00:00","12/03/97 00:00:00"
357,7,10,571,"Committee Clerk","02/10/93 00:00:00","12/03/97 00:00:00"
358,7,10,177,"Deputy Chairperson","02/03/93 00:00:00","08/15/94 00:00:00"
359,7,10,385,"Deputy Chairperson","02/03/93 00:00:00","12/03/97 00:00:00"
360,7,10,329,"Deputy Chairperson","08/16/94 00:00:00","12/03/97 00:00:00"
361,7,10,124,"Member","02/03/93 00:00:00","04/23/95 00:00:00"
362,7,10,211,"Member","02/03/93 00:00:00","08/15/95 00:00:00"
363,7,10,60,"Member","02/03/93 00:00:00","05/05/96 00:00:00"
364,7,10,381,"Member","05/06/96 00:00:00","12/03/97 00:00:00"
365,7,10,329,"Member","08/16/95 00:00:00","12/03/97 00:00:00"
366,7,10,271,"Member","04/24/95 00:00:00","12/03/97 00:00:00"
367,7,10,166,"Member","02/03/93 00:00:00","12/03/97 00:00:00"
368,7,10,139,"Member","02/03/93 00:00:00","12/03/97 00:00:00"
369,7,10,104,"Member","02/03/93 00:00:00","12/03/97 00:00:00"
370,7,10,382,"Secretary","02/03/93 00:00:00","01/14/95 00:00:00"
371,7,10,329,"Secretary","08/16/94 00:00:00","12/03/97 00:00:00"
372,8,1,126,"Chairperson","01/17/98 00:00:00","09/27/00 00:00:00"
373,8,1,336,"Chairperson","09/28/00 00:00:00","11/25/02 00:00:00"
374,8,1,554,"Committee Clerk","01/17/98 00:00:00","11/25/02 00:00:00"
375,8,1,376,"Deputy Chairperson","01/17/98 00:00:00","11/25/02 00:00:00"
376,8,1,483,"Deputy Chairperson","01/17/98 00:00:00","11/25/02 00:00:00"
377,8,1,126,"Member","01/17/98 00:00:00","11/25/02 00:00:00"
378,8,1,193,"Member","01/17/98 00:00:00","11/25/02 00:00:00"
379,8,1,243,"Member","01/17/98 00:00:00","11/25/02 00:00:00"
380,8,1,395,"Member","01/17/98 00:00:00","11/25/02 00:00:00"
381,8,1,338,"Member","01/17/98 00:00:00","11/15/01 00:00:00"
382,8,1,103,"Member","01/17/98 00:00:00","02/05/01 00:00:00"
383,8,1,476,"Member","02/06/01 00:00:00","11/25/02 00:00:00"
384,8,1,14,"Member","11/16/01 00:00:00","11/25/02 00:00:00"
385,8,1,61,"Secretary","01/17/98 00:00:00","11/25/02 00:00:00"
386,8,2,129,"Chairperson","01/30/88 00:00:00","07/27/00 00:00:00"
387,8,2,340,"Chairperson","07/28/00 00:00:00","11/25/02 00:00:00"
388,8,2,581,"Committee Clerk","01/17/98 00:00:00","11/25/02 00:00:00"
389,8,2,363,"Deputy Chairperson","01/30/88 00:00:00","11/25/02 00:00:00"
390,8,2,470,"Deputy Chairperson","01/30/88 00:00:00","11/25/02 00:00:00"
391,8,2,75,"Member","01/30/88 00:00:00","11/25/02 00:00:00"
392,8,2,168,"Member","01/30/88 00:00:00","11/25/02 00:00:00"
393,8,2,249,"Member","01/30/88 00:00:00","11/25/02 00:00:00"
394,8,2,404,"Member","01/30/88 00:00:00","11/25/02 00:00:00"
395,8,2,130,"Member","01/30/88 00:00:00","05/25/01 00:00:00"
396,8,2,342,"Member","01/30/88 00:00:00","01/15/01 00:00:00"
397,8,2,50,"Member","01/16/01 00:00:00","11/25/02 00:00:00"
398,8,2,481,"Member","05/26/01 00:00:00","11/25/02 00:00:00"
399,8,2,98,"Secretary","01/30/88 00:00:00","11/25/02 00:00:00"
400,8,3,130,"Chairperson","01/17/98 00:00:00","03/27/01 00:00:00"
401,8,3,341,"Chairperson","03/28/01 00:00:00","11/25/02 00:00:00"
402,8,3,561,"Committee Clerk","01/17/98 00:00:00","11/25/02 00:00:00"
403,8,3,365,"Deputy Chairperson","01/30/88 00:00:00","11/25/02 00:00:00"
404,8,3,471,"Deputy Chairperson","01/30/88 00:00:00","11/25/02 00:00:00"
405,8,3,96,"Member","01/30/88 00:00:00","11/25/02 00:00:00"
406,8,3,174,"Member","01/30/88 00:00:00","11/25/02 00:00:00"
407,8,3,257,"Member","01/30/88 00:00:00","11/25/02 00:00:00"
408,8,3,405,"Member","01/30/88 00:00:00","11/25/02 00:00:00"
409,8,3,343,"Member","01/30/88 00:00:00","01/15/02 00:00:00"
410,8,3,137,"Member","01/30/88 00:00:00","05/22/01 00:00:00"
411,8,3,482,"Member","05/23/01 00:00:00","11/25/02 00:00:00"
412,8,3,72,"Member","01/16/02 00:00:00","11/25/02 00:00:00"
413,8,3,103,"Secretary","01/30/88 00:00:00","11/25/02 00:00:00"
414,8,4,137,"Chairperson","01/17/98 00:00:00","06/17/01 00:00:00"
415,8,4,342,"Chairperson","06/18/01 00:00:00","11/25/02 00:00:00"
416,8,4,575,"Committee Clerk","01/17/98 00:00:00","11/25/02 00:00:00"
417,8,4,367,"Deputy Chairperson","01/17/98 00:00:00","11/25/02 00:00:00"
418,8,4,472,"Deputy Chairperson","01/17/98 00:00:00","11/25/02 00:00:00"
419,8,4,97,"Member","01/17/98 00:00:00","11/25/02 00:00:00"
420,8,4,175,"Member","01/17/98 00:00:00","11/25/02 00:00:00"
421,8,4,258,"Member","01/17/98 00:00:00","11/25/02 00:00:00"
422,8,4,406,"Member","01/17/98 00:00:00","11/25/02 00:00:00"
423,8,4,138,"Member","01/17/98 00:00:00","01/20/02 00:00:00"
424,8,4,344,"Member","01/17/98 00:00:00","03/25/01 00:00:00"
425,8,4,73,"Member","03/26/01 00:00:00","11/25/02 00:00:00"
426,8,4,483,"Member","01/21/02 00:00:00","11/25/02 00:00:00"
427,8,4,124,"Secretary","01/17/98 00:00:00","11/25/02 00:00:00"
428,8,7,161,"Chairperson","01/15/98 00:00:00","06/12/99 00:00:00"
429,8,7,5,"Chairperson","06/17/99 00:00:00","06/15/00 00:00:00"
430,8,7,25,"Chairperson","06/20/00 00:00:00","06/19/01 00:00:00"
431,8,7,50,"Chairperson","06/24/01 00:00:00","11/25/02 00:00:00"
432,8,7,572,"Committee Clerk","01/17/98 00:00:00","11/25/02 00:00:00"
433,8,7,572,"Committee Clerk","01/17/98 00:00:00","11/25/02 00:00:00"
434,8,7,572,"Committee Clerk","01/17/98 00:00:00","11/25/02 00:00:00"
435,8,7,572,"Committee Clerk","01/17/98 00:00:00","11/25/02 00:00:00"
436,8,7,343,"Deputy Chairperson","01/15/98 00:00:00","06/12/99 00:00:00"
437,8,7,409,"Deputy Chairperson","01/15/98 00:00:00","06/12/99 00:00:00"
438,8,7,352,"Deputy Chairperson","06/17/99 00:00:00","06/15/00 00:00:00"
439,8,7,412,"Deputy Chairperson","06/17/99 00:00:00","06/15/00 00:00:00"
440,8,7,360,"Deputy Chairperson","06/20/00 00:00:00","06/19/01 00:00:00"
441,8,7,412,"Deputy Chairperson","06/20/00 00:00:00","06/19/01 00:00:00"
442,8,7,367,"Deputy Chairperson","06/24/01 00:00:00","11/25/02 00:00:00"
443,8,7,413,"Deputy Chairperson","06/24/01 00:00:00","11/25/02 00:00:00"
444,8,7,539,"Deputy Committee Clerk","01/17/98 00:00:00","11/25/02 00:00:00"
445,8,7,539,"Deputy Committee Clerk","01/17/98 00:00:00","11/25/02 00:00:00"
446,8,7,544,"Deputy Committee Clerk","01/17/98 00:00:00","11/25/02 00:00:00"
447,8,7,556,"Deputy Committee Clerk","01/17/98 00:00:00","11/25/02 00:00:00"
448,8,7,103,"Member","01/15/98 00:00:00","06/12/99 00:00:00"
449,8,7,137,"Member","01/15/98 00:00:00","06/12/99 00:00:00"
450,8,7,269,"Member","01/15/98 00:00:00","06/12/99 00:00:00"
451,8,7,354,"Member","01/15/98 00:00:00","06/12/99 00:00:00"
452,8,7,439,"Member","01/15/98 00:00:00","06/12/99 00:00:00"
453,8,7,482,"Member","01/15/98 00:00:00","06/12/99 00:00:00"
454,8,7,137,"Member","06/17/99 00:00:00","06/15/00 00:00:00"
455,8,7,151,"Member","06/17/99 00:00:00","06/15/00 00:00:00"
456,8,7,269,"Member","06/17/99 00:00:00","06/15/00 00:00:00"
457,8,7,354,"Member","06/17/99 00:00:00","06/15/00 00:00:00"
458,8,7,443,"Member","06/17/99 00:00:00","06/15/00 00:00:00"
459,8,7,476,"Member","06/17/99 00:00:00","06/15/00 00:00:00"
460,8,7,150,"Member","06/20/00 00:00:00","06/19/01 00:00:00"
461,8,7,175,"Member","06/20/00 00:00:00","06/19/01 00:00:00"
462,8,7,285,"Member","06/20/00 00:00:00","06/19/01 00:00:00"
463,8,7,367,"Member","06/20/00 00:00:00","06/19/01 00:00:00"
464,8,7,445,"Member","06/20/00 00:00:00","06/19/01 00:00:00"
465,8,7,483,"Member","06/20/00 00:00:00","06/19/01 00:00:00"
466,8,7,166,"Member","06/24/01 00:00:00","11/25/02 00:00:00"
467,8,7,192,"Member","06/24/01 00:00:00","11/25/02 00:00:00"
468,8,7,288,"Member","06/24/01 00:00:00","11/25/02 00:00:00"
469,8,7,367,"Member","06/24/01 00:00:00","11/25/02 00:00:00"
470,8,7,445,"Member","06/24/01 00:00:00","11/25/02 00:00:00"
471,8,7,476,"Member","06/24/01 00:00:00","11/25/02 00:00:00"
472,8,7,5,"Secretary","01/15/98 00:00:00","06/12/99 00:00:00"
473,8,7,61,"Secretary","06/17/99 00:00:00","06/15/00 00:00:00"
474,8,7,61,"Secretary","06/20/00 00:00:00","06/19/01 00:00:00"
475,8,7,61,"Secretary","06/24/01 00:00:00","11/25/02 00:00:00"
476,8,8,399,"Chairperson","01/15/98 00:00:00","06/12/99 00:00:00"
477,8,8,400,"Chairperson","06/17/99 00:00:00","06/15/00 00:00:00"
478,8,8,405,"Chairperson","06/20/00 00:00:00","06/19/01 00:00:00"
479,8,8,409,"Chairperson","06/24/01 00:00:00","11/25/02 00:00:00"
480,8,8,571,"Committee Clerk","01/17/98 00:00:00","11/25/02 00:00:00"
481,8,8,571,"Committee Clerk","01/17/98 00:00:00","11/25/02 00:00:00"
482,8,8,571,"Committee Clerk","01/17/98 00:00:00","11/25/02 00:00:00"
483,8,8,571,"Committee Clerk","01/17/98 00:00:00","11/25/02 00:00:00"
484,8,8,481,"Deputy Chairperson","01/15/98 00:00:00","06/12/99 00:00:00"
485,8,8,483,"Deputy Chairperson","01/15/98 00:00:00","06/12/99 00:00:00"
486,8,8,477,"Deputy Chairperson","06/17/99 00:00:00","06/15/00 00:00:00"
487,8,8,483,"Deputy Chairperson","06/17/99 00:00:00","06/15/00 00:00:00"
488,8,8,342,"Deputy Chairperson","06/20/00 00:00:00","06/19/01 00:00:00"
489,8,8,342,"Deputy Chairperson","06/20/00 00:00:00","06/19/01 00:00:00"
490,8,8,345,"Deputy Chairperson","06/24/01 00:00:00","11/25/02 00:00:00"
491,8,8,352,"Deputy Chairperson","06/24/01 00:00:00","11/25/02 00:00:00"
492,8,8,544,"Deputy Committee Clerk","01/17/98 00:00:00","11/25/02 00:00:00"
493,8,8,556,"Deputy Committee Clerk","01/17/98 00:00:00","11/25/02 00:00:00"
494,8,8,539,"Deputy Committee Clerk","01/17/98 00:00:00","11/25/02 00:00:00"
495,8,8,539,"Deputy Committee Clerk","01/17/98 00:00:00","11/25/02 00:00:00"
496,8,8,2,"Member","01/15/98 00:00:00","06/12/99 00:00:00"
497,8,8,103,"Member","01/15/98 00:00:00","06/12/99 00:00:00"
498,8,8,139,"Member","01/15/98 00:00:00","06/12/99 00:00:00"
499,8,8,437,"Member","01/15/98 00:00:00","06/12/99 00:00:00"
500,8,8,445,"Member","01/15/98 00:00:00","06/12/99 00:00:00"
501,8,8,476,"Member","01/15/98 00:00:00","06/12/99 00:00:00"
502,8,8,96,"Member","06/17/99 00:00:00","06/15/00 00:00:00"
503,8,8,196,"Member","06/17/99 00:00:00","06/15/00 00:00:00"
504,8,8,208,"Member","06/17/99 00:00:00","06/15/00 00:00:00"
505,8,8,248,"Member","06/17/99 00:00:00","06/15/00 00:00:00"
506,8,8,439,"Member","06/17/99 00:00:00","06/15/00 00:00:00"
507,8,8,478,"Member","06/17/99 00:00:00","06/15/00 00:00:00"
508,8,8,208,"Member","06/20/00 00:00:00","06/19/01 00:00:00"
509,8,8,235,"Member","06/20/00 00:00:00","06/19/01 00:00:00"
510,8,8,248,"Member","06/20/00 00:00:00","06/19/01 00:00:00"
511,8,8,321,"Member","06/20/00 00:00:00","06/19/01 00:00:00"
512,8,8,343,"Member","06/20/00 00:00:00","06/19/01 00:00:00"
513,8,8,345,"Member","06/20/00 00:00:00","06/19/01 00:00:00"
514,8,8,208,"Member","06/24/01 00:00:00","11/25/02 00:00:00"
515,8,8,244,"Member","06/24/01 00:00:00","11/25/02 00:00:00"
516,8,8,248,"Member","06/24/01 00:00:00","11/25/02 00:00:00"
517,8,8,330,"Member","06/24/01 00:00:00","11/25/02 00:00:00"
518,8,8,344,"Member","06/24/01 00:00:00","11/25/02 00:00:00"
519,8,8,345,"Member","06/24/01 00:00:00","11/25/02 00:00:00"
520,8,8,62,"Secretary","01/15/98 00:00:00","06/12/99 00:00:00"
521,8,8,72,"Secretary","06/17/99 00:00:00","06/15/00 00:00:00"
522,8,8,399,"Secretary","06/20/00 00:00:00","06/19/01 00:00:00"
523,8,8,399,"Secretary","06/24/01 00:00:00","11/25/02 00:00:00"
524,8,11,139,"Chairperson","01/17/98 00:00:00","07/27/01 00:00:00"
525,8,11,342,"Chairperson","07/28/01 00:00:00","01/25/02 00:00:00"
526,8,11,573,"Committee Clerk","01/17/98 00:00:00","11/25/02 00:00:00"
527,8,11,374,"Deputy Chairperson","01/30/88 00:00:00","01/25/02 00:00:00"
528,8,11,475,"Deputy Chairperson","01/30/88 00:00:00","01/25/02 00:00:00"
529,8,11,97,"Member","01/30/88 00:00:00","01/25/02 00:00:00"
530,8,11,176,"Member","01/30/88 00:00:00","01/25/02 00:00:00"
531,8,11,261,"Member","01/30/88 00:00:00","01/25/02 00:00:00"
532,8,11,407,"Member","01/30/88 00:00:00","01/25/02 00:00:00"
533,8,11,353,"Member","01/30/88 00:00:00","11/15/01 00:00:00"
534,8,11,139,"Member","01/30/88 00:00:00","05/02/01 00:00:00"
535,8,11,471,"Member","05/03/01 00:00:00","01/25/02 00:00:00"
536,8,11,98,"Member","11/16/01 00:00:00","01/25/02 00:00:00"
537,8,11,129,"Secretary","01/30/88 00:00:00","01/25/02 00:00:00"
538,8,12,139,"Chairperson","01/17/98 00:00:00","06/17/01 00:00:00"
539,8,12,353,"Chairperson","06/18/01 00:00:00","11/25/02 00:00:00"
540,8,12,574,"Committee Clerk","01/17/98 00:00:00","11/25/02 00:00:00"
541,8,12,375,"Deputy Chairperson","01/17/98 00:00:00","11/25/02 00:00:00"
542,8,12,474,"Deputy Chairperson","01/17/98 00:00:00","11/25/02 00:00:00"
543,8,12,103,"Member","01/17/98 00:00:00","11/25/02 00:00:00"
544,8,12,192,"Member","01/17/98 00:00:00","11/25/02 00:00:00"
545,8,12,265,"Member","01/17/98 00:00:00","11/25/02 00:00:00"
546,8,12,410,"Member","01/17/98 00:00:00","11/25/02 00:00:00"
547,8,12,151,"Member","01/17/98 00:00:00","01/20/02 00:00:00"
548,8,12,354,"Member","01/17/98 00:00:00","03/25/01 00:00:00"
549,8,12,97,"Member","03/26/01 00:00:00","11/25/02 00:00:00"
550,8,12,477,"Member","01/21/02 00:00:00","11/25/02 00:00:00"
551,8,12,137,"Secretary","01/17/98 00:00:00","11/25/02 00:00:00"
552,8,13,429,"Chairperson","02/05/00 00:00:00","11/25/01 00:00:00"
553,8,13,478,"Chairperson","11/26/01 00:00:00","11/25/02 00:00:00"
554,8,13,536,"Committee Clerk","01/17/98 00:00:00","11/25/02 00:00:00"
555,8,13,151,"Deputy Chairperson","02/05/00 00:00:00","11/25/02 00:00:00"
556,8,13,158,"Deputy Chairperson","02/05/00 00:00:00","11/25/02 00:00:00"
557,8,13,329,"Member","02/05/00 00:00:00","11/25/02 00:00:00"
558,8,13,330,"Member","02/05/00 00:00:00","11/25/02 00:00:00"
559,8,13,336,"Member","02/05/00 00:00:00","11/25/02 00:00:00"
560,8,13,418,"Member","02/05/00 00:00:00","11/25/02 00:00:00"
561,8,13,419,"Member","02/05/00 00:00:00","11/25/02 00:00:00"
562,8,13,426,"Member","02/05/00 00:00:00","11/25/02 00:00:00"
563,8,13,430,"Member","02/05/00 00:00:00","11/25/02 00:00:00"
564,8,13,479,"Member","02/05/00 00:00:00","11/25/02 00:00:00"
565,8,13,427,"Secretary","02/05/00 00:00:00","11/25/02 00:00:00"
566,9,1,126,"Chairperson","01/05/03 00:00:00",""
567,9,1,554,"Committee Clerk","01/05/03 00:00:00",""
568,9,1,526,"Deputy Chairperson","01/05/03 00:00:00","11/28/04 00:00:00"
569,9,1,5,"Deputy Chairperson","01/05/03 00:00:00",""
570,9,1,262,"Deputy Chairperson","09/16/05 00:00:00",""
571,9,1,441,"Member","01/05/03 00:00:00","02/05/06 00:00:00"
572,9,1,167,"Member","01/05/03 00:00:00","09/15/05 00:00:00"
573,9,1,425,"Member","01/05/03 00:00:00","01/05/05 00:00:00"
574,9,1,61,"Member","01/05/03 00:00:00",""
575,9,1,353,"Member","01/05/03 00:00:00",""
576,9,1,520,"Member","01/05/03 00:00:00",""
577,9,1,283,"Member","11/29/04 00:00:00",""
578,9,1,150,"Member","01/06/05 00:00:00",""
579,9,1,510,"Member","02/06/06 00:00:00",""
580,9,1,138,"Secretary","01/05/03 00:00:00",""
581,9,2,149,"Chairperson","01/05/03 00:00:00",""
582,9,2,581,"Committee Clerk","01/06/03 00:00:00",""
583,9,2,166,"Deputy Chairperson","01/05/03 00:00:00","08/15/04 00:00:00"
584,9,2,431,"Deputy Chairperson","01/05/03 00:00:00",""
585,9,2,430,"Deputy Chairperson","08/16/04 00:00:00",""
586,9,2,174,"Member","01/05/03 00:00:00","07/14/06 00:00:00"
587,9,2,283,"Member","01/05/03 00:00:00","01/15/06 00:00:00"
588,9,2,103,"Member","01/05/03 00:00:00","04/25/05 00:00:00"
589,9,2,69,"Member","01/05/03 00:00:00",""
590,9,2,415,"Member","01/05/03 00:00:00",""
591,9,2,452,"Member","01/05/03 00:00:00",""
592,9,2,25,"Member","04/26/05 00:00:00",""
593,9,2,485,"Member","01/16/06 00:00:00",""
594,9,2,61,"Member","07/15/06 00:00:00",""
595,9,2,524,"Secretary","01/05/03 00:00:00","05/05/05 00:00:00"
596,9,2,367,"Secretary","08/16/04 00:00:00",""
597,9,3,150,"Chairperson","01/05/03 00:00:00",""
598,9,3,561,"Committee Clerk","01/07/03 00:00:00",""
599,9,3,167,"Deputy Chairperson","01/05/03 00:00:00","08/15/05 00:00:00"
600,9,3,431,"Deputy Chairperson","01/05/03 00:00:00",""
601,9,3,431,"Deputy Chairperson","08/16/05 00:00:00",""
602,9,3,167,"Member","01/05/03 00:00:00","07/15/06 00:00:00"
603,9,3,124,"Member","01/05/03 00:00:00","08/23/05 00:00:00"
604,9,3,284,"Member","01/05/03 00:00:00","03/05/04 00:00:00"
605,9,3,72,"Member","01/05/03 00:00:00",""
606,9,3,416,"Member","01/05/03 00:00:00",""
607,9,3,453,"Member","01/05/03 00:00:00",""
608,9,3,486,"Member","03/06/04 00:00:00",""
609,9,3,61,"Member","08/24/05 00:00:00",""
610,9,3,62,"Member","07/16/06 00:00:00",""
611,9,3,520,"Secretary","01/05/03 00:00:00","05/05/05 00:00:00"
612,9,3,368,"Secretary","08/16/05 00:00:00",""
613,9,4,151,"Chairperson","01/05/03 00:00:00",""
614,9,4,575,"Committee Clerk","01/08/03 00:00:00",""
615,9,4,168,"Deputy Chairperson","01/05/03 00:00:00",""
616,9,4,432,"Deputy Chairperson","01/05/03 00:00:00",""
617,9,4,168,"Member","01/05/03 00:00:00","12/17/06 00:00:00"
618,9,4,285,"Member","01/05/03 00:00:00","08/03/06 00:00:00"
619,9,4,73,"Member","01/05/03 00:00:00","11/12/05 00:00:00"
620,9,4,125,"Member","01/05/03 00:00:00",""
621,9,4,417,"Member","01/05/03 00:00:00",""
622,9,4,456,"Member","01/05/03 00:00:00",""
623,9,4,69,"Member","11/13/05 00:00:00",""
624,9,4,487,"Member","08/04/06 00:00:00",""
625,9,4,74,"Member","12/18/06 00:00:00",""
626,9,4,521,"Secretary","01/05/03 00:00:00",""
627,9,7,161,"Chairperson","01/21/03 00:00:00","06/09/04 00:00:00"
628,9,7,161,"Chairperson","06/14/04 00:00:00","06/13/05 00:00:00"
629,9,7,2,"Chairperson","06/18/05 00:00:00","06/17/06 00:00:00"
630,9,7,15,"Chairperson","06/22/06 00:00:00",""
631,9,7,572,"Committee Clerk","01/09/03 00:00:00","06/09/04 00:00:00"
632,9,7,571,"Committee Clerk","01/10/03 00:00:00","06/13/05 00:00:00"
633,9,7,572,"Committee Clerk","01/11/03 00:00:00","06/17/06 00:00:00"
634,9,7,571,"Committee Clerk","01/12/03 00:00:00",""
635,9,7,175,"Deputy Chairperson","01/21/03 00:00:00","06/09/04 00:00:00"
636,9,7,436,"Deputy Chairperson","01/21/03 00:00:00","06/09/04 00:00:00"
637,9,7,244,"Deputy Chairperson","06/14/04 00:00:00","06/13/05 00:00:00"
638,9,7,441,"Deputy Chairperson","06/14/04 00:00:00","06/13/05 00:00:00"
639,9,7,245,"Deputy Chairperson","06/18/05 00:00:00","06/17/06 00:00:00"
640,9,7,442,"Deputy Chairperson","06/18/05 00:00:00","06/17/06 00:00:00"
641,9,7,245,"Deputy Chairperson","06/22/06 00:00:00",""
642,9,7,447,"Deputy Chairperson","06/22/06 00:00:00",""
643,9,7,573,"Deputy Committee Clerk","01/09/03 00:00:00","06/09/04 00:00:00"
644,9,7,573,"Deputy Committee Clerk","01/10/03 00:00:00","06/13/05 00:00:00"
645,9,7,573,"Deputy Committee Clerk","01/11/03 00:00:00","06/17/06 00:00:00"
646,9,7,573,"Deputy Committee Clerk","01/12/03 00:00:00",""
647,9,7,98,"Member","01/21/03 00:00:00","06/09/04 00:00:00"
648,9,7,166,"Member","01/21/03 00:00:00","06/09/04 00:00:00"
649,9,7,283,"Member","01/21/03 00:00:00","06/09/04 00:00:00"
650,9,7,318,"Member","01/21/03 00:00:00","06/09/04 00:00:00"
651,9,7,430,"Member","01/21/03 00:00:00","06/09/04 00:00:00"
652,9,7,520,"Member","01/21/03 00:00:00","06/09/04 00:00:00"
653,9,7,129,"Member","06/14/04 00:00:00","06/13/05 00:00:00"
654,9,7,166,"Member","06/14/04 00:00:00","06/13/05 00:00:00"
655,9,7,287,"Member","06/14/04 00:00:00","06/13/05 00:00:00"
656,9,7,340,"Member","06/14/04 00:00:00","06/13/05 00:00:00"
657,9,7,453,"Member","06/14/04 00:00:00","06/13/05 00:00:00"
658,9,7,503,"Member","06/14/04 00:00:00","06/13/05 00:00:00"
659,9,7,139,"Member","06/18/05 00:00:00","06/17/06 00:00:00"
660,9,7,168,"Member","06/18/05 00:00:00","06/17/06 00:00:00"
661,9,7,291,"Member","06/18/05 00:00:00","06/17/06 00:00:00"
662,9,7,343,"Member","06/18/05 00:00:00","06/17/06 00:00:00"
663,9,7,460,"Member","06/18/05 00:00:00","06/17/06 00:00:00"
664,9,7,507,"Member","06/18/05 00:00:00","06/17/06 00:00:00"
665,9,7,149,"Member","06/22/06 00:00:00",""
666,9,7,243,"Member","06/22/06 00:00:00",""
667,9,7,291,"Member","06/22/06 00:00:00",""
668,9,7,353,"Member","06/22/06 00:00:00",""
669,9,7,460,"Member","06/22/06 00:00:00",""
670,9,7,507,"Member","06/22/06 00:00:00",""
671,9,7,15,"Secretary","01/21/03 00:00:00","06/09/04 00:00:00"
672,9,7,69,"Secretary","06/14/04 00:00:00","06/13/05 00:00:00"
673,9,7,73,"Secretary","06/18/05 00:00:00","06/17/06 00:00:00"
674,9,7,97,"Secretary","06/22/06 00:00:00",""
675,9,8,406,"Chairperson","01/21/03 00:00:00","06/09/04 00:00:00"
676,9,8,407,"Chairperson","06/14/04 00:00:00","06/13/05 00:00:00"
677,9,8,407,"Chairperson","06/18/05 00:00:00","06/17/06 00:00:00"
678,9,8,407,"Chairperson","06/22/06 00:00:00",""
679,9,8,536,"Committee Clerk","01/13/03 00:00:00","06/09/04 00:00:00"
680,9,8,536,"Committee Clerk","01/14/03 00:00:00","06/13/05 00:00:00"
681,9,8,536,"Committee Clerk","01/15/03 00:00:00","06/17/06 00:00:00"
682,9,8,536,"Committee Clerk","01/16/03 00:00:00",""
683,9,8,329,"Deputy Chairperson","01/21/03 00:00:00","06/09/04 00:00:00"
684,9,8,405,"Deputy Chairperson","01/21/03 00:00:00","06/09/04 00:00:00"
685,9,8,336,"Deputy Chairperson","06/14/04 00:00:00","06/13/05 00:00:00"
686,9,8,409,"Deputy Chairperson","06/14/04 00:00:00","06/13/05 00:00:00"
687,9,8,338,"Deputy Chairperson","06/18/05 00:00:00","06/17/06 00:00:00"
688,9,8,413,"Deputy Chairperson","06/18/05 00:00:00","06/17/06 00:00:00"
689,9,8,342,"Deputy Chairperson","06/22/06 00:00:00",""
690,9,8,413,"Deputy Chairperson","06/22/06 00:00:00",""
691,9,8,544,"Deputy Committee Clerk","01/13/03 00:00:00","06/09/04 00:00:00"
692,9,8,544,"Deputy Committee Clerk","01/14/03 00:00:00","06/13/05 00:00:00"
693,9,8,544,"Deputy Committee Clerk","01/15/03 00:00:00","06/17/06 00:00:00"
694,9,8,544,"Deputy Committee Clerk","01/16/03 00:00:00",""
695,9,8,139,"Member","01/21/03 00:00:00","06/09/04 00:00:00"
696,9,8,243,"Member","01/21/03 00:00:00","06/09/04 00:00:00"
697,9,8,245,"Member","01/21/03 00:00:00","06/09/04 00:00:00"
698,9,8,288,"Member","01/21/03 00:00:00","06/09/04 00:00:00"
699,9,8,436,"Member","01/21/03 00:00:00","06/09/04 00:00:00"
700,9,8,524,"Member","01/21/03 00:00:00","06/09/04 00:00:00"
701,9,8,151,"Member","06/14/04 00:00:00","06/13/05 00:00:00"
702,9,8,248,"Member","06/14/04 00:00:00","06/13/05 00:00:00"
703,9,8,249,"Member","06/14/04 00:00:00","06/13/05 00:00:00"
704,9,8,303,"Member","06/14/04 00:00:00","06/13/05 00:00:00"
705,9,8,438,"Member","06/14/04 00:00:00","06/13/05 00:00:00"
706,9,8,521,"Member","06/14/04 00:00:00","06/13/05 00:00:00"
707,9,8,151,"Member","06/18/05 00:00:00","06/17/06 00:00:00"
708,9,8,258,"Member","06/18/05 00:00:00","06/17/06 00:00:00"
709,9,8,264,"Member","06/18/05 00:00:00","06/17/06 00:00:00"
710,9,8,305,"Member","06/18/05 00:00:00","06/17/06 00:00:00"
711,9,8,444,"Member","06/18/05 00:00:00","06/17/06 00:00:00"
712,9,8,523,"Member","06/18/05 00:00:00","06/17/06 00:00:00"
713,9,8,167,"Member","06/22/06 00:00:00",""
714,9,8,258,"Member","06/22/06 00:00:00",""
715,9,8,264,"Member","06/22/06 00:00:00",""
716,9,8,316,"Member","06/22/06 00:00:00",""
717,9,8,448,"Member","06/22/06 00:00:00",""
718,9,8,525,"Member","06/22/06 00:00:00",""
719,9,8,62,"Secretary","01/21/03 00:00:00","06/09/04 00:00:00"
720,9,8,73,"Secretary","06/14/04 00:00:00","06/13/05 00:00:00"
721,9,8,73,"Secretary","06/18/05 00:00:00","06/17/06 00:00:00"
722,9,8,103,"Secretary","06/22/06 00:00:00",""
723,9,14,139,"Chairperson","01/05/03 00:00:00",""
724,9,14,568,"Committee Clerk","01/05/03 00:00:00",""
725,9,14,164,"Deputy Chairperson","01/05/03 00:00:00","08/15/05 00:00:00"
726,9,14,417,"Deputy Chairperson","01/05/03 00:00:00",""
727,9,14,422,"Deputy Chairperson","08/16/05 00:00:00",""
728,9,14,574,"Deputy Committee Clerk","01/05/03 00:00:00",""
729,9,14,138,"Member","01/05/03 00:00:00","07/15/06 00:00:00"
730,9,14,103,"Member","01/05/03 00:00:00","08/23/05 00:00:00"
731,9,14,264,"Member","01/05/03 00:00:00","03/05/04 00:00:00"
732,9,14,25,"Member","01/05/03 00:00:00",""
733,9,14,399,"Member","01/05/03 00:00:00",""
734,9,14,445,"Member","01/05/03 00:00:00",""
735,9,14,469,"Member","03/06/04 00:00:00",""
736,9,14,96,"Member","08/24/05 00:00:00",""
737,9,14,97,"Member","07/16/06 00:00:00",""
738,9,14,511,"Secretary","01/05/03 00:00:00","05/05/05 00:00:00"
739,9,14,355,"Secretary","08/16/05 00:00:00",""
740,9,15,164,"Chairperson","01/05/03 00:00:00","02/03/07 00:00:00"
741,9,15,569,"Committee Clerk","01/05/03 00:00:00","02/03/07 00:00:00"
742,9,15,174,"Deputy Chairperson","01/05/03 00:00:00","02/03/07 00:00:00"
743,9,15,442,"Deputy Chairperson","01/05/03 00:00:00","02/03/07 00:00:00"
744,9,15,245,"Member","01/05/03 00:00:00","12/17/06 00:00:00"
745,9,15,316,"Member","01/05/03 00:00:00","08/03/06 00:00:00"
746,9,15,97,"Member","01/05/03 00:00:00","11/12/05 00:00:00"
747,9,15,138,"Member","01/05/03 00:00:00","02/03/07 00:00:00"
748,9,15,424,"Member","01/05/03 00:00:00","02/03/07 00:00:00"
749,9,15,462,"Member","01/05/03 00:00:00","02/03/07 00:00:00"
750,9,15,73,"Member","11/13/05 00:00:00","02/03/07 00:00:00"
751,9,15,489,"Member","08/04/06 00:00:00","02/03/07 00:00:00"
752,9,15,97,"Member","12/18/06 00:00:00","02/03/07 00:00:00"
753,9,15,505,"Secretary","01/05/03 00:00:00","02/03/07 00:00:00"
754,9,16,264,"Chairperson","01/21/07 00:00:00",""
755,9,16,584,"Committee Clerk","01/21/07 00:00:00",""
756,9,16,265,"Deputy Chairperson","01/21/07 00:00:00",""
757,9,16,266,"Deputy Chairperson","01/21/07 00:00:00",""
758,9,16,416,"Deputy Chairperson","01/21/07 00:00:00",""
759,9,16,556,"Deputy Committee Clerk","01/21/07 00:00:00",""
760,9,16,286,"Member","01/21/07 00:00:00",""
761,9,16,367,"Member","01/21/07 00:00:00",""
762,9,16,368,"Member","01/21/07 00:00:00",""
763,9,16,369,"Member","01/21/07 00:00:00",""
764,9,16,397,"Member","01/21/07 00:00:00",""
765,9,16,398,"Member","01/21/07 00:00:00",""
766,9,16,415,"Member","01/21/07 00:00:00",""
767,9,16,422,"Member","01/21/07 00:00:00",""
768,9,16,424,"Member","01/21/07 00:00:00",""
769,9,16,399,"Secretary","01/21/07 00:00:00",""
770,9,16,417,"Secretary","01/21/07 00:00:00",""
771,9,17,447,"Chairperson","01/21/07 00:00:00",""
772,9,17,539,"Committee Clerk","01/21/07 00:00:00",""
773,9,17,448,"Deputy Chairperson","01/21/07 00:00:00",""
774,9,17,456,"Deputy Chairperson","01/21/07 00:00:00",""
775,9,17,549,"Deputy Committee Clerk","01/21/07 00:00:00",""
776,9,17,459,"Member","01/21/07 00:00:00",""
777,9,17,460,"Member","01/21/07 00:00:00",""
778,9,17,468,"Member","01/21/07 00:00:00",""
779,9,17,469,"Member","01/21/07 00:00:00",""
780,9,17,470,"Member","01/21/07 00:00:00",""
781,9,17,472,"Member","01/21/07 00:00:00",""
782,9,17,491,"Member","01/21/07 00:00:00",""
783,9,17,492,"Member","01/21/07 00:00:00",""
784,9,17,513,"Member","01/21/07 00:00:00",""
785,9,17,473,"Secretary","01/21/07 00:00:00",""
786,9,18,96,"Chairperson","01/21/07 00:00:00",""
787,9,18,149,"Committee Clerk","01/21/07 00:00:00",""
788,9,18,168,"Member","01/21/07 00:00:00",""
789,9,18,258,"Deputy Chairperson","01/21/07 00:00:00",""
790,9,18,289,"Deputy Committee Clerk","01/21/07 00:00:00",""
791,9,18,315,"Member","01/21/07 00:00:00",""
792,9,18,341,"Member","01/21/07 00:00:00",""
793,9,18,365,"Member","01/21/07 00:00:00",""
794,9,18,398,"Member","01/21/07 00:00:00",""
795,9,18,411,"Member","01/21/07 00:00:00",""
796,9,18,430,"Member","01/21/07 00:00:00",""
797,9,18,443,"Deputy Chairperson","01/21/07 00:00:00",""
798,9,18,460,"Member","01/21/07 00:00:00",""
799,9,18,474,"Member","01/21/07 00:00:00",""
800,9,18,487,"Secretary","01/21/07 00:00:00",""
