ID,parliament_id,person_id,pol_group_ID,pol_group_join,pol_group_leave
1,6,1,5,"01/23/88 00:00:00","11/05/92 00:00:00"
2,6,2,3,"01/23/88 00:00:00","11/05/92 00:00:00"
3,6,3,2,"01/23/88 00:00:00","11/05/92 00:00:00"
4,6,4,6,"01/23/88 00:00:00","11/05/92 00:00:00"
5,6,5,2,"01/23/88 00:00:00","11/05/92 00:00:00"
6,6,6,6,"01/30/88 00:00:00","11/16/90 00:00:00"
7,6,6,4,"11/17/90 00:00:00","11/05/92 00:00:00"
8,6,7,4,"01/23/88 00:00:00","11/05/92 00:00:00"
9,6,8,4,"01/23/88 00:00:00","11/05/92 00:00:00"
10,6,9,5,"01/23/88 00:00:00","11/05/92 00:00:00"
11,6,10,3,"01/23/88 00:00:00","11/05/92 00:00:00"
12,6,11,6,"01/23/88 00:00:00","11/05/92 00:00:00"
13,6,12,6,"01/23/88 00:00:00","11/05/92 00:00:00"
14,6,13,2,"01/23/88 00:00:00","11/05/92 00:00:00"
15,6,14,1,"01/23/88 00:00:00","11/05/92 00:00:00"
16,6,15,5,"01/30/88 00:00:00","11/05/92 00:00:00"
17,6,16,5,"01/23/88 00:00:00","12/12/91 00:00:00"
18,6,17,4,"01/23/88 00:00:00","11/05/92 00:00:00"
19,6,18,2,"01/23/88 00:00:00","11/05/92 00:00:00"
20,6,19,5,"01/23/88 00:00:00","11/05/92 00:00:00"
21,6,20,6,"01/27/88 00:00:00","11/05/92 00:00:00"
22,6,21,1,"01/23/88 00:00:00","11/05/92 00:00:00"
23,6,22,6,"01/23/88 00:00:00","11/05/92 00:00:00"
24,6,23,6,"01/23/88 00:00:00","11/05/92 00:00:00"
25,6,24,6,"01/23/88 00:00:00","02/07/90 00:00:00"
26,6,24,7,"02/08/90 00:00:00","11/05/92 00:00:00"
27,6,25,6,"01/30/88 00:00:00","11/05/92 00:00:00"
28,6,26,3,"01/23/88 00:00:00","11/05/92 00:00:00"
29,6,27,4,"01/23/88 00:00:00","11/05/92 00:00:00"
30,6,28,2,"01/23/88 00:00:00","11/05/92 00:00:00"
31,6,29,4,"01/23/88 00:00:00","11/05/92 00:00:00"
32,6,30,4,"01/27/88 00:00:00","11/05/92 00:00:00"
33,6,31,3,"01/23/88 00:00:00","11/05/92 00:00:00"
34,6,32,1,"01/23/88 00:00:00","11/05/92 00:00:00"
35,6,33,5,"01/23/88 00:00:00","11/05/92 00:00:00"
36,6,34,2,"01/23/88 00:00:00","05/25/90 00:00:00"
37,6,35,4,"01/23/88 00:00:00","11/05/92 00:00:00"
38,6,36,6,"01/23/88 00:00:00","11/21/91 00:00:00"
39,6,36,7,"11/22/91 00:00:00","11/05/92 00:00:00"
40,6,37,3,"01/23/88 00:00:00","11/05/92 00:00:00"
41,6,38,5,"01/23/88 00:00:00","11/05/92 00:00:00"
42,6,39,5,"01/23/88 00:00:00","11/05/92 00:00:00"
43,6,40,3,"01/23/88 00:00:00","11/05/92 00:00:00"
44,6,41,2,"01/23/88 00:00:00","11/05/92 00:00:00"
45,6,42,3,"01/23/88 00:00:00","05/30/89 00:00:00"
46,6,43,5,"01/23/88 00:00:00","11/05/92 00:00:00"
47,6,44,5,"01/23/88 00:00:00","11/05/92 00:00:00"
48,6,45,5,"01/23/88 00:00:00","11/05/92 00:00:00"
49,6,46,6,"01/23/88 00:00:00","11/05/92 00:00:00"
50,6,47,6,"01/30/88 00:00:00","11/05/92 00:00:00"
51,6,48,2,"01/23/88 00:00:00","11/05/92 00:00:00"
52,6,49,1,"01/23/88 00:00:00","11/05/92 00:00:00"
53,6,50,6,"01/23/88 00:00:00","11/05/92 00:00:00"
54,6,51,6,"01/23/88 00:00:00","02/07/90 00:00:00"
55,6,51,7,"02/08/90 00:00:00","11/05/92 00:00:00"
56,6,52,4,"01/23/88 00:00:00","11/05/92 00:00:00"
57,6,53,4,"01/23/88 00:00:00","11/05/92 00:00:00"
58,6,54,6,"01/23/88 00:00:00","11/05/92 00:00:00"
59,6,55,6,"01/23/88 00:00:00","11/05/92 00:00:00"
60,6,56,3,"01/23/88 00:00:00","11/05/92 00:00:00"
61,6,57,6,"01/23/88 00:00:00","07/14/92 00:00:00"
62,6,58,1,"01/23/88 00:00:00","11/05/92 00:00:00"
63,6,59,6,"01/23/88 00:00:00","11/05/92 00:00:00"
64,6,60,6,"01/23/88 00:00:00","11/05/92 00:00:00"
65,6,61,6,"01/23/88 00:00:00","11/05/92 00:00:00"
66,6,62,1,"01/23/88 00:00:00","11/05/92 00:00:00"
67,6,63,5,"01/23/88 00:00:00","11/05/92 00:00:00"
68,6,64,6,"01/23/88 00:00:00","11/05/92 00:00:00"
69,6,65,2,"01/27/88 00:00:00","02/07/90 00:00:00"
70,6,65,3,"02/08/90 00:00:00","11/05/92 00:00:00"
71,6,66,5,"01/23/88 00:00:00","11/05/92 00:00:00"
72,6,67,5,"01/23/88 00:00:00","11/05/92 00:00:00"
73,6,68,3,"01/23/88 00:00:00","11/05/92 00:00:00"
74,6,69,4,"01/23/88 00:00:00","11/05/92 00:00:00"
75,6,70,3,"01/23/88 00:00:00","11/05/92 00:00:00"
76,6,71,6,"01/23/88 00:00:00","02/06/91 00:00:00"
77,6,72,3,"01/23/88 00:00:00","11/05/92 00:00:00"
78,6,73,3,"01/23/88 00:00:00","11/05/92 00:00:00"
79,6,74,6,"01/23/88 00:00:00","11/05/92 00:00:00"
80,6,75,4,"01/23/88 00:00:00","11/05/92 00:00:00"
81,6,76,1,"01/23/88 00:00:00","11/05/92 00:00:00"
82,6,77,6,"01/23/88 00:00:00","11/05/92 00:00:00"
83,6,78,2,"01/23/88 00:00:00","11/05/92 00:00:00"
84,6,79,5,"01/27/88 00:00:00","11/05/92 00:00:00"
85,6,80,5,"01/23/88 00:00:00","09/28/90 00:00:00"
86,6,81,3,"01/23/88 00:00:00","11/05/92 00:00:00"
87,6,82,3,"01/23/88 00:00:00","11/05/92 00:00:00"
88,6,83,2,"01/23/88 00:00:00","11/05/92 00:00:00"
89,6,84,5,"01/23/88 00:00:00","11/05/92 00:00:00"
90,6,85,5,"01/23/88 00:00:00","11/05/92 00:00:00"
91,6,86,4,"01/23/88 00:00:00","11/05/92 00:00:00"
92,6,87,2,"01/23/88 00:00:00","07/07/90 00:00:00"
93,6,87,7,"07/08/90 00:00:00","11/05/92 00:00:00"
94,6,88,4,"01/23/88 00:00:00","11/05/92 00:00:00"
95,6,89,3,"01/23/88 00:00:00","11/05/92 00:00:00"
96,6,90,4,"01/23/88 00:00:00","11/05/92 00:00:00"
97,6,91,1,"01/23/88 00:00:00","11/05/92 00:00:00"
98,6,92,6,"01/23/88 00:00:00","11/05/92 00:00:00"
99,6,93,2,"01/23/88 00:00:00","11/05/92 00:00:00"
100,6,94,1,"01/23/88 00:00:00","11/14/91 00:00:00"
101,6,95,6,"01/23/88 00:00:00","11/05/92 00:00:00"
102,6,96,6,"01/23/88 00:00:00","11/05/92 00:00:00"
103,6,97,5,"01/23/88 00:00:00","11/05/92 00:00:00"
104,6,98,1,"01/23/88 00:00:00","11/05/92 00:00:00"
105,6,99,5,"01/23/88 00:00:00","11/05/92 00:00:00"
106,6,100,2,"01/23/88 00:00:00","11/05/92 00:00:00"
107,6,101,2,"01/23/88 00:00:00","11/05/92 00:00:00"
108,6,102,1,"01/23/88 00:00:00","11/05/92 00:00:00"
109,6,103,1,"01/23/88 00:00:00","11/05/92 00:00:00"
110,6,104,4,"01/23/88 00:00:00","11/05/92 00:00:00"
111,6,105,4,"01/27/88 00:00:00","08/18/90 00:00:00"
112,6,106,5,"01/23/88 00:00:00","11/05/92 00:00:00"
113,6,107,1,"01/23/88 00:00:00","11/05/92 00:00:00"
114,6,108,1,"01/23/88 00:00:00","11/05/92 00:00:00"
115,6,109,3,"01/23/88 00:00:00","11/05/92 00:00:00"
116,6,110,6,"01/23/88 00:00:00","11/05/92 00:00:00"
117,6,111,4,"01/23/88 00:00:00","11/05/92 00:00:00"
118,6,112,3,"01/23/88 00:00:00","11/05/92 00:00:00"
119,6,113,6,"01/23/88 00:00:00","11/05/92 00:00:00"
120,6,114,5,"01/23/88 00:00:00","11/05/92 00:00:00"
121,6,115,5,"01/23/88 00:00:00","11/05/92 00:00:00"
122,6,116,4,"01/23/88 00:00:00","11/05/92 00:00:00"
123,6,117,4,"01/23/88 00:00:00","11/05/92 00:00:00"
124,6,118,4,"01/23/88 00:00:00","06/16/92 00:00:00"
125,6,119,4,"01/23/88 00:00:00","11/05/92 00:00:00"
126,6,120,4,"01/23/88 00:00:00","11/05/92 00:00:00"
127,6,121,6,"01/23/88 00:00:00","11/05/92 00:00:00"
128,6,122,6,"01/23/88 00:00:00","11/05/92 00:00:00"
129,6,123,4,"01/23/88 00:00:00","11/05/92 00:00:00"
130,6,124,6,"01/23/88 00:00:00","11/05/92 00:00:00"
131,6,125,1,"01/23/88 00:00:00","11/05/92 00:00:00"
132,6,126,6,"01/23/88 00:00:00","11/05/92 00:00:00"
133,6,127,5,"01/23/88 00:00:00","11/05/92 00:00:00"
134,6,128,4,"01/27/88 00:00:00","11/05/92 00:00:00"
135,6,129,4,"01/23/88 00:00:00","07/07/90 00:00:00"
136,6,129,7,"07/08/90 00:00:00","11/05/92 00:00:00"
137,6,130,6,"01/23/88 00:00:00","11/05/92 00:00:00"
138,6,131,1,"01/23/88 00:00:00","11/05/92 00:00:00"
139,6,132,1,"01/23/88 00:00:00","11/05/92 00:00:00"
140,6,133,4,"01/23/88 00:00:00","11/05/92 00:00:00"
141,6,134,6,"01/30/88 00:00:00","11/05/92 00:00:00"
142,6,135,2,"01/23/88 00:00:00","11/05/92 00:00:00"
143,6,136,1,"01/23/88 00:00:00","03/09/91 00:00:00"
144,6,137,4,"01/23/88 00:00:00","11/05/92 00:00:00"
145,6,138,6,"01/23/88 00:00:00","11/05/92 00:00:00"
146,6,139,5,"01/23/88 00:00:00","11/05/92 00:00:00"
147,6,140,3,"01/23/88 00:00:00","11/05/92 00:00:00"
148,6,141,4,"01/27/88 00:00:00","11/05/92 00:00:00"
149,6,142,4,"01/23/88 00:00:00","11/05/92 00:00:00"
150,6,143,5,"01/23/88 00:00:00","11/05/92 00:00:00"
151,6,144,3,"01/23/88 00:00:00","11/05/92 00:00:00"
152,6,145,2,"01/23/88 00:00:00","11/05/92 00:00:00"
153,6,146,5,"01/23/88 00:00:00","11/05/92 00:00:00"
154,6,147,4,"01/23/88 00:00:00","11/05/92 00:00:00"
155,6,148,4,"01/23/88 00:00:00","11/05/92 00:00:00"
156,6,149,6,"01/23/88 00:00:00","11/05/92 00:00:00"
157,6,150,6,"01/30/88 00:00:00","11/05/92 00:00:00"
158,6,151,5,"01/23/88 00:00:00","11/05/92 00:00:00"
159,6,152,4,"01/23/88 00:00:00","11/05/92 00:00:00"
160,6,153,6,"01/23/88 00:00:00","11/05/92 00:00:00"
161,6,154,5,"01/23/88 00:00:00","11/05/92 00:00:00"
162,6,155,6,"01/23/88 00:00:00","11/05/92 00:00:00"
163,6,156,4,"01/23/88 00:00:00","11/05/92 00:00:00"
164,6,157,6,"01/23/88 00:00:00","11/05/92 00:00:00"
165,6,158,4,"01/23/88 00:00:00","02/07/90 00:00:00"
166,6,158,5,"02/08/90 00:00:00","11/05/92 00:00:00"
167,6,159,1,"01/23/88 00:00:00","11/05/92 00:00:00"
168,6,160,2,"01/23/88 00:00:00","11/05/92 00:00:00"
169,6,161,6,"01/23/88 00:00:00","11/05/92 00:00:00"
170,6,162,6,"01/23/88 00:00:00","11/05/92 00:00:00"
171,6,163,6,"01/23/88 00:00:00","11/05/92 00:00:00"
172,6,164,3,"01/23/88 00:00:00","11/05/92 00:00:00"
173,6,165,2,"01/23/88 00:00:00","11/05/92 00:00:00"
174,6,166,6,"01/23/88 00:00:00","11/05/92 00:00:00"
175,6,167,4,"01/23/88 00:00:00","11/05/92 00:00:00"
176,6,168,4,"01/23/88 00:00:00","11/05/92 00:00:00"
177,6,169,6,"01/23/88 00:00:00","11/05/92 00:00:00"
178,6,170,5,"01/23/88 00:00:00","11/05/92 00:00:00"
179,6,171,3,"01/27/88 00:00:00","11/05/92 00:00:00"
180,6,172,1,"01/23/88 00:00:00","11/05/92 00:00:00"
181,6,173,5,"01/23/88 00:00:00","10/10/90 00:00:00"
182,6,174,2,"01/23/88 00:00:00","11/05/92 00:00:00"
183,6,175,5,"01/23/88 00:00:00","11/05/92 00:00:00"
184,6,176,6,"01/23/88 00:00:00","11/05/92 00:00:00"
185,6,177,4,"01/23/88 00:00:00","11/05/92 00:00:00"
186,6,178,5,"01/23/88 00:00:00","11/05/92 00:00:00"
187,6,179,4,"01/23/88 00:00:00","11/05/92 00:00:00"
188,6,180,1,"01/23/88 00:00:00","11/05/92 00:00:00"
189,6,181,3,"01/23/88 00:00:00","11/05/92 00:00:00"
190,6,182,5,"01/23/88 00:00:00","11/05/92 00:00:00"
191,6,183,6,"01/23/88 00:00:00","11/05/92 00:00:00"
192,6,184,4,"01/23/88 00:00:00","11/05/92 00:00:00"
193,6,185,3,"01/23/88 00:00:00","11/05/92 00:00:00"
194,6,186,5,"01/23/88 00:00:00","11/05/92 00:00:00"
195,6,187,4,"01/23/88 00:00:00","11/05/92 00:00:00"
196,6,188,3,"01/23/88 00:00:00","12/19/91 00:00:00"
197,6,188,1,"12/20/91 00:00:00","11/05/92 00:00:00"
198,6,189,1,"01/23/88 00:00:00","11/05/92 00:00:00"
199,6,190,6,"01/23/88 00:00:00","11/05/92 00:00:00"
200,6,191,5,"01/23/88 00:00:00","11/05/92 00:00:00"
201,6,192,6,"01/23/88 00:00:00","11/05/92 00:00:00"
202,6,193,2,"01/23/88 00:00:00","11/05/92 00:00:00"
203,6,194,5,"01/23/88 00:00:00","11/05/92 00:00:00"
204,6,195,6,"01/23/88 00:00:00","11/05/92 00:00:00"
205,6,196,2,"01/23/88 00:00:00","11/05/92 00:00:00"
206,6,197,5,"01/23/88 00:00:00","11/05/92 00:00:00"
207,6,198,4,"01/23/88 00:00:00","11/05/92 00:00:00"
208,6,199,5,"01/23/88 00:00:00","04/24/89 00:00:00"
209,6,200,2,"01/23/88 00:00:00","11/05/92 00:00:00"
210,6,201,4,"01/23/88 00:00:00","11/05/92 00:00:00"
211,6,202,3,"01/23/88 00:00:00","11/05/92 00:00:00"
212,6,203,4,"01/23/88 00:00:00","11/05/92 00:00:00"
213,6,204,5,"01/23/88 00:00:00","11/05/92 00:00:00"
214,6,205,5,"01/23/88 00:00:00","11/05/92 00:00:00"
215,6,206,5,"01/27/88 00:00:00","11/05/92 00:00:00"
216,6,207,2,"01/23/88 00:00:00","11/05/92 00:00:00"
217,6,208,5,"01/23/88 00:00:00","11/05/92 00:00:00"
218,6,209,4,"01/23/88 00:00:00","11/05/92 00:00:00"
219,6,210,6,"01/23/88 00:00:00","08/07/91 00:00:00"
220,6,210,7,"08/08/91 00:00:00","11/05/92 00:00:00"
221,6,211,4,"01/23/88 00:00:00","11/05/92 00:00:00"
222,6,212,6,"01/23/88 00:00:00","11/05/92 00:00:00"
223,6,213,5,"01/23/88 00:00:00","11/05/92 00:00:00"
224,6,214,6,"01/23/88 00:00:00","11/05/92 00:00:00"
225,6,215,2,"01/23/88 00:00:00","11/05/92 00:00:00"
226,6,216,5,"01/23/88 00:00:00","11/05/92 00:00:00"
227,6,217,1,"01/23/88 00:00:00","11/05/92 00:00:00"
228,6,218,4,"01/23/88 00:00:00","11/05/92 00:00:00"
229,6,219,2,"01/23/88 00:00:00","11/05/92 00:00:00"
230,6,220,5,"01/23/88 00:00:00","11/05/92 00:00:00"
231,6,221,1,"01/23/88 00:00:00","06/12/92 00:00:00"
232,6,222,6,"01/27/88 00:00:00","11/05/92 00:00:00"
233,6,223,6,"01/23/88 00:00:00","11/05/92 00:00:00"
234,6,224,5,"01/23/88 00:00:00","11/05/92 00:00:00"
235,6,225,5,"01/23/88 00:00:00","11/05/92 00:00:00"
236,6,226,1,"01/23/88 00:00:00","11/05/92 00:00:00"
237,6,227,3,"01/30/88 00:00:00","11/05/92 00:00:00"
238,6,228,4,"01/23/88 00:00:00","11/05/92 00:00:00"
239,6,229,5,"02/12/92 00:00:00","11/05/92 00:00:00"
240,6,230,1,"08/25/90 00:00:00","11/05/92 00:00:00"
241,6,231,3,"08/30/89 00:00:00","11/05/92 00:00:00"
242,6,232,5,"10/17/92 00:00:00","11/05/92 00:00:00"
243,6,233,5,"05/06/91 00:00:00","11/05/92 00:00:00"
244,6,234,5,"12/28/90 00:00:00","11/05/92 00:00:00"
245,6,235,1,"02/04/92 00:00:00","11/05/92 00:00:00"
246,6,236,4,"11/19/90 00:00:00","11/05/92 00:00:00"
247,6,237,4,"09/06/92 00:00:00","11/05/92 00:00:00"
248,6,238,1,"06/09/91 00:00:00","11/05/92 00:00:00"
249,6,239,1,"01/10/91 00:00:00","11/05/92 00:00:00"
250,6,240,5,"07/14/89 00:00:00","11/05/92 00:00:00"
251,6,241,1,"09/15/92 00:00:00","11/05/92 00:00:00"
252,7,1,5,"02/03/93 00:00:00","12/03/97 00:00:00"
253,7,2,3,"02/03/93 00:00:00","12/03/97 00:00:00"
254,7,3,2,"02/03/93 00:00:00","12/03/97 00:00:00"
255,7,4,6,"02/03/93 00:00:00","12/03/97 00:00:00"
256,7,5,2,"02/03/93 00:00:00","12/03/97 00:00:00"
257,7,14,7,"02/03/93 00:00:00","12/03/97 00:00:00"
258,7,15,5,"02/03/93 00:00:00","11/04/95 00:00:00"
259,7,15,9,"11/05/95 00:00:00","12/03/97 00:00:00"
260,7,25,6,"02/03/93 00:00:00","12/03/97 00:00:00"
261,7,26,3,"02/03/93 00:00:00","12/03/97 00:00:00"
262,7,27,4,"02/03/93 00:00:00","12/03/97 00:00:00"
263,7,28,2,"02/03/93 00:00:00","12/03/97 00:00:00"
264,7,29,4,"02/03/93 00:00:00","12/03/97 00:00:00"
265,7,30,4,"02/03/93 00:00:00","12/03/97 00:00:00"
266,7,31,3,"02/03/93 00:00:00","12/03/97 00:00:00"
267,7,50,6,"02/03/93 00:00:00","02/02/97 00:00:00"
268,7,60,6,"02/03/93 00:00:00","12/03/97 00:00:00"
269,7,61,6,"02/03/93 00:00:00","12/03/97 00:00:00"
270,7,62,7,"02/03/93 00:00:00","12/03/97 00:00:00"
271,7,63,5,"02/03/93 00:00:00","12/03/97 00:00:00"
272,7,69,4,"02/03/93 00:00:00","12/03/97 00:00:00"
273,7,70,3,"02/03/93 00:00:00","12/03/97 00:00:00"
274,7,72,3,"02/03/93 00:00:00","12/03/97 00:00:00"
275,7,73,3,"02/03/93 00:00:00","12/03/97 00:00:00"
276,7,74,6,"02/03/93 00:00:00","12/03/97 00:00:00"
277,7,75,4,"02/03/93 00:00:00","12/03/97 00:00:00"
278,7,96,6,"02/03/93 00:00:00","12/03/97 00:00:00"
279,7,97,5,"02/03/93 00:00:00","11/04/95 00:00:00"
280,7,97,9,"11/05/95 00:00:00","12/03/97 00:00:00"
281,7,98,8,"02/03/93 00:00:00","12/03/97 00:00:00"
282,7,99,5,"02/03/93 00:00:00","12/03/97 00:00:00"
283,7,100,2,"02/03/93 00:00:00","12/03/97 00:00:00"
284,7,102,8,"02/03/93 00:00:00","12/03/97 00:00:00"
285,7,103,8,"02/03/93 00:00:00","10/18/96 00:00:00"
286,7,104,4,"02/03/93 00:00:00","12/03/97 00:00:00"
287,7,122,6,"02/03/93 00:00:00","12/03/97 00:00:00"
288,7,123,4,"02/03/93 00:00:00","12/03/97 00:00:00"
289,7,124,6,"02/03/93 00:00:00","12/03/97 00:00:00"
290,7,125,8,"02/03/93 00:00:00","12/03/97 00:00:00"
291,7,126,6,"02/03/93 00:00:00","12/03/97 00:00:00"
292,7,127,5,"02/03/93 00:00:00","12/03/97 00:00:00"
293,7,128,4,"02/03/93 00:00:00","12/03/97 00:00:00"
294,7,129,4,"02/03/93 00:00:00","12/03/97 00:00:00"
295,7,130,6,"02/03/93 00:00:00","12/03/97 00:00:00"
296,7,137,4,"02/03/93 00:00:00","12/03/97 00:00:00"
297,7,138,6,"02/03/93 00:00:00","12/03/97 00:00:00"
298,7,139,5,"02/03/93 00:00:00","12/03/97 00:00:00"
299,7,140,3,"02/03/93 00:00:00","12/03/97 00:00:00"
300,7,141,4,"02/03/93 00:00:00","12/03/97 00:00:00"
301,7,148,4,"02/03/93 00:00:00","12/03/97 00:00:00"
302,7,149,6,"02/03/93 00:00:00","12/03/97 00:00:00"
303,7,150,6,"02/03/93 00:00:00","12/03/97 00:00:00"
304,7,151,5,"02/03/93 00:00:00","12/03/97 00:00:00"
305,7,158,4,"02/03/93 00:00:00","12/03/97 00:00:00"
306,7,159,8,"02/03/93 00:00:00","08/10/96 00:00:00"
307,7,160,2,"02/03/93 00:00:00","12/03/97 00:00:00"
308,7,161,6,"02/03/93 00:00:00","12/03/97 00:00:00"
309,7,163,6,"02/03/93 00:00:00","12/03/97 00:00:00"
310,7,164,3,"02/03/93 00:00:00","12/03/97 00:00:00"
311,7,166,6,"02/03/93 00:00:00","12/03/97 00:00:00"
312,7,167,4,"02/03/93 00:00:00","11/04/95 00:00:00"
313,7,167,9,"11/05/95 00:00:00","12/03/97 00:00:00"
314,7,168,4,"02/03/93 00:00:00","12/03/97 00:00:00"
315,7,169,6,"02/03/93 00:00:00","12/03/97 00:00:00"
316,7,170,5,"02/03/93 00:00:00","12/03/97 00:00:00"
317,7,171,3,"02/03/93 00:00:00","12/03/97 00:00:00"
318,7,172,8,"02/03/93 00:00:00","07/29/96 00:00:00"
319,7,174,2,"02/03/93 00:00:00","12/03/97 00:00:00"
320,7,175,5,"02/03/93 00:00:00","12/03/97 00:00:00"
321,7,176,8,"02/03/93 00:00:00","12/03/97 00:00:00"
322,7,177,4,"02/03/93 00:00:00","12/03/97 00:00:00"
323,7,178,5,"02/03/93 00:00:00","12/03/97 00:00:00"
324,7,191,5,"02/03/93 00:00:00","12/03/97 00:00:00"
325,7,192,8,"02/03/93 00:00:00","12/03/97 00:00:00"
326,7,193,2,"02/03/93 00:00:00","12/03/97 00:00:00"
327,7,194,5,"02/03/93 00:00:00","11/04/95 00:00:00"
328,7,194,9,"11/04/95 00:00:00","12/03/97 00:00:00"
329,7,195,6,"02/03/93 00:00:00","12/03/97 00:00:00"
330,7,196,2,"02/03/93 00:00:00","12/03/97 00:00:00"
331,7,208,5,"02/03/93 00:00:00","12/03/97 00:00:00"
332,7,209,4,"02/03/93 00:00:00","12/03/97 00:00:00"
333,7,210,8,"02/03/93 00:00:00","12/03/97 00:00:00"
334,7,211,4,"02/03/93 00:00:00","12/03/97 00:00:00"
335,7,212,8,"02/03/93 00:00:00","12/03/97 00:00:00"
336,7,213,5,"02/03/93 00:00:00","12/03/97 00:00:00"
337,7,225,5,"02/03/93 00:00:00","12/03/97 00:00:00"
338,7,226,8,"02/03/93 00:00:00","10/06/96 00:00:00"
339,7,227,3,"02/03/93 00:00:00","12/03/97 00:00:00"
340,7,228,4,"02/03/93 00:00:00","12/03/97 00:00:00"
341,7,229,5,"02/03/93 00:00:00","12/03/97 00:00:00"
342,7,231,5,"02/03/93 00:00:00","12/03/97 00:00:00"
343,7,232,5,"02/03/93 00:00:00","12/09/95 00:00:00"
344,7,235,5,"02/03/93 00:00:00","12/03/97 00:00:00"
345,7,237,4,"02/03/93 00:00:00","11/04/95 00:00:00"
346,7,237,9,"11/05/95 00:00:00","12/03/97 00:00:00"
347,7,238,3,"02/03/93 00:00:00","12/03/97 00:00:00"
348,7,240,5,"02/03/93 00:00:00","12/03/97 00:00:00"
349,7,241,8,"02/03/93 00:00:00","12/03/97 00:00:00"
350,7,242,3,"02/03/93 00:00:00","12/03/97 00:00:00"
351,7,243,4,"02/03/93 00:00:00","12/03/97 00:00:00"
352,7,244,3,"02/03/93 00:00:00","12/03/97 00:00:00"
353,7,245,5,"02/03/93 00:00:00","12/03/97 00:00:00"
354,7,246,8,"02/03/93 00:00:00","12/03/97 00:00:00"
355,7,247,7,"02/03/93 00:00:00","12/03/97 00:00:00"
356,7,248,3,"02/03/93 00:00:00","12/03/97 00:00:00"
357,7,249,3,"02/03/93 00:00:00","12/03/97 00:00:00"
358,7,250,3,"02/03/93 00:00:00","12/03/97 00:00:00"
359,7,251,5,"02/03/93 00:00:00","12/03/97 00:00:00"
360,7,252,7,"02/03/93 00:00:00","12/03/97 00:00:00"
361,7,253,3,"02/03/93 00:00:00","12/03/97 00:00:00"
362,7,254,5,"02/03/93 00:00:00","06/24/96 00:00:00"
363,7,254,10,"06/25/96 00:00:00","12/03/97 00:00:00"
364,7,255,8,"02/03/93 00:00:00","12/03/97 00:00:00"
365,7,256,4,"02/03/93 00:00:00","12/03/97 00:00:00"
366,7,257,2,"02/03/93 00:00:00","12/03/97 00:00:00"
367,7,258,3,"02/03/93 00:00:00","12/03/97 00:00:00"
368,7,259,5,"02/03/93 00:00:00","12/03/97 00:00:00"
369,7,260,3,"02/03/93 00:00:00","05/12/96 00:00:00"
370,7,261,2,"02/03/93 00:00:00","12/03/97 00:00:00"
371,7,262,5,"02/03/93 00:00:00","12/03/97 00:00:00"
372,7,263,7,"02/03/93 00:00:00","12/03/97 00:00:00"
373,7,264,3,"02/03/93 00:00:00","12/03/97 00:00:00"
374,7,265,2,"02/03/93 00:00:00","12/03/97 00:00:00"
375,7,266,3,"02/03/93 00:00:00","12/03/97 00:00:00"
376,7,267,8,"02/03/93 00:00:00","12/03/97 00:00:00"
377,7,268,5,"02/03/93 00:00:00","12/03/97 00:00:00"
378,7,269,3,"02/03/93 00:00:00","12/03/97 00:00:00"
379,7,270,8,"02/03/93 00:00:00","12/03/97 00:00:00"
380,7,271,3,"02/03/93 00:00:00","12/03/97 00:00:00"
381,7,272,3,"02/03/93 00:00:00","11/04/95 00:00:00"
382,7,272,9,"11/05/95 00:00:00","12/03/97 00:00:00"
383,7,273,3,"02/03/93 00:00:00","12/03/97 00:00:00"
384,7,274,3,"02/03/93 00:00:00","12/03/97 00:00:00"
385,7,275,5,"02/03/93 00:00:00","12/03/97 00:00:00"
386,7,276,4,"02/03/93 00:00:00","12/03/97 00:00:00"
387,7,277,4,"02/03/93 00:00:00","12/03/97 00:00:00"
388,7,278,7,"02/03/93 00:00:00","12/03/97 00:00:00"
389,7,279,5,"02/03/93 00:00:00","12/03/97 00:00:00"
390,7,280,7,"02/03/93 00:00:00","12/03/97 00:00:00"
391,7,281,5,"02/03/93 00:00:00","10/27/95 00:00:00"
392,7,282,2,"02/03/93 00:00:00","12/03/97 00:00:00"
393,7,283,4,"02/03/93 00:00:00","12/03/97 00:00:00"
394,7,284,3,"02/03/93 00:00:00","12/03/97 00:00:00"
395,7,285,2,"02/03/93 00:00:00","12/03/97 00:00:00"
396,7,286,3,"02/03/93 00:00:00","12/03/97 00:00:00"
397,7,287,4,"02/03/93 00:00:00","12/03/97 00:00:00"
398,7,288,5,"02/03/93 00:00:00","12/03/97 00:00:00"
399,7,289,8,"02/03/93 00:00:00","12/03/97 00:00:00"
400,7,290,3,"02/03/93 00:00:00","12/03/97 00:00:00"
401,7,291,8,"02/03/93 00:00:00","12/03/97 00:00:00"
402,7,292,7,"02/03/93 00:00:00","12/03/97 00:00:00"
403,7,293,2,"02/03/93 00:00:00","12/03/97 00:00:00"
404,7,294,4,"02/03/93 00:00:00","12/03/97 00:00:00"
405,7,295,4,"02/03/93 00:00:00","12/03/97 00:00:00"
406,7,296,3,"02/03/93 00:00:00","12/03/97 00:00:00"
407,7,297,8,"02/03/93 00:00:00","12/03/97 00:00:00"
408,7,298,2,"02/03/93 00:00:00","12/03/97 00:00:00"
409,7,299,3,"02/03/93 00:00:00","12/03/97 00:00:00"
410,7,300,3,"02/03/93 00:00:00","12/03/97 00:00:00"
411,7,301,7,"02/03/93 00:00:00","12/03/97 00:00:00"
412,7,302,8,"02/03/93 00:00:00","12/03/97 00:00:00"
413,7,303,4,"02/03/93 00:00:00","12/03/97 00:00:00"
414,7,304,2,"02/03/93 00:00:00","12/03/97 00:00:00"
415,7,305,5,"02/03/93 00:00:00","12/03/97 00:00:00"
416,7,306,3,"02/03/93 00:00:00","12/03/97 00:00:00"
417,7,307,8,"02/03/93 00:00:00","12/03/97 00:00:00"
418,7,308,7,"02/03/93 00:00:00","11/04/95 00:00:00"
419,7,308,9,"11/05/95 00:00:00","12/03/97 00:00:00"
420,7,309,8,"02/03/93 00:00:00","12/03/97 00:00:00"
421,7,310,4,"02/03/93 00:00:00","12/03/97 00:00:00"
422,7,311,2,"02/03/93 00:00:00","12/03/97 00:00:00"
423,7,312,5,"02/03/93 00:00:00","06/26/97 00:00:00"
424,7,313,3,"02/03/93 00:00:00","12/03/97 00:00:00"
425,7,314,3,"02/03/93 00:00:00","12/03/97 00:00:00"
426,7,315,8,"02/03/93 00:00:00","12/03/97 00:00:00"
427,7,316,5,"02/03/93 00:00:00","12/03/97 00:00:00"
428,7,317,8,"02/03/93 00:00:00","12/03/97 00:00:00"
429,7,318,3,"02/03/93 00:00:00","12/03/97 00:00:00"
430,7,319,8,"02/03/93 00:00:00","12/03/97 00:00:00"
431,7,320,4,"02/03/93 00:00:00","12/03/97 00:00:00"
432,7,321,8,"02/03/93 00:00:00","12/03/97 00:00:00"
433,7,322,5,"02/03/93 00:00:00","12/03/97 00:00:00"
434,7,323,8,"02/03/93 00:00:00","12/03/97 00:00:00"
435,7,324,8,"02/03/93 00:00:00","12/03/97 00:00:00"
436,7,325,8,"02/03/93 00:00:00","12/03/97 00:00:00"
437,7,326,5,"02/03/93 00:00:00","01/15/96 00:00:00"
438,7,327,5,"02/03/93 00:00:00","12/03/97 00:00:00"
439,7,328,3,"02/03/93 00:00:00","12/03/97 00:00:00"
440,7,329,3,"02/03/93 00:00:00","12/03/97 00:00:00"
441,7,330,4,"02/03/93 00:00:00","12/03/97 00:00:00"
442,7,331,4,"02/03/93 00:00:00","12/03/97 00:00:00"
443,7,332,4,"02/03/93 00:00:00","12/03/97 00:00:00"
444,7,333,8,"02/03/93 00:00:00","12/03/97 00:00:00"
445,7,334,2,"02/03/93 00:00:00","12/03/97 00:00:00"
446,7,335,4,"02/03/93 00:00:00","12/03/97 00:00:00"
447,7,336,2,"02/03/93 00:00:00","12/03/97 00:00:00"
448,7,337,2,"02/03/93 00:00:00","12/03/97 00:00:00"
449,7,338,3,"02/03/93 00:00:00","12/03/97 00:00:00"
450,7,339,4,"02/03/93 00:00:00","12/03/97 00:00:00"
451,7,340,8,"02/03/93 00:00:00","12/03/97 00:00:00"
452,7,341,5,"02/03/93 00:00:00","12/03/97 00:00:00"
453,7,342,7,"02/03/93 00:00:00","12/03/97 00:00:00"
454,7,343,8,"02/03/93 00:00:00","12/03/97 00:00:00"
455,7,344,4,"02/03/93 00:00:00","12/03/97 00:00:00"
456,7,345,3,"02/03/93 00:00:00","12/03/97 00:00:00"
457,7,346,7,"02/03/93 00:00:00","12/03/97 00:00:00"
458,7,347,7,"02/03/93 00:00:00","12/03/97 00:00:00"
459,7,348,8,"02/03/93 00:00:00","12/03/97 00:00:00"
460,7,349,3,"02/03/93 00:00:00","12/03/97 00:00:00"
461,7,350,5,"02/03/93 00:00:00","12/03/97 00:00:00"
462,7,351,4,"02/03/93 00:00:00","12/03/97 00:00:00"
463,7,352,5,"02/03/93 00:00:00","09/14/96 00:00:00"
464,7,352,7,"09/15/96 00:00:00","12/03/97 00:00:00"
465,7,353,2,"02/03/93 00:00:00","12/03/97 00:00:00"
466,7,354,3,"02/03/93 00:00:00","12/03/97 00:00:00"
467,7,355,5,"02/03/93 00:00:00","12/03/97 00:00:00"
468,7,356,3,"02/03/93 00:00:00","12/03/97 00:00:00"
469,7,357,3,"02/03/93 00:00:00","12/03/97 00:00:00"
470,7,358,8,"02/03/93 00:00:00","12/03/97 00:00:00"
471,7,359,7,"02/03/93 00:00:00","12/03/97 00:00:00"
472,7,360,4,"02/03/93 00:00:00","12/03/97 00:00:00"
473,7,361,7,"02/03/93 00:00:00","12/03/97 00:00:00"
474,7,362,3,"02/03/93 00:00:00","12/03/97 00:00:00"
475,7,363,4,"02/03/93 00:00:00","12/03/97 00:00:00"
476,7,364,3,"02/03/93 00:00:00","10/14/96 00:00:00"
477,7,365,5,"02/03/93 00:00:00","12/03/97 00:00:00"
478,7,366,4,"02/03/93 00:00:00","12/03/97 00:00:00"
479,7,367,7,"02/03/93 00:00:00","12/03/97 00:00:00"
480,7,368,8,"02/03/93 00:00:00","12/03/97 00:00:00"
481,7,369,8,"02/03/93 00:00:00","12/03/97 00:00:00"
482,7,370,5,"02/03/93 00:00:00","12/03/97 00:00:00"
483,7,371,7,"02/03/93 00:00:00","12/03/97 00:00:00"
484,7,372,5,"02/03/93 00:00:00","12/03/97 00:00:00"
485,7,373,8,"02/03/93 00:00:00","12/03/97 00:00:00"
486,7,374,5,"02/03/93 00:00:00","12/03/97 00:00:00"
487,7,375,3,"02/03/93 00:00:00","12/03/97 00:00:00"
488,7,376,8,"02/03/93 00:00:00","12/03/97 00:00:00"
489,7,377,6,"05/05/97 00:00:00","12/03/97 00:00:00"
490,7,378,8,"01/11/97 00:00:00","12/03/97 00:00:00"
491,7,379,8,"10/24/96 00:00:00","12/03/97 00:00:00"
492,7,380,8,"11/04/96 00:00:00","12/03/97 00:00:00"
493,7,381,8,"01/01/97 00:00:00","12/03/97 00:00:00"
494,7,382,3,"07/07/96 00:00:00","12/03/97 00:00:00"
495,7,383,5,"12/22/95 00:00:00","12/03/97 00:00:00"
496,7,384,5,"10/02/97 00:00:00","12/03/97 00:00:00"
497,7,385,5,"02/29/96 00:00:00","12/03/97 00:00:00"
498,7,386,3,"12/31/96 00:00:00","12/03/97 00:00:00"
499,7,387,5,"03/16/96 00:00:00","12/03/97 00:00:00"
500,8,1,5,"01/09/98 00:00:00","11/25/02 00:00:00"
501,8,2,3,"01/09/98 00:00:00","11/25/02 00:00:00"
502,8,3,2,"01/09/98 00:00:00","11/25/02 00:00:00"
503,8,4,6,"01/09/98 00:00:00","11/25/02 00:00:00"
504,8,5,2,"01/09/98 00:00:00","11/25/02 00:00:00"
505,8,14,7,"01/09/98 00:00:00","11/25/02 00:00:00"
506,8,15,5,"01/09/98 00:00:00","11/04/95 00:00:00"
507,8,25,6,"01/09/98 00:00:00","11/25/02 00:00:00"
508,8,26,9,"01/09/98 00:00:00","04/04/99 00:00:00"
509,8,50,6,"01/09/98 00:00:00","11/25/02 00:00:00"
510,8,61,6,"01/09/98 00:00:00","11/25/02 00:00:00"
511,8,62,7,"01/09/98 00:00:00","11/25/02 00:00:00"
512,8,63,5,"01/09/98 00:00:00","11/25/02 00:00:00"
513,8,69,4,"01/09/98 00:00:00","11/25/02 00:00:00"
514,8,70,9,"01/09/98 00:00:00","11/25/02 00:00:00"
515,8,72,9,"01/09/98 00:00:00","11/25/02 00:00:00"
516,8,73,9,"01/09/98 00:00:00","11/25/02 00:00:00"
517,8,74,6,"01/09/98 00:00:00","11/25/02 00:00:00"
518,8,75,4,"01/09/98 00:00:00","11/25/02 00:00:00"
519,8,96,6,"01/09/98 00:00:00","12/03/99 00:00:00"
520,8,96,12,"12/04/99 00:00:00","11/25/02 00:00:00"
521,8,97,5,"01/09/98 00:00:00","11/04/95 00:00:00"
522,8,98,8,"01/09/98 00:00:00","11/25/02 00:00:00"
523,8,103,8,"01/09/98 00:00:00","11/25/02 00:00:00"
524,8,124,6,"01/09/98 00:00:00","11/25/02 00:00:00"
525,8,125,8,"01/09/98 00:00:00","11/25/02 00:00:00"
526,8,126,6,"01/09/98 00:00:00","11/25/02 00:00:00"
527,8,129,4,"01/09/98 00:00:00","11/25/02 00:00:00"
528,8,130,6,"01/09/98 00:00:00","11/25/02 00:00:00"
529,8,137,4,"01/09/98 00:00:00","11/25/02 00:00:00"
530,8,138,6,"01/09/98 00:00:00","11/25/02 00:00:00"
531,8,139,5,"01/09/98 00:00:00","11/25/02 00:00:00"
532,8,149,6,"01/09/98 00:00:00","11/25/02 00:00:00"
533,8,150,6,"01/09/98 00:00:00","11/25/02 00:00:00"
534,8,151,5,"01/09/98 00:00:00","11/25/02 00:00:00"
535,8,158,4,"01/09/98 00:00:00","11/25/02 00:00:00"
536,8,164,9,"01/09/98 00:00:00","12/03/00 00:00:00"
537,8,164,12,"12/04/00 00:00:00","11/25/02 00:00:00"
538,8,166,6,"01/09/98 00:00:00","11/25/02 00:00:00"
539,8,167,4,"01/09/98 00:00:00","11/04/95 00:00:00"
540,8,168,4,"01/09/98 00:00:00","11/25/02 00:00:00"
541,8,169,6,"01/09/98 00:00:00","03/05/99 00:00:00"
542,8,174,2,"01/09/98 00:00:00","11/25/02 00:00:00"
543,8,175,5,"01/09/98 00:00:00","11/25/02 00:00:00"
544,8,176,8,"01/09/98 00:00:00","11/25/02 00:00:00"
545,8,177,10,"01/09/98 00:00:00","11/25/02 00:00:00"
546,8,178,5,"01/09/98 00:00:00","11/25/02 00:00:00"
547,8,191,5,"01/09/98 00:00:00","11/25/02 00:00:00"
548,8,192,8,"01/09/98 00:00:00","11/25/02 00:00:00"
549,8,193,2,"01/09/98 00:00:00","11/25/02 00:00:00"
550,8,194,5,"01/09/98 00:00:00","11/04/95 00:00:00"
551,8,195,6,"01/09/98 00:00:00","11/25/02 00:00:00"
552,8,196,2,"01/09/98 00:00:00","11/25/02 00:00:00"
553,8,208,5,"01/09/98 00:00:00","11/25/02 00:00:00"
554,8,229,5,"01/09/98 00:00:00","03/09/02 00:00:00"
555,8,231,5,"01/09/98 00:00:00","11/25/02 00:00:00"
556,8,235,5,"01/09/98 00:00:00","11/25/02 00:00:00"
557,8,237,10,"01/09/98 00:00:00","11/04/95 00:00:00"
558,8,242,9,"01/09/98 00:00:00","11/25/02 00:00:00"
559,8,243,10,"01/09/98 00:00:00","11/25/02 00:00:00"
560,8,244,9,"01/09/98 00:00:00","11/25/02 00:00:00"
561,8,245,5,"01/09/98 00:00:00","11/25/02 00:00:00"
562,8,247,7,"01/09/98 00:00:00","11/25/02 00:00:00"
563,8,248,9,"01/09/98 00:00:00","11/25/02 00:00:00"
564,8,249,9,"01/09/98 00:00:00","11/25/02 00:00:00"
565,8,257,2,"01/09/98 00:00:00","11/25/02 00:00:00"
566,8,258,9,"01/09/98 00:00:00","11/25/02 00:00:00"
567,8,259,5,"01/09/98 00:00:00","04/28/00 00:00:00"
568,8,261,2,"01/09/98 00:00:00","11/25/02 00:00:00"
569,8,262,5,"01/09/98 00:00:00","11/25/02 00:00:00"
570,8,263,7,"01/09/98 00:00:00","11/25/02 00:00:00"
571,8,264,9,"01/09/98 00:00:00","11/25/02 00:00:00"
572,8,265,2,"01/09/98 00:00:00","11/25/02 00:00:00"
573,8,266,9,"01/09/98 00:00:00","11/25/02 00:00:00"
574,8,267,8,"01/09/98 00:00:00","11/25/02 00:00:00"
575,8,268,5,"01/09/98 00:00:00","11/25/02 00:00:00"
576,8,269,9,"01/09/98 00:00:00","11/25/02 00:00:00"
577,8,270,8,"01/09/98 00:00:00","11/25/02 00:00:00"
578,8,283,10,"01/09/98 00:00:00","11/25/02 00:00:00"
579,8,284,9,"01/09/98 00:00:00","11/25/02 00:00:00"
580,8,285,2,"01/09/98 00:00:00","11/25/02 00:00:00"
581,8,286,9,"01/09/98 00:00:00","11/25/02 00:00:00"
582,8,287,10,"01/09/98 00:00:00","11/25/02 00:00:00"
583,8,288,5,"01/09/98 00:00:00","11/25/02 00:00:00"
584,8,289,8,"01/09/98 00:00:00","11/25/02 00:00:00"
585,8,290,9,"01/09/98 00:00:00","11/25/02 00:00:00"
586,8,291,8,"01/09/98 00:00:00","12/03/01 00:00:00"
587,8,291,12,"12/04/01 00:00:00","11/25/02 00:00:00"
588,8,292,7,"01/09/98 00:00:00","11/25/02 00:00:00"
589,8,303,10,"01/09/98 00:00:00","11/25/02 00:00:00"
590,8,304,2,"01/09/98 00:00:00","11/25/02 00:00:00"
591,8,305,5,"01/09/98 00:00:00","11/25/02 00:00:00"
592,8,306,9,"01/09/98 00:00:00","11/25/02 00:00:00"
593,8,307,8,"01/09/98 00:00:00","11/25/02 00:00:00"
594,8,308,7,"01/09/98 00:00:00","11/04/95 00:00:00"
595,8,309,8,"01/09/98 00:00:00","11/25/02 00:00:00"
596,8,310,10,"01/09/98 00:00:00","11/25/02 00:00:00"
597,8,311,2,"01/09/98 00:00:00","11/25/02 00:00:00"
598,8,314,9,"01/09/98 00:00:00","11/25/02 00:00:00"
599,8,315,8,"01/09/98 00:00:00","11/25/02 00:00:00"
600,8,316,5,"01/09/98 00:00:00","11/25/02 00:00:00"
601,8,317,8,"01/09/98 00:00:00","11/25/02 00:00:00"
602,8,318,9,"01/09/98 00:00:00","11/25/02 00:00:00"
603,8,320,10,"01/09/98 00:00:00","11/25/02 00:00:00"
604,8,321,8,"01/09/98 00:00:00","11/25/02 00:00:00"
605,8,325,8,"01/09/98 00:00:00","11/25/02 00:00:00"
606,8,327,5,"01/09/98 00:00:00","11/25/02 00:00:00"
607,8,328,9,"01/09/98 00:00:00","11/25/02 00:00:00"
608,8,329,9,"01/09/98 00:00:00","11/25/02 00:00:00"
609,8,330,10,"01/09/98 00:00:00","11/25/02 00:00:00"
610,8,336,2,"01/09/98 00:00:00","11/25/02 00:00:00"
611,8,337,2,"01/09/98 00:00:00","11/25/02 00:00:00"
612,8,338,9,"01/09/98 00:00:00","11/25/02 00:00:00"
613,8,339,10,"01/09/98 00:00:00","11/25/02 00:00:00"
614,8,340,8,"01/09/98 00:00:00","11/25/02 00:00:00"
615,8,341,5,"01/09/98 00:00:00","11/25/02 00:00:00"
616,8,342,7,"01/09/98 00:00:00","11/25/02 00:00:00"
617,8,343,8,"01/09/98 00:00:00","11/25/02 00:00:00"
618,8,344,10,"01/09/98 00:00:00","11/25/02 00:00:00"
619,8,345,3,"01/09/98 00:00:00","11/25/02 00:00:00"
620,8,352,5,"01/09/98 00:00:00","09/14/96 00:00:00"
621,8,353,2,"01/09/98 00:00:00","11/25/02 00:00:00"
622,8,354,3,"01/09/98 00:00:00","11/25/02 00:00:00"
623,8,355,5,"01/09/98 00:00:00","11/25/02 00:00:00"
624,8,359,7,"01/09/98 00:00:00","11/25/02 00:00:00"
625,8,360,10,"01/09/98 00:00:00","11/25/02 00:00:00"
626,8,361,7,"01/09/98 00:00:00","11/25/02 00:00:00"
627,8,363,10,"01/09/98 00:00:00","11/25/02 00:00:00"
628,8,365,5,"01/09/98 00:00:00","11/25/02 00:00:00"
629,8,367,7,"01/09/98 00:00:00","11/25/02 00:00:00"
630,8,368,8,"01/09/98 00:00:00","11/25/02 00:00:00"
631,8,369,8,"01/09/98 00:00:00","11/25/02 00:00:00"
632,8,374,5,"01/09/98 00:00:00","11/25/02 00:00:00"
633,8,375,9,"01/09/98 00:00:00","11/25/02 00:00:00"
634,8,376,8,"01/09/98 00:00:00","11/25/02 00:00:00"
635,8,388,4,"01/09/98 00:00:00","11/25/02 00:00:00"
636,8,389,2,"01/09/98 00:00:00","11/25/02 00:00:00"
637,8,390,4,"01/09/98 00:00:00","11/25/02 00:00:00"
638,8,391,4,"01/09/98 00:00:00","11/25/02 00:00:00"
639,8,392,9,"01/09/98 00:00:00","11/25/02 00:00:00"
640,8,393,6,"01/09/98 00:00:00","11/25/02 00:00:00"
641,8,394,5,"01/09/98 00:00:00","11/25/02 00:00:00"
642,8,395,2,"01/09/98 00:00:00","11/25/02 00:00:00"
643,8,396,8,"01/09/98 00:00:00","11/25/02 00:00:00"
644,8,397,4,"01/09/98 00:00:00","11/25/02 00:00:00"
645,8,398,6,"01/09/98 00:00:00","11/25/02 00:00:00"
646,8,399,4,"01/09/98 00:00:00","11/25/02 00:00:00"
647,8,400,5,"01/09/98 00:00:00","11/25/02 00:00:00"
648,8,401,4,"01/09/98 00:00:00","11/25/02 00:00:00"
649,8,402,9,"01/09/98 00:00:00","08/12/99 00:00:00"
650,8,403,4,"01/09/98 00:00:00","11/25/02 00:00:00"
651,8,404,4,"01/09/98 00:00:00","11/25/02 00:00:00"
652,8,405,2,"01/09/98 00:00:00","11/25/02 00:00:00"
653,8,406,6,"01/09/98 00:00:00","11/25/02 00:00:00"
654,8,407,6,"01/09/98 00:00:00","11/25/02 00:00:00"
655,8,408,5,"01/09/98 00:00:00","11/25/02 00:00:00"
656,8,409,9,"01/09/98 00:00:00","11/25/02 00:00:00"
657,8,410,10,"01/09/98 00:00:00","11/25/02 00:00:00"
658,8,411,8,"01/09/98 00:00:00","11/25/02 00:00:00"
659,8,412,10,"01/09/98 00:00:00","11/25/02 00:00:00"
660,8,413,8,"01/09/98 00:00:00","11/25/02 00:00:00"
661,8,414,5,"01/09/98 00:00:00","12/30/99 00:00:00"
662,8,415,5,"01/09/98 00:00:00","11/25/02 00:00:00"
663,8,416,9,"01/09/98 00:00:00","11/25/02 00:00:00"
664,8,417,10,"01/09/98 00:00:00","11/25/02 00:00:00"
665,8,418,8,"01/09/98 00:00:00","11/25/02 00:00:00"
666,8,419,9,"01/09/98 00:00:00","11/25/02 00:00:00"
667,8,420,5,"01/09/98 00:00:00","11/25/02 00:00:00"
668,8,421,7,"01/09/98 00:00:00","11/25/02 00:00:00"
669,8,422,9,"01/09/98 00:00:00","11/25/02 00:00:00"
670,8,423,5,"01/09/98 00:00:00","06/24/96 00:00:00"
671,8,424,8,"01/09/98 00:00:00","11/25/02 00:00:00"
672,8,425,10,"01/09/98 00:00:00","11/25/02 00:00:00"
673,8,426,9,"01/09/98 00:00:00","12/03/99 00:00:00"
674,8,426,12,"12/04/99 00:00:00","11/25/02 00:00:00"
675,8,427,9,"01/09/98 00:00:00","11/04/95 00:00:00"
676,8,428,9,"01/09/98 00:00:00","11/25/02 00:00:00"
677,8,429,9,"01/09/98 00:00:00","11/25/02 00:00:00"
678,8,430,5,"01/09/98 00:00:00","11/25/02 00:00:00"
679,8,431,10,"01/09/98 00:00:00","11/25/02 00:00:00"
680,8,432,10,"01/09/98 00:00:00","11/25/02 00:00:00"
681,8,433,7,"01/09/98 00:00:00","11/25/02 00:00:00"
682,8,434,5,"01/09/98 00:00:00","11/25/02 00:00:00"
683,8,435,7,"01/09/98 00:00:00","11/25/02 00:00:00"
684,8,436,2,"01/09/98 00:00:00","11/25/02 00:00:00"
685,8,437,2,"01/09/98 00:00:00","11/25/02 00:00:00"
686,8,438,10,"01/09/98 00:00:00","11/25/02 00:00:00"
687,8,439,10,"01/09/98 00:00:00","11/25/02 00:00:00"
688,8,440,9,"01/09/98 00:00:00","11/25/02 00:00:00"
689,8,441,8,"01/09/98 00:00:00","11/25/02 00:00:00"
690,8,442,2,"01/09/98 00:00:00","11/25/02 00:00:00"
691,8,443,9,"01/09/98 00:00:00","11/25/02 00:00:00"
692,8,444,9,"01/09/98 00:00:00","11/25/02 00:00:00"
693,8,445,7,"01/09/98 00:00:00","11/25/02 00:00:00"
694,8,446,8,"01/09/98 00:00:00","11/25/02 00:00:00"
695,8,447,9,"01/09/98 00:00:00","11/25/02 00:00:00"
696,8,448,8,"01/09/98 00:00:00","11/25/02 00:00:00"
697,8,449,5,"01/09/98 00:00:00","11/25/02 00:00:00"
698,8,450,8,"01/09/98 00:00:00","11/25/02 00:00:00"
699,8,451,8,"01/09/98 00:00:00","11/25/02 00:00:00"
700,8,452,10,"01/09/98 00:00:00","11/25/02 00:00:00"
701,8,453,10,"01/09/98 00:00:00","11/25/02 00:00:00"
702,8,454,8,"01/09/98 00:00:00","11/25/02 00:00:00"
703,8,455,2,"01/09/98 00:00:00","11/25/02 00:00:00"
704,8,456,10,"01/09/98 00:00:00","11/25/02 00:00:00"
705,8,457,7,"01/09/98 00:00:00","11/25/02 00:00:00"
706,8,458,7,"01/09/98 00:00:00","11/25/02 00:00:00"
707,8,459,8,"01/09/98 00:00:00","11/25/02 00:00:00"
708,8,460,3,"01/09/98 00:00:00","11/25/02 00:00:00"
709,8,461,5,"01/09/98 00:00:00","11/25/02 00:00:00"
710,8,462,10,"01/09/98 00:00:00","11/25/02 00:00:00"
711,8,463,3,"01/09/98 00:00:00","11/25/02 00:00:00"
712,8,464,3,"01/09/98 00:00:00","11/25/02 00:00:00"
713,8,465,8,"01/09/98 00:00:00","11/25/02 00:00:00"
714,8,466,3,"01/09/98 00:00:00","11/25/02 00:00:00"
715,8,467,10,"01/09/98 00:00:00","11/25/02 00:00:00"
716,8,468,5,"01/09/98 00:00:00","11/25/02 00:00:00"
717,8,469,7,"01/09/98 00:00:00","11/25/02 00:00:00"
718,8,470,5,"01/09/98 00:00:00","11/25/02 00:00:00"
719,8,471,8,"01/09/98 00:00:00","11/25/02 00:00:00"
720,8,472,3,"01/09/98 00:00:00","11/25/02 00:00:00"
721,8,473,5,"01/09/98 00:00:00","11/25/02 00:00:00"
722,8,474,8,"01/09/98 00:00:00","11/25/02 00:00:00"
723,8,475,10,"01/09/98 00:00:00","11/25/02 00:00:00"
724,8,476,10,"01/09/98 00:00:00","11/25/02 00:00:00"
725,8,477,8,"01/09/98 00:00:00","11/25/02 00:00:00"
726,8,478,2,"01/09/98 00:00:00","11/25/02 00:00:00"
727,8,479,10,"01/09/98 00:00:00","11/25/02 00:00:00"
728,8,480,7,"01/09/98 00:00:00","11/25/02 00:00:00"
729,8,481,7,"01/09/98 00:00:00","11/25/02 00:00:00"
730,8,482,8,"01/09/98 00:00:00","11/25/02 00:00:00"
731,8,483,3,"01/09/98 00:00:00","11/25/02 00:00:00"
732,8,484,3,"07/04/99 00:00:00","11/25/02 00:00:00"
733,8,485,10,"06/04/99 00:00:00","11/25/02 00:00:00"
734,8,486,5,"06/08/02 00:00:00","11/25/02 00:00:00"
735,8,487,11,"07/28/00 00:00:00","11/25/02 00:00:00"
736,8,488,2,"04/29/00 00:00:00","11/25/02 00:00:00"
737,8,489,11,"11/11/99 00:00:00","11/25/02 00:00:00"
738,8,490,5,"03/30/00 00:00:00","11/25/02 00:00:00"
739,8,491,11,"03/15/01 00:00:00","11/25/02 00:00:00"
740,8,492,11,"07/18/02 00:00:00","11/25/02 00:00:00"
741,8,493,7,"11/02/01 00:00:00","11/25/02 00:00:00"
742,9,1,5,"01/05/03 00:00:00",""
743,9,2,13,"01/05/03 00:00:00",""
744,9,5,13,"01/05/03 00:00:00",""
745,9,14,7,"01/05/03 00:00:00",""
746,9,15,5,"01/05/03 00:00:00",""
747,9,25,6,"01/05/03 00:00:00",""
748,9,61,6,"01/05/03 00:00:00",""
749,9,62,7,"01/05/03 00:00:00",""
750,9,69,4,"01/05/03 00:00:00",""
751,9,70,9,"01/05/03 00:00:00","04/12/04 00:00:00"
752,9,72,9,"01/05/03 00:00:00",""
753,9,73,9,"01/05/03 00:00:00",""
754,9,74,6,"01/05/03 00:00:00",""
755,9,75,4,"01/05/03 00:00:00",""
756,9,96,6,"01/05/03 00:00:00",""
757,9,97,5,"01/05/03 00:00:00",""
758,9,98,8,"01/05/03 00:00:00",""
759,9,103,8,"01/05/03 00:00:00",""
760,9,124,6,"01/05/03 00:00:00",""
761,9,125,8,"01/05/03 00:00:00",""
762,9,129,4,"01/05/03 00:00:00",""
763,9,130,6,"01/05/03 00:00:00",""
764,9,138,6,"01/05/03 00:00:00",""
765,9,139,5,"01/05/03 00:00:00",""
766,9,149,6,"01/05/03 00:00:00",""
767,9,150,6,"01/05/03 00:00:00",""
768,9,151,5,"01/05/03 00:00:00",""
769,9,158,4,"01/05/03 00:00:00",""
770,9,164,9,"01/05/03 00:00:00",""
771,9,166,6,"01/05/03 00:00:00",""
772,9,167,4,"01/05/03 00:00:00",""
773,9,168,4,"01/05/03 00:00:00",""
774,9,174,13,"01/05/03 00:00:00",""
775,9,175,5,"01/05/03 00:00:00",""
776,9,176,8,"01/05/03 00:00:00",""
777,9,177,10,"01/05/03 00:00:00","02/25/05 00:00:00"
778,9,243,10,"01/05/03 00:00:00",""
779,9,244,9,"01/05/03 00:00:00",""
780,9,245,5,"01/05/03 00:00:00",""
781,9,247,7,"01/05/03 00:00:00",""
782,9,248,9,"01/05/03 00:00:00",""
783,9,249,9,"01/05/03 00:00:00",""
784,9,257,13,"01/05/03 00:00:00",""
785,9,258,9,"01/05/03 00:00:00",""
786,9,261,13,"01/05/03 00:00:00",""
787,9,262,5,"01/05/03 00:00:00",""
788,9,263,7,"01/05/03 00:00:00",""
789,9,264,9,"01/05/03 00:00:00",""
790,9,265,13,"01/05/03 00:00:00",""
791,9,266,9,"01/05/03 00:00:00",""
792,9,267,8,"01/05/03 00:00:00",""
793,9,268,5,"01/05/03 00:00:00",""
794,9,269,9,"01/05/03 00:00:00",""
795,9,270,8,"01/05/03 00:00:00",""
796,9,283,10,"01/05/03 00:00:00",""
797,9,284,9,"01/05/03 00:00:00",""
798,9,285,13,"01/05/03 00:00:00",""
799,9,286,9,"01/05/03 00:00:00",""
800,9,287,10,"01/05/03 00:00:00",""
801,9,288,5,"01/05/03 00:00:00",""
802,9,289,8,"01/05/03 00:00:00",""
803,9,290,9,"01/05/03 00:00:00",""
804,9,291,8,"01/05/03 00:00:00",""
805,9,292,7,"01/05/03 00:00:00",""
806,9,303,10,"01/05/03 00:00:00",""
807,9,304,13,"01/05/03 00:00:00",""
808,9,305,5,"01/05/03 00:00:00",""
809,9,306,9,"01/05/03 00:00:00",""
810,9,307,8,"01/05/03 00:00:00",""
811,9,308,7,"01/05/03 00:00:00",""
812,9,309,8,"01/05/03 00:00:00",""
813,9,310,10,"01/05/03 00:00:00",""
814,9,314,9,"01/05/03 00:00:00","07/25/06 00:00:00"
815,9,314,4,"07/26/06 00:00:00",""
816,9,315,8,"01/05/03 00:00:00",""
817,9,316,5,"01/05/03 00:00:00",""
818,9,317,8,"01/05/03 00:00:00",""
819,9,318,9,"01/05/03 00:00:00",""
820,9,320,10,"01/05/03 00:00:00",""
821,9,321,8,"01/05/03 00:00:00",""
822,9,325,8,"01/05/03 00:00:00",""
823,9,327,5,"01/05/03 00:00:00",""
824,9,328,9,"01/05/03 00:00:00",""
825,9,329,9,"01/05/03 00:00:00",""
826,9,330,10,"01/05/03 00:00:00",""
827,9,336,13,"01/05/03 00:00:00",""
828,9,337,13,"01/05/03 00:00:00",""
829,9,338,9,"01/05/03 00:00:00",""
830,9,339,10,"01/05/03 00:00:00",""
831,9,340,8,"01/05/03 00:00:00","08/25/06 00:00:00"
832,9,340,4,"08/26/06 00:00:00",""
833,9,341,5,"01/05/03 00:00:00",""
834,9,342,7,"01/05/03 00:00:00",""
835,9,343,8,"01/05/03 00:00:00",""
836,9,344,10,"01/05/03 00:00:00",""
837,9,345,13,"01/05/03 00:00:00",""
838,9,352,5,"01/05/03 00:00:00",""
839,9,353,13,"01/05/03 00:00:00",""
840,9,354,13,"01/05/03 00:00:00","06/16/06 00:00:00"
841,9,355,5,"01/05/03 00:00:00",""
842,9,359,7,"01/05/03 00:00:00",""
843,9,360,10,"01/05/03 00:00:00",""
844,9,361,7,"01/05/03 00:00:00",""
845,9,363,10,"01/05/03 00:00:00",""
846,9,365,5,"01/05/03 00:00:00",""
847,9,367,7,"01/05/03 00:00:00",""
848,9,368,8,"01/05/03 00:00:00",""
849,9,369,8,"01/05/03 00:00:00",""
850,9,374,5,"01/05/03 00:00:00",""
851,9,391,4,"01/05/03 00:00:00",""
852,9,392,9,"01/05/03 00:00:00",""
853,9,393,6,"01/05/03 00:00:00",""
854,9,394,5,"01/05/03 00:00:00",""
855,9,395,13,"01/05/03 00:00:00",""
856,9,396,8,"01/05/03 00:00:00",""
857,9,397,4,"01/05/03 00:00:00",""
858,9,398,6,"01/05/03 00:00:00",""
859,9,399,4,"01/05/03 00:00:00",""
860,9,400,5,"01/05/03 00:00:00",""
861,9,401,4,"01/05/03 00:00:00",""
862,9,403,4,"01/05/03 00:00:00",""
863,9,404,4,"01/05/03 00:00:00",""
864,9,405,13,"01/05/03 00:00:00",""
865,9,406,6,"01/05/03 00:00:00",""
866,9,407,6,"01/05/03 00:00:00",""
867,9,408,5,"01/05/03 00:00:00",""
868,9,409,9,"01/05/03 00:00:00",""
869,9,410,10,"01/05/03 00:00:00",""
870,9,411,8,"01/05/03 00:00:00",""
871,9,412,10,"01/05/03 00:00:00",""
872,9,413,8,"01/05/03 00:00:00",""
873,9,415,5,"01/05/03 00:00:00",""
874,9,416,9,"01/05/03 00:00:00",""
875,9,417,10,"01/05/03 00:00:00",""
876,9,422,9,"01/05/03 00:00:00",""
877,9,423,5,"01/05/03 00:00:00","07/07/06 00:00:00"
878,9,424,8,"01/05/03 00:00:00",""
879,9,425,10,"01/05/03 00:00:00",""
880,9,426,9,"01/05/03 00:00:00","08/18/03 00:00:00"
881,9,427,9,"01/05/03 00:00:00",""
882,9,428,9,"01/05/03 00:00:00",""
883,9,429,9,"01/05/03 00:00:00",""
884,9,430,5,"01/05/03 00:00:00",""
885,9,431,10,"01/05/03 00:00:00",""
886,9,432,10,"01/05/03 00:00:00",""
887,9,433,7,"01/05/03 00:00:00",""
888,9,434,5,"01/05/03 00:00:00",""
889,9,435,7,"01/05/03 00:00:00",""
890,9,436,13,"01/05/03 00:00:00",""
891,9,437,13,"01/05/03 00:00:00",""
892,9,438,10,"01/05/03 00:00:00",""
893,9,439,10,"01/05/03 00:00:00",""
894,9,441,8,"01/05/03 00:00:00",""
895,9,442,13,"01/05/03 00:00:00",""
896,9,443,9,"01/05/03 00:00:00","08/25/06 00:00:00"
897,9,443,5,"08/26/06 00:00:00",""
898,9,444,9,"01/05/03 00:00:00",""
899,9,445,7,"01/05/03 00:00:00",""
900,9,446,8,"01/05/03 00:00:00",""
901,9,447,9,"01/05/03 00:00:00",""
902,9,448,8,"01/05/03 00:00:00",""
903,9,450,8,"01/05/03 00:00:00",""
904,9,451,8,"01/05/03 00:00:00",""
905,9,452,10,"01/05/03 00:00:00",""
906,9,453,10,"01/05/03 00:00:00",""
907,9,456,10,"01/05/03 00:00:00",""
908,9,459,8,"01/05/03 00:00:00",""
909,9,460,13,"01/05/03 00:00:00",""
910,9,461,5,"01/05/03 00:00:00",""
911,9,462,10,"01/05/03 00:00:00",""
912,9,464,13,"01/05/03 00:00:00",""
913,9,465,8,"01/05/03 00:00:00",""
914,9,466,13,"01/05/03 00:00:00",""
915,9,467,10,"01/05/03 00:00:00",""
916,9,468,5,"01/05/03 00:00:00",""
917,9,469,7,"01/05/03 00:00:00",""
918,9,470,5,"01/05/03 00:00:00",""
919,9,472,13,"01/05/03 00:00:00",""
920,9,473,5,"01/05/03 00:00:00",""
921,9,474,8,"01/05/03 00:00:00",""
922,9,475,10,"01/05/03 00:00:00",""
923,9,476,10,"01/05/03 00:00:00",""
924,9,477,8,"01/05/03 00:00:00",""
925,9,478,13,"01/05/03 00:00:00",""
926,9,479,10,"01/05/03 00:00:00",""
927,9,480,7,"01/05/03 00:00:00",""
928,9,481,7,"01/05/03 00:00:00",""
929,9,483,13,"01/05/03 00:00:00",""
930,9,484,13,"01/05/03 00:00:00",""
931,9,485,10,"01/05/03 00:00:00",""
932,9,486,5,"01/05/03 00:00:00",""
933,9,487,11,"01/05/03 00:00:00","08/25/06 00:00:00"
934,9,487,6,"08/26/06 00:00:00",""
935,9,488,13,"01/05/03 00:00:00",""
936,9,489,11,"01/05/03 00:00:00",""
937,9,490,5,"01/05/03 00:00:00",""
938,9,491,11,"01/05/03 00:00:00",""
939,9,492,11,"01/05/03 00:00:00",""
940,9,493,7,"01/05/03 00:00:00",""
941,9,494,13,"01/05/03 00:00:00",""
942,9,495,6,"01/05/03 00:00:00",""
943,9,496,6,"01/05/03 00:00:00",""
944,9,497,5,"01/05/03 00:00:00",""
945,9,498,6,"01/05/03 00:00:00",""
946,9,499,4,"01/05/03 00:00:00",""
947,9,500,5,"01/05/03 00:00:00",""
948,9,501,5,"01/05/03 00:00:00",""
949,9,502,8,"01/05/03 00:00:00",""
950,9,503,13,"01/05/03 00:00:00",""
951,9,504,5,"01/05/03 00:00:00","01/19/07 00:00:00"
952,9,505,6,"01/05/03 00:00:00",""
953,9,506,13,"01/05/03 00:00:00",""
954,9,507,5,"01/05/03 00:00:00",""
955,9,508,5,"01/05/03 00:00:00",""
956,9,509,5,"01/05/03 00:00:00",""
957,9,510,10,"01/05/03 00:00:00",""
958,9,511,9,"01/05/03 00:00:00",""
959,9,512,9,"01/05/03 00:00:00","07/15/05 00:00:00"
960,9,512,7,"07/16/05 00:00:00",""
961,9,513,8,"01/05/03 00:00:00",""
962,9,514,4,"01/05/03 00:00:00",""
963,9,515,13,"01/05/03 00:00:00","09/30/06 00:00:00"
964,9,516,4,"01/05/03 00:00:00",""
965,9,517,8,"01/05/03 00:00:00",""
966,9,518,9,"01/05/03 00:00:00",""
967,9,519,5,"01/05/03 00:00:00",""
968,9,520,7,"01/05/03 00:00:00",""
969,9,521,9,"01/05/03 00:00:00",""
970,9,522,8,"01/05/03 00:00:00",""
971,9,523,13,"01/05/03 00:00:00",""
972,9,524,13,"01/05/03 00:00:00",""
973,9,525,8,"01/05/03 00:00:00",""
974,9,526,8,"02/03/93 00:00:00",""
975,9,527,9,"07/06/04 00:00:00",""
976,9,528,4,"05/21/05 00:00:00",""
977,9,529,5,"09/09/06 00:00:00",""
978,9,530,5,"09/30/06 00:00:00",""
979,9,531,9,"11/11/03 00:00:00",""
980,9,532,4,"04/14/07 00:00:00",""
981,9,533,5,"12/24/06 00:00:00",""
