151,169,"Chairperson",01/30/88 12:00 AM,11/05/92 12:00 AM
151,540,"Committee Clerk",01/30/88 12:00 AM,11/05/92 12:00 AM
151,4,"Deputy Chairperson",01/30/88 12:00 AM,11/05/92 12:00 AM
151,22,"Deputy Chairperson",09/16/90 12:00 AM,11/05/92 12:00 AM
151,175,"Deputy Chairperson",01/30/88 12:00 AM,09/15/90 12:00 AM
151,23,"Member",01/30/88 12:00 AM,11/05/92 12:00 AM
151,58,"Member",12/21/91 12:00 AM,11/05/92 12:00 AM
151,61,"Member",01/30/88 12:00 AM,11/05/92 12:00 AM
151,137,"Member",09/16/90 12:00 AM,11/05/92 12:00 AM
151,142,"Member",01/30/88 12:00 AM,12/20/91 12:00 AM
151,168,"Member",01/30/88 12:00 AM,11/05/90 12:00 AM
151,171,"Member",11/06/90 12:00 AM,11/05/92 12:00 AM
151,238,"Member",01/30/88 12:00 AM,11/05/92 12:00 AM
151,240,"Member",01/30/88 12:00 AM,09/15/90 12:00 AM
151,68,"Secretary",01/30/88 12:00 AM,11/05/90 12:00 AM
151,220,"Secretary",11/06/90 12:00 AM,11/05/92 12:00 AM
152,5,"Chairperson",01/30/88 12:00 AM,11/05/92 12:00 AM
152,554,"Committee Clerk",01/30/88 12:00 AM,11/05/92 12:00 AM
152,14,"Deputy Chairperson",01/30/88 12:00 AM,11/05/92 12:00 AM
152,269,"Deputy Chairperson",11/29/91 12:00 AM,11/05/92 12:00 AM
152,524,"Deputy Chairperson",01/30/88 12:00 AM,11/28/91 12:00 AM
152,69,"Member",01/30/88 12:00 AM,11/05/92 12:00 AM
152,164,"Member",01/06/92 12:00 AM,11/05/92 12:00 AM
152,175,"Member",01/30/88 12:00 AM,09/15/91 12:00 AM
152,287,"Member",09/16/91 12:00 AM,11/05/92 12:00 AM
152,361,"Member",01/30/88 12:00 AM,11/05/92 12:00 AM
152,429,"Member",01/30/88 12:00 AM,01/05/92 12:00 AM
152,447,"Member",01/30/88 12:00 AM,01/05/92 12:00 AM
152,513,"Member",01/07/92 12:00 AM,11/05/92 12:00 AM
152,523,"Member",01/30/88 12:00 AM,11/05/92 12:00 AM
152,149,"Secretary",01/30/88 12:00 AM,11/05/92 12:00 AM
153,14,"Chairperson",01/30/88 12:00 AM,11/05/92 12:00 AM
153,554,"Committee Clerk",01/30/88 12:00 AM,11/05/92 12:00 AM
153,62,"Deputy Chairperson",01/30/88 12:00 AM,11/05/92 12:00 AM
153,283,"Deputy Chairperson",06/29/91 12:00 AM,11/05/92 12:00 AM
153,522,"Deputy Chairperson",01/30/88 12:00 AM,06/28/91 12:00 AM
153,73,"Member",01/30/88 12:00 AM,11/05/92 12:00 AM
153,168,"Member",09/16/90 12:00 AM,11/05/92 12:00 AM
153,176,"Member",01/30/88 12:00 AM,09/15/90 12:00 AM
153,289,"Member",02/06/91 12:00 AM,11/05/92 12:00 AM
153,363,"Member",01/30/88 12:00 AM,11/05/92 12:00 AM
153,433,"Member",01/30/88 12:00 AM,10/05/91 12:00 AM
153,450,"Member",01/30/88 12:00 AM,02/05/91 12:00 AM
153,517,"Member",10/06/91 12:00 AM,11/05/92 12:00 AM
153,526,"Member",01/30/88 12:00 AM,11/05/92 12:00 AM
153,150,"Secretary",01/30/88 12:00 AM,11/05/92 12:00 AM
154,15,"Chairperson",01/30/88 12:00 AM,11/05/92 12:00 AM
154,566,"Committee Clerk",01/30/88 12:00 AM,11/05/92 12:00 AM
154,69,"Deputy Chairperson",01/30/88 12:00 AM,11/05/92 12:00 AM
154,287,"Deputy Chairperson",05/29/90 12:00 AM,11/05/92 12:00 AM
154,524,"Deputy Chairperson",01/30/88 12:00 AM,05/28/90 12:00 AM
154,74,"Member",01/30/88 12:00 AM,11/05/92 12:00 AM
154,174,"Member",12/06/89 12:00 AM,11/05/92 12:00 AM
154,243,"Member",01/30/88 12:00 AM,09/25/91 12:00 AM
154,291,"Member",09/26/91 12:00 AM,11/05/92 12:00 AM
154,365,"Member",01/30/88 12:00 AM,11/05/92 12:00 AM
154,434,"Member",01/30/88 12:00 AM,11/05/91 12:00 AM
154,452,"Member",01/30/88 12:00 AM,12/05/89 12:00 AM
154,518,"Member",11/06/91 12:00 AM,11/05/92 12:00 AM
154,521,"Member",01/30/88 12:00 AM,11/05/92 12:00 AM
154,151,"Secretary",01/30/88 12:00 AM,11/05/92 12:00 AM
155,25,"Chairperson",01/30/88 12:00 AM,11/05/92 12:00 AM
155,581,"Committee Clerk",01/30/88 12:00 AM,11/05/92 12:00 AM
155,164,"Deputy Chairperson",01/30/88 12:00 AM,11/05/92 12:00 AM
155,342,"Deputy Chairperson",06/29/90 12:00 AM,11/05/92 12:00 AM
155,502,"Deputy Chairperson",01/30/88 12:00 AM,06/28/90 12:00 AM
155,174,"Member",01/30/88 12:00 AM,11/05/92 12:00 AM
155,176,"Member",11/06/92 12:00 AM,11/05/92 12:00 AM
155,283,"Member",01/30/88 12:00 AM,02/15/90 12:00 AM
155,328,"Member",11/06/92 12:00 AM,11/05/92 12:00 AM
155,368,"Member",01/30/88 12:00 AM,11/05/92 12:00 AM
155,411,"Member",01/30/88 12:00 AM,10/05/91 12:00 AM
155,453,"Member",01/30/88 12:00 AM,02/05/90 12:00 AM
155,492,"Member",11/06/92 12:00 AM,11/05/92 12:00 AM
155,520,"Member",01/30/88 12:00 AM,11/05/92 12:00 AM
155,263,"Secretary",01/30/88 12:00 AM,11/05/92 12:00 AM
156,14,"Chairperson",01/30/88 12:00 AM,11/05/92 12:00 AM
156,581,"Committee Clerk",01/30/88 12:00 AM,11/05/92 12:00 AM
156,98,"Deputy Chairperson",01/30/88 12:00 AM,11/05/92 12:00 AM
156,321,"Deputy Chairperson",11/06/92 12:00 AM,11/05/92 12:00 AM
156,511,"Deputy Chairperson",01/30/88 12:00 AM,05/28/90 12:00 AM
156,75,"Member",01/30/88 12:00 AM,11/05/92 12:00 AM
156,175,"Member",11/06/92 12:00 AM,11/05/92 12:00 AM
156,244,"Member",01/30/88 12:00 AM,09/25/91 12:00 AM
156,292,"Member",11/06/92 12:00 AM,11/05/92 12:00 AM
156,374,"Member",01/30/88 12:00 AM,11/05/92 12:00 AM
156,453,"Member",01/30/88 12:00 AM,12/05/89 12:00 AM
156,460,"Member",01/30/88 12:00 AM,11/05/91 12:00 AM
156,519,"Member",11/06/92 12:00 AM,11/05/92 12:00 AM
156,521,"Member",01/30/88 12:00 AM,11/05/92 12:00 AM
156,264,"Secretary",01/30/88 12:00 AM,11/05/92 12:00 AM
157,174,"Chairperson",06/12/91 12:00 AM,11/05/92 12:00 AM
157,175,"Chairperson",06/15/90 12:00 AM,06/15/91 12:00 AM
157,170,"Chairperson",06/25/89 12:00 AM,06/09/90 12:00 AM
157,169,"Chairperson",01/30/88 12:00 AM,06/05/89 12:00 AM
157,583,"Committee Clerk",06/12/91 12:00 AM,11/05/92 12:00 AM
157,583,"Committee Clerk",06/15/90 12:00 AM,06/15/91 12:00 AM
157,583,"Committee Clerk",06/25/89 12:00 AM,06/09/90 12:00 AM
157,583,"Committee Clerk",01/30/88 12:00 AM,06/05/89 12:00 AM
157,155,"Deputy Chairperson",06/14/91 12:00 AM,11/05/92 12:00 AM
157,181,"Deputy Chairperson",06/13/91 12:00 AM,11/05/92 12:00 AM
157,150,"Deputy Chairperson",06/15/90 12:00 AM,06/15/91 12:00 AM
157,176,"Deputy Chairperson",06/15/90 12:00 AM,06/15/91 12:00 AM
157,150,"Deputy Chairperson",06/25/89 12:00 AM,06/09/90 12:00 AM
157,175,"Deputy Chairperson",06/25/89 12:00 AM,06/09/90 12:00 AM
157,146,"Deputy Chairperson",01/30/88 12:00 AM,06/05/89 12:00 AM
157,170,"Deputy Chairperson",01/30/88 12:00 AM,06/05/89 12:00 AM
157,592,"Deputy Committee Clerk",06/12/91 12:00 AM,11/05/92 12:00 AM
157,592,"Deputy Committee Clerk",06/15/90 12:00 AM,06/15/91 12:00 AM
157,592,"Deputy Committee Clerk",06/25/89 12:00 AM,06/09/90 12:00 AM
157,592,"Deputy Committee Clerk",01/30/88 12:00 AM,06/05/89 12:00 AM
157,90,"Member",06/21/91 12:00 AM,11/05/92 12:00 AM
157,69,"Member",06/20/91 12:00 AM,11/05/92 12:00 AM
157,183,"Member",06/19/91 12:00 AM,11/05/92 12:00 AM
157,234,"Member",06/18/91 12:00 AM,11/05/92 12:00 AM
157,237,"Member",06/17/91 12:00 AM,11/05/92 12:00 AM
157,31,"Member",06/16/91 12:00 AM,11/05/92 12:00 AM
157,46,"Member",06/15/90 12:00 AM,06/15/91 12:00 AM
157,56,"Member",06/15/90 12:00 AM,06/15/91 12:00 AM
157,70,"Member",06/15/90 12:00 AM,06/15/91 12:00 AM
157,179,"Member",06/15/90 12:00 AM,06/15/91 12:00 AM
157,234,"Member",06/15/90 12:00 AM,06/15/91 12:00 AM
157,235,"Member",06/15/90 12:00 AM,06/15/91 12:00 AM
157,40,"Member",06/25/89 12:00 AM,06/09/90 12:00 AM
157,55,"Member",06/25/89 12:00 AM,06/09/90 12:00 AM
157,67,"Member",06/25/89 12:00 AM,06/09/90 12:00 AM
157,179,"Member",06/25/89 12:00 AM,06/09/90 12:00 AM
157,234,"Member",06/25/89 12:00 AM,06/09/90 12:00 AM
157,240,"Member",06/25/89 12:00 AM,06/09/90 12:00 AM
157,38,"Member",01/30/88 12:00 AM,06/05/89 12:00 AM
157,55,"Member",01/30/88 12:00 AM,06/05/89 12:00 AM
157,67,"Member",01/30/88 12:00 AM,06/05/89 12:00 AM
157,175,"Member",01/30/88 12:00 AM,06/05/89 12:00 AM
157,234,"Member",01/30/88 12:00 AM,06/05/89 12:00 AM
157,239,"Member",01/30/88 12:00 AM,06/05/89 12:00 AM
157,174,"Secretary",06/15/91 12:00 AM,11/05/92 12:00 AM
157,174,"Secretary",06/15/90 12:00 AM,06/15/91 12:00 AM
157,174,"Secretary",06/25/89 12:00 AM,06/09/90 12:00 AM
157,174,"Secretary",01/30/88 12:00 AM,06/05/89 12:00 AM
158,152,"Chairperson",06/15/90 12:00 AM,06/15/91 12:00 AM
158,154,"Chairperson",06/12/91 12:00 AM,11/05/92 12:00 AM
158,163,"Chairperson",01/30/88 12:00 AM,06/05/89 12:00 AM
158,167,"Chairperson",06/25/89 12:00 AM,06/09/90 12:00 AM
158,586,"Committee Clerk",06/15/90 12:00 AM,06/15/91 12:00 AM
158,586,"Committee Clerk",06/12/91 12:00 AM,11/05/92 12:00 AM
158,586,"Committee Clerk",01/30/88 12:00 AM,06/05/89 12:00 AM
158,586,"Committee Clerk",06/25/89 12:00 AM,06/09/90 12:00 AM
158,85,"Deputy Chairperson",06/14/91 12:00 AM,11/05/92 12:00 AM
158,138,"Deputy Chairperson",06/15/90 12:00 AM,06/15/91 12:00 AM
158,145,"Deputy Chairperson",06/13/91 12:00 AM,11/05/92 12:00 AM
158,150,"Deputy Chairperson",01/30/88 12:00 AM,06/05/89 12:00 AM
158,153,"Deputy Chairperson",06/25/89 12:00 AM,06/09/90 12:00 AM
158,160,"Deputy Chairperson",06/15/90 12:00 AM,06/15/91 12:00 AM
158,176,"Deputy Chairperson",01/30/88 12:00 AM,06/05/89 12:00 AM
158,176,"Deputy Chairperson",06/25/89 12:00 AM,06/09/90 12:00 AM
158,593,"Deputy Committee Clerk",06/15/90 12:00 AM,06/15/91 12:00 AM
158,593,"Deputy Committee Clerk",06/12/91 12:00 AM,11/05/92 12:00 AM
158,593,"Deputy Committee Clerk",01/30/88 12:00 AM,06/05/89 12:00 AM
158,593,"Deputy Committee Clerk",06/25/89 12:00 AM,06/09/90 12:00 AM
158,45,"Member",01/30/88 12:00 AM,06/05/89 12:00 AM
158,49,"Member",06/25/89 12:00 AM,06/09/90 12:00 AM
158,53,"Member",06/15/90 12:00 AM,06/15/91 12:00 AM
158,76,"Member",01/30/88 12:00 AM,06/05/89 12:00 AM
158,87,"Member",06/25/89 12:00 AM,06/09/90 12:00 AM
158,90,"Member",01/30/88 12:00 AM,06/05/89 12:00 AM
158,103,"Member",06/25/89 12:00 AM,06/09/90 12:00 AM
158,110,"Member",06/15/90 12:00 AM,06/15/91 12:00 AM
158,113,"Member",06/20/91 12:00 AM,11/05/92 12:00 AM
158,116,"Member",06/17/91 12:00 AM,11/05/92 12:00 AM
158,124,"Member",06/18/91 12:00 AM,11/05/92 12:00 AM
158,126,"Member",06/15/90 12:00 AM,06/15/91 12:00 AM
158,126,"Member",06/21/91 12:00 AM,11/05/92 12:00 AM
158,145,"Member",06/25/89 12:00 AM,06/09/90 12:00 AM
158,159,"Member",01/30/88 12:00 AM,06/05/89 12:00 AM
158,166,"Member",06/15/90 12:00 AM,06/15/91 12:00 AM
158,166,"Member",06/19/91 12:00 AM,11/05/92 12:00 AM
158,168,"Member",06/16/91 12:00 AM,11/05/92 12:00 AM
158,179,"Member",06/15/90 12:00 AM,06/15/91 12:00 AM
158,194,"Member",06/25/89 12:00 AM,06/09/90 12:00 AM
158,207,"Member",06/15/90 12:00 AM,06/15/91 12:00 AM
158,219,"Member",01/30/88 12:00 AM,06/05/89 12:00 AM
158,222,"Member",06/25/89 12:00 AM,06/09/90 12:00 AM
158,238,"Member",01/30/88 12:00 AM,06/05/89 12:00 AM
158,149,"Secretary",06/15/91 12:00 AM,11/05/92 12:00 AM
158,180,"Secretary",01/30/88 12:00 AM,06/05/89 12:00 AM
158,180,"Secretary",06/25/89 12:00 AM,06/09/90 12:00 AM
158,180,"Secretary",06/15/90 12:00 AM,06/15/91 12:00 AM
151,161,"Chairperson",02/10/93 12:00 AM,12/03/97 12:00 AM
151,554,"Committee Clerk",02/10/93 12:00 AM,12/03/97 12:00 AM
151,377,"Deputy Chairperson",02/10/93 12:00 AM,12/03/97 12:00 AM
151,169,"Deputy Chairperson",02/10/93 12:00 AM,12/03/97 12:00 AM
151,74,"Member",02/10/93 12:00 AM,08/21/94 12:00 AM
151,15,"Member",02/10/93 12:00 AM,07/31/95 12:00 AM
151,210,"Member",02/10/93 12:00 AM,09/07/96 12:00 AM
151,385,"Member",08/01/95 12:00 AM,12/03/97 12:00 AM
151,319,"Member",09/08/96 12:00 AM,12/03/97 12:00 AM
151,270,"Member",08/22/94 12:00 AM,12/03/97 12:00 AM
151,164,"Member",02/10/93 12:00 AM,12/03/97 12:00 AM
151,127,"Member",02/10/93 12:00 AM,12/03/97 12:00 AM
151,96,"Member",02/10/93 12:00 AM,12/03/97 12:00 AM
151,386,"Secretary",02/10/93 12:00 AM,12/03/97 12:00 AM
152,163,"Chairperson",02/10/93 12:00 AM,12/03/97 12:00 AM
152,581,"Committee Clerk",02/10/93 12:00 AM,12/03/97 12:00 AM
152,380,"Deputy Chairperson",02/10/93 12:00 AM,12/03/97 12:00 AM
152,170,"Deputy Chairperson",02/10/93 12:00 AM,12/03/97 12:00 AM
152,96,"Member",02/10/93 12:00 AM,08/01/95 12:00 AM
152,26,"Member",02/10/93 12:00 AM,04/23/96 12:00 AM
152,196,"Member",02/10/93 12:00 AM,01/07/97 12:00 AM
152,377,"Member",04/24/96 12:00 AM,12/03/97 12:00 AM
152,324,"Member",01/08/97 12:00 AM,12/03/97 12:00 AM
152,264,"Member",08/02/95 12:00 AM,12/03/97 12:00 AM
152,158,"Member",02/10/93 12:00 AM,12/03/97 12:00 AM
152,130,"Member",02/10/93 12:00 AM,12/03/97 12:00 AM
152,100,"Member",02/10/93 12:00 AM,12/03/97 12:00 AM
152,384,"Secretary",02/10/93 12:00 AM,12/03/97 12:00 AM
153,164,"Chairperson",02/10/93 12:00 AM,12/03/97 12:00 AM
153,583,"Committee Clerk",02/10/93 12:00 AM,12/03/97 12:00 AM
153,381,"Deputy Chairperson",02/10/93 12:00 AM,12/03/97 12:00 AM
153,171,"Deputy Chairperson",02/10/93 12:00 AM,12/03/97 12:00 AM
153,97,"Member",02/10/93 12:00 AM,03/12/95 12:00 AM
153,27,"Member",02/10/93 12:00 AM,08/03/96 12:00 AM
153,208,"Member",02/10/93 12:00 AM,09/17/97 12:00 AM
153,379,"Member",08/04/96 12:00 AM,12/03/97 12:00 AM
153,325,"Member",09/18/97 12:00 AM,12/03/97 12:00 AM
153,265,"Member",03/13/95 12:00 AM,12/03/97 12:00 AM
153,160,"Member",02/10/93 12:00 AM,12/03/97 12:00 AM
153,137,"Member",02/10/93 12:00 AM,12/03/97 12:00 AM
153,102,"Member",02/10/93 12:00 AM,12/03/97 12:00 AM
153,385,"Secretary",02/10/93 12:00 AM,12/03/97 12:00 AM
154,166,"Chairperson",02/03/93 12:00 AM,12/03/97 12:00 AM
154,586,"Committee Clerk",02/10/93 12:00 AM,12/03/97 12:00 AM
154,174,"Deputy Chairperson",02/03/93 12:00 AM,08/15/95 12:00 AM
154,385,"Deputy Chairperson",08/16/95 12:00 AM,12/03/97 12:00 AM
154,382,"Deputy Chairperson",02/03/93 12:00 AM,12/03/97 12:00 AM
154,28,"Member",02/03/93 12:00 AM,05/05/94 12:00 AM
154,104,"Member",02/03/93 12:00 AM,08/23/95 12:00 AM
154,209,"Member",02/03/93 12:00 AM,08/15/96 12:00 AM
154,380,"Member",05/06/94 12:00 AM,12/03/97 12:00 AM
154,327,"Member",08/16/96 12:00 AM,12/03/97 12:00 AM
154,266,"Member",08/24/95 12:00 AM,12/03/97 12:00 AM
154,161,"Member",02/03/93 12:00 AM,12/03/97 12:00 AM
154,138,"Member",02/03/93 12:00 AM,12/03/97 12:00 AM
154,99,"Member",02/03/93 12:00 AM,12/03/97 12:00 AM
154,384,"Secretary",02/03/93 12:00 AM,05/14/95 12:00 AM
154,387,"Secretary",08/16/95 12:00 AM,12/03/97 12:00 AM
157,170,"Chairperson",02/09/93 12:00 AM,06/05/94 12:00 AM
157,170,"Chairperson",06/10/94 12:00 AM,06/09/95 12:00 AM
157,177,"Chairperson",06/14/95 12:00 AM,06/12/96 12:00 AM
157,228,"Chairperson",06/17/96 12:00 AM,12/03/97 12:00 AM
157,592,"Committee Clerk",02/10/93 12:00 AM,12/03/97 12:00 AM
157,575,"Committee Clerk",02/10/93 12:00 AM,12/03/97 12:00 AM
157,575,"Committee Clerk",02/10/93 12:00 AM,12/03/97 12:00 AM
157,575,"Committee Clerk",02/10/93 12:00 AM,12/03/97 12:00 AM
157,384,"Deputy Chairperson",02/09/93 12:00 AM,06/05/94 12:00 AM
157,138,"Deputy Chairperson",02/09/93 12:00 AM,06/05/94 12:00 AM
157,383,"Deputy Chairperson",06/10/94 12:00 AM,06/09/95 12:00 AM
157,141,"Deputy Chairperson",06/10/94 12:00 AM,06/09/95 12:00 AM
157,385,"Deputy Chairperson",06/14/95 12:00 AM,06/12/96 12:00 AM
157,150,"Deputy Chairperson",06/14/95 12:00 AM,06/12/96 12:00 AM
157,381,"Deputy Chairperson",06/17/96 12:00 AM,12/03/97 12:00 AM
157,151,"Deputy Chairperson",06/17/96 12:00 AM,12/03/97 12:00 AM
157,593,"Deputy Committee Clerk",02/10/93 12:00 AM,12/03/97 12:00 AM
157,593,"Deputy Committee Clerk",02/10/93 12:00 AM,12/03/97 12:00 AM
157,573,"Deputy Committee Clerk",02/10/93 12:00 AM,12/03/97 12:00 AM
157,573,"Deputy Committee Clerk",02/10/93 12:00 AM,12/03/97 12:00 AM
157,386,"Member",02/09/93 12:00 AM,06/05/94 12:00 AM
157,362,"Member",02/09/93 12:00 AM,06/05/94 12:00 AM
157,292,"Member",02/09/93 12:00 AM,06/05/94 12:00 AM
157,176,"Member",02/09/93 12:00 AM,06/05/94 12:00 AM
157,175,"Member",02/09/93 12:00 AM,06/05/94 12:00 AM
157,122,"Member",02/09/93 12:00 AM,06/05/94 12:00 AM
157,386,"Member",06/10/94 12:00 AM,06/09/95 12:00 AM
157,339,"Member",06/10/94 12:00 AM,06/09/95 12:00 AM
157,270,"Member",06/10/94 12:00 AM,06/09/95 12:00 AM
157,192,"Member",06/10/94 12:00 AM,06/09/95 12:00 AM
157,175,"Member",06/10/94 12:00 AM,06/09/95 12:00 AM
157,122,"Member",06/10/94 12:00 AM,06/09/95 12:00 AM
157,367,"Member",06/14/95 12:00 AM,06/12/96 12:00 AM
157,339,"Member",06/14/95 12:00 AM,06/12/96 12:00 AM
157,267,"Member",06/14/95 12:00 AM,06/12/96 12:00 AM
157,193,"Member",06/14/95 12:00 AM,06/12/96 12:00 AM
157,175,"Member",06/14/95 12:00 AM,06/12/96 12:00 AM
157,127,"Member",06/14/95 12:00 AM,06/12/96 12:00 AM
157,355,"Member",06/17/96 12:00 AM,12/03/97 12:00 AM
157,305,"Member",06/17/96 12:00 AM,12/03/97 12:00 AM
157,267,"Member",06/17/96 12:00 AM,12/03/97 12:00 AM
157,193,"Member",06/17/96 12:00 AM,12/03/97 12:00 AM
157,175,"Member",06/17/96 12:00 AM,12/03/97 12:00 AM
157,127,"Member",06/17/96 12:00 AM,12/03/97 12:00 AM
157,4,"Secretary",02/09/93 12:00 AM,06/05/94 12:00 AM
157,14,"Secretary",06/10/94 12:00 AM,06/09/95 12:00 AM
157,14,"Secretary",06/14/95 12:00 AM,06/12/96 12:00 AM
157,28,"Secretary",06/17/96 12:00 AM,12/03/97 12:00 AM
158,2,"Chairperson",02/09/93 12:00 AM,06/05/94 12:00 AM
158,14,"Chairperson",06/10/94 12:00 AM,06/09/95 12:00 AM
158,14,"Chairperson",06/14/95 12:00 AM,06/12/96 12:00 AM
158,29,"Chairperson",06/17/96 12:00 AM,12/03/97 12:00 AM
158,572,"Committee Clerk",02/10/93 12:00 AM,12/03/97 12:00 AM
158,572,"Committee Clerk",02/10/93 12:00 AM,12/03/97 12:00 AM
158,572,"Committee Clerk",02/10/93 12:00 AM,12/03/97 12:00 AM
158,572,"Committee Clerk",02/10/93 12:00 AM,12/03/97 12:00 AM
158,275,"Deputy Chairperson",02/09/93 12:00 AM,06/05/94 12:00 AM
158,150,"Deputy Chairperson",02/09/93 12:00 AM,06/05/94 12:00 AM
158,275,"Deputy Chairperson",06/10/94 12:00 AM,06/09/95 12:00 AM
158,160,"Deputy Chairperson",06/10/94 12:00 AM,06/09/95 12:00 AM
158,282,"Deputy Chairperson",06/14/95 12:00 AM,06/12/96 12:00 AM
158,163,"Deputy Chairperson",06/14/95 12:00 AM,06/12/96 12:00 AM
158,286,"Deputy Chairperson",06/17/96 12:00 AM,12/03/97 12:00 AM
158,168,"Deputy Chairperson",06/17/96 12:00 AM,12/03/97 12:00 AM
158,575,"Deputy Committee Clerk",02/10/93 12:00 AM,12/03/97 12:00 AM
158,575,"Deputy Committee Clerk",02/10/93 12:00 AM,12/03/97 12:00 AM
158,574,"Deputy Committee Clerk",02/10/93 12:00 AM,12/03/97 12:00 AM
158,574,"Deputy Committee Clerk",02/10/93 12:00 AM,12/03/97 12:00 AM
158,368,"Member",02/09/93 12:00 AM,06/05/94 12:00 AM
158,321,"Member",02/09/93 12:00 AM,06/05/94 12:00 AM
158,318,"Member",02/09/93 12:00 AM,06/05/94 12:00 AM
158,194,"Member",02/09/93 12:00 AM,06/05/94 12:00 AM
158,160,"Member",02/09/93 12:00 AM,06/05/94 12:00 AM
158,127,"Member",02/09/93 12:00 AM,06/05/94 12:00 AM
158,368,"Member",06/10/94 12:00 AM,06/09/95 12:00 AM
158,324,"Member",06/10/94 12:00 AM,06/09/95 12:00 AM
158,321,"Member",06/10/94 12:00 AM,06/09/95 12:00 AM
158,210,"Member",06/10/94 12:00 AM,06/09/95 12:00 AM
158,167,"Member",06/10/94 12:00 AM,06/09/95 12:00 AM
158,138,"Member",06/10/94 12:00 AM,06/09/95 12:00 AM
158,372,"Member",06/14/95 12:00 AM,06/12/96 12:00 AM
158,329,"Member",06/14/95 12:00 AM,06/12/96 12:00 AM
158,325,"Member",06/14/95 12:00 AM,06/12/96 12:00 AM
158,213,"Member",06/14/95 12:00 AM,06/12/96 12:00 AM
158,171,"Member",06/14/95 12:00 AM,06/12/96 12:00 AM
158,141,"Member",06/14/95 12:00 AM,06/12/96 12:00 AM
158,374,"Member",06/17/96 12:00 AM,12/03/97 12:00 AM
158,332,"Member",06/17/96 12:00 AM,12/03/97 12:00 AM
158,329,"Member",06/17/96 12:00 AM,12/03/97 12:00 AM
158,213,"Member",06/17/96 12:00 AM,12/03/97 12:00 AM
158,171,"Member",06/17/96 12:00 AM,12/03/97 12:00 AM
158,150,"Member",06/17/96 12:00 AM,12/03/97 12:00 AM
158,26,"Secretary",02/09/93 12:00 AM,06/05/94 12:00 AM
158,60,"Secretary",06/10/94 12:00 AM,06/09/95 12:00 AM
158,70,"Secretary",06/14/95 12:00 AM,06/12/96 12:00 AM
158,70,"Secretary",06/17/96 12:00 AM,12/03/97 12:00 AM
159,148,"Chairperson",02/10/93 12:00 AM,12/03/97 12:00 AM
159,561,"Committee Clerk",02/10/93 12:00 AM,12/03/97 12:00 AM
159,380,"Deputy Chairperson",02/10/93 12:00 AM,12/03/97 12:00 AM
159,164,"Deputy Chairperson",02/10/93 12:00 AM,12/03/97 12:00 AM
159,104,"Member",02/10/93 12:00 AM,08/03/95 12:00 AM
159,127,"Member",02/10/93 12:00 AM,03/12/96 12:00 AM
159,178,"Member",02/10/93 12:00 AM,02/17/97 12:00 AM
159,367,"Member",08/04/95 12:00 AM,12/03/97 12:00 AM
159,347,"Member",02/18/97 12:00 AM,12/03/97 12:00 AM
159,249,"Member",03/13/96 12:00 AM,12/03/97 12:00 AM
159,175,"Member",02/10/93 12:00 AM,12/03/97 12:00 AM
159,141,"Member",02/10/93 12:00 AM,12/03/97 12:00 AM
159,123,"Member",02/10/93 12:00 AM,12/03/97 12:00 AM
159,365,"Secretary",02/10/93 12:00 AM,12/03/97 12:00 AM
160,170,"Chairperson",02/03/93 12:00 AM,12/03/97 12:00 AM
160,571,"Committee Clerk",02/10/93 12:00 AM,12/03/97 12:00 AM
160,177,"Deputy Chairperson",02/03/93 12:00 AM,08/15/94 12:00 AM
160,385,"Deputy Chairperson",02/03/93 12:00 AM,12/03/97 12:00 AM
160,329,"Deputy Chairperson",08/16/94 12:00 AM,12/03/97 12:00 AM
160,124,"Member",02/03/93 12:00 AM,04/23/95 12:00 AM
160,211,"Member",02/03/93 12:00 AM,08/15/95 12:00 AM
160,60,"Member",02/03/93 12:00 AM,05/05/96 12:00 AM
160,381,"Member",05/06/96 12:00 AM,12/03/97 12:00 AM
160,329,"Member",08/16/95 12:00 AM,12/03/97 12:00 AM
160,271,"Member",04/24/95 12:00 AM,12/03/97 12:00 AM
160,166,"Member",02/03/93 12:00 AM,12/03/97 12:00 AM
160,139,"Member",02/03/93 12:00 AM,12/03/97 12:00 AM
160,104,"Member",02/03/93 12:00 AM,12/03/97 12:00 AM
160,382,"Secretary",02/03/93 12:00 AM,01/14/95 12:00 AM
160,329,"Secretary",08/16/94 12:00 AM,12/03/97 12:00 AM
151,126,"Chairperson",01/17/98 12:00 AM,09/27/00 12:00 AM
151,336,"Chairperson",09/28/00 12:00 AM,11/25/02 12:00 AM
151,554,"Committee Clerk",01/17/98 12:00 AM,11/25/02 12:00 AM
151,376,"Deputy Chairperson",01/17/98 12:00 AM,11/25/02 12:00 AM
151,483,"Deputy Chairperson",01/17/98 12:00 AM,11/25/02 12:00 AM
151,126,"Member",01/17/98 12:00 AM,11/25/02 12:00 AM
151,193,"Member",01/17/98 12:00 AM,11/25/02 12:00 AM
151,243,"Member",01/17/98 12:00 AM,11/25/02 12:00 AM
151,395,"Member",01/17/98 12:00 AM,11/25/02 12:00 AM
151,338,"Member",01/17/98 12:00 AM,11/15/01 12:00 AM
151,103,"Member",01/17/98 12:00 AM,02/05/01 12:00 AM
151,476,"Member",02/06/01 12:00 AM,11/25/02 12:00 AM
151,14,"Member",11/16/01 12:00 AM,11/25/02 12:00 AM
151,61,"Secretary",01/17/98 12:00 AM,11/25/02 12:00 AM
152,129,"Chairperson",01/30/88 12:00 AM,07/27/00 12:00 AM
152,340,"Chairperson",07/28/00 12:00 AM,11/25/02 12:00 AM
152,581,"Committee Clerk",01/17/98 12:00 AM,11/25/02 12:00 AM
152,363,"Deputy Chairperson",01/30/88 12:00 AM,11/25/02 12:00 AM
152,470,"Deputy Chairperson",01/30/88 12:00 AM,11/25/02 12:00 AM
152,75,"Member",01/30/88 12:00 AM,11/25/02 12:00 AM
152,168,"Member",01/30/88 12:00 AM,11/25/02 12:00 AM
152,249,"Member",01/30/88 12:00 AM,11/25/02 12:00 AM
152,404,"Member",01/30/88 12:00 AM,11/25/02 12:00 AM
152,130,"Member",01/30/88 12:00 AM,05/25/01 12:00 AM
152,342,"Member",01/30/88 12:00 AM,01/15/01 12:00 AM
152,50,"Member",01/16/01 12:00 AM,11/25/02 12:00 AM
152,481,"Member",05/26/01 12:00 AM,11/25/02 12:00 AM
152,98,"Secretary",01/30/88 12:00 AM,11/25/02 12:00 AM
153,130,"Chairperson",01/17/98 12:00 AM,03/27/01 12:00 AM
153,341,"Chairperson",03/28/01 12:00 AM,11/25/02 12:00 AM
153,561,"Committee Clerk",01/17/98 12:00 AM,11/25/02 12:00 AM
153,365,"Deputy Chairperson",01/30/88 12:00 AM,11/25/02 12:00 AM
153,471,"Deputy Chairperson",01/30/88 12:00 AM,11/25/02 12:00 AM
153,96,"Member",01/30/88 12:00 AM,11/25/02 12:00 AM
153,174,"Member",01/30/88 12:00 AM,11/25/02 12:00 AM
153,257,"Member",01/30/88 12:00 AM,11/25/02 12:00 AM
153,405,"Member",01/30/88 12:00 AM,11/25/02 12:00 AM
153,343,"Member",01/30/88 12:00 AM,01/15/02 12:00 AM
153,137,"Member",01/30/88 12:00 AM,05/22/01 12:00 AM
153,482,"Member",05/23/01 12:00 AM,11/25/02 12:00 AM
153,72,"Member",01/16/02 12:00 AM,11/25/02 12:00 AM
153,103,"Secretary",01/30/88 12:00 AM,11/25/02 12:00 AM
154,137,"Chairperson",01/17/98 12:00 AM,06/17/01 12:00 AM
154,342,"Chairperson",06/18/01 12:00 AM,11/25/02 12:00 AM
154,575,"Committee Clerk",01/17/98 12:00 AM,11/25/02 12:00 AM
154,367,"Deputy Chairperson",01/17/98 12:00 AM,11/25/02 12:00 AM
154,472,"Deputy Chairperson",01/17/98 12:00 AM,11/25/02 12:00 AM
154,97,"Member",01/17/98 12:00 AM,11/25/02 12:00 AM
154,175,"Member",01/17/98 12:00 AM,11/25/02 12:00 AM
154,258,"Member",01/17/98 12:00 AM,11/25/02 12:00 AM
154,406,"Member",01/17/98 12:00 AM,11/25/02 12:00 AM
154,138,"Member",01/17/98 12:00 AM,01/20/02 12:00 AM
154,344,"Member",01/17/98 12:00 AM,03/25/01 12:00 AM
154,73,"Member",03/26/01 12:00 AM,11/25/02 12:00 AM
154,483,"Member",01/21/02 12:00 AM,11/25/02 12:00 AM
154,124,"Secretary",01/17/98 12:00 AM,11/25/02 12:00 AM
157,161,"Chairperson",01/15/98 12:00 AM,06/12/99 12:00 AM
157,5,"Chairperson",06/17/99 12:00 AM,06/15/00 12:00 AM
157,25,"Chairperson",06/20/00 12:00 AM,06/19/01 12:00 AM
157,50,"Chairperson",06/24/01 12:00 AM,11/25/02 12:00 AM
157,572,"Committee Clerk",01/17/98 12:00 AM,11/25/02 12:00 AM
157,572,"Committee Clerk",01/17/98 12:00 AM,11/25/02 12:00 AM
157,572,"Committee Clerk",01/17/98 12:00 AM,11/25/02 12:00 AM
157,572,"Committee Clerk",01/17/98 12:00 AM,11/25/02 12:00 AM
157,343,"Deputy Chairperson",01/15/98 12:00 AM,06/12/99 12:00 AM
157,409,"Deputy Chairperson",01/15/98 12:00 AM,06/12/99 12:00 AM
157,352,"Deputy Chairperson",06/17/99 12:00 AM,06/15/00 12:00 AM
157,412,"Deputy Chairperson",06/17/99 12:00 AM,06/15/00 12:00 AM
157,360,"Deputy Chairperson",06/20/00 12:00 AM,06/19/01 12:00 AM
157,412,"Deputy Chairperson",06/20/00 12:00 AM,06/19/01 12:00 AM
157,367,"Deputy Chairperson",06/24/01 12:00 AM,11/25/02 12:00 AM
157,413,"Deputy Chairperson",06/24/01 12:00 AM,11/25/02 12:00 AM
157,539,"Deputy Committee Clerk",01/17/98 12:00 AM,11/25/02 12:00 AM
157,539,"Deputy Committee Clerk",01/17/98 12:00 AM,11/25/02 12:00 AM
157,544,"Deputy Committee Clerk",01/17/98 12:00 AM,11/25/02 12:00 AM
157,556,"Deputy Committee Clerk",01/17/98 12:00 AM,11/25/02 12:00 AM
157,103,"Member",01/15/98 12:00 AM,06/12/99 12:00 AM
157,137,"Member",01/15/98 12:00 AM,06/12/99 12:00 AM
157,269,"Member",01/15/98 12:00 AM,06/12/99 12:00 AM
157,354,"Member",01/15/98 12:00 AM,06/12/99 12:00 AM
157,439,"Member",01/15/98 12:00 AM,06/12/99 12:00 AM
157,482,"Member",01/15/98 12:00 AM,06/12/99 12:00 AM
157,137,"Member",06/17/99 12:00 AM,06/15/00 12:00 AM
157,151,"Member",06/17/99 12:00 AM,06/15/00 12:00 AM
157,269,"Member",06/17/99 12:00 AM,06/15/00 12:00 AM
157,354,"Member",06/17/99 12:00 AM,06/15/00 12:00 AM
157,443,"Member",06/17/99 12:00 AM,06/15/00 12:00 AM
157,476,"Member",06/17/99 12:00 AM,06/15/00 12:00 AM
157,150,"Member",06/20/00 12:00 AM,06/19/01 12:00 AM
157,175,"Member",06/20/00 12:00 AM,06/19/01 12:00 AM
157,285,"Member",06/20/00 12:00 AM,06/19/01 12:00 AM
157,367,"Member",06/20/00 12:00 AM,06/19/01 12:00 AM
157,445,"Member",06/20/00 12:00 AM,06/19/01 12:00 AM
157,483,"Member",06/20/00 12:00 AM,06/19/01 12:00 AM
157,166,"Member",06/24/01 12:00 AM,11/25/02 12:00 AM
157,192,"Member",06/24/01 12:00 AM,11/25/02 12:00 AM
157,288,"Member",06/24/01 12:00 AM,11/25/02 12:00 AM
157,367,"Member",06/24/01 12:00 AM,11/25/02 12:00 AM
157,445,"Member",06/24/01 12:00 AM,11/25/02 12:00 AM
157,476,"Member",06/24/01 12:00 AM,11/25/02 12:00 AM
157,5,"Secretary",01/15/98 12:00 AM,06/12/99 12:00 AM
157,61,"Secretary",06/17/99 12:00 AM,06/15/00 12:00 AM
157,61,"Secretary",06/20/00 12:00 AM,06/19/01 12:00 AM
157,61,"Secretary",06/24/01 12:00 AM,11/25/02 12:00 AM
158,399,"Chairperson",01/15/98 12:00 AM,06/12/99 12:00 AM
158,400,"Chairperson",06/17/99 12:00 AM,06/15/00 12:00 AM
158,405,"Chairperson",06/20/00 12:00 AM,06/19/01 12:00 AM
158,409,"Chairperson",06/24/01 12:00 AM,11/25/02 12:00 AM
158,571,"Committee Clerk",01/17/98 12:00 AM,11/25/02 12:00 AM
158,571,"Committee Clerk",01/17/98 12:00 AM,11/25/02 12:00 AM
158,571,"Committee Clerk",01/17/98 12:00 AM,11/25/02 12:00 AM
158,571,"Committee Clerk",01/17/98 12:00 AM,11/25/02 12:00 AM
158,481,"Deputy Chairperson",01/15/98 12:00 AM,06/12/99 12:00 AM
158,483,"Deputy Chairperson",01/15/98 12:00 AM,06/12/99 12:00 AM
158,477,"Deputy Chairperson",06/17/99 12:00 AM,06/15/00 12:00 AM
158,483,"Deputy Chairperson",06/17/99 12:00 AM,06/15/00 12:00 AM
158,342,"Deputy Chairperson",06/20/00 12:00 AM,06/19/01 12:00 AM
158,342,"Deputy Chairperson",06/20/00 12:00 AM,06/19/01 12:00 AM
158,345,"Deputy Chairperson",06/24/01 12:00 AM,11/25/02 12:00 AM
158,352,"Deputy Chairperson",06/24/01 12:00 AM,11/25/02 12:00 AM
158,544,"Deputy Committee Clerk",01/17/98 12:00 AM,11/25/02 12:00 AM
158,556,"Deputy Committee Clerk",01/17/98 12:00 AM,11/25/02 12:00 AM
158,539,"Deputy Committee Clerk",01/17/98 12:00 AM,11/25/02 12:00 AM
158,539,"Deputy Committee Clerk",01/17/98 12:00 AM,11/25/02 12:00 AM
158,2,"Member",01/15/98 12:00 AM,06/12/99 12:00 AM
158,103,"Member",01/15/98 12:00 AM,06/12/99 12:00 AM
158,139,"Member",01/15/98 12:00 AM,06/12/99 12:00 AM
158,437,"Member",01/15/98 12:00 AM,06/12/99 12:00 AM
158,445,"Member",01/15/98 12:00 AM,06/12/99 12:00 AM
158,476,"Member",01/15/98 12:00 AM,06/12/99 12:00 AM
158,96,"Member",06/17/99 12:00 AM,06/15/00 12:00 AM
158,196,"Member",06/17/99 12:00 AM,06/15/00 12:00 AM
158,208,"Member",06/17/99 12:00 AM,06/15/00 12:00 AM
158,248,"Member",06/17/99 12:00 AM,06/15/00 12:00 AM
158,439,"Member",06/17/99 12:00 AM,06/15/00 12:00 AM
158,478,"Member",06/17/99 12:00 AM,06/15/00 12:00 AM
158,208,"Member",06/20/00 12:00 AM,06/19/01 12:00 AM
158,235,"Member",06/20/00 12:00 AM,06/19/01 12:00 AM
158,248,"Member",06/20/00 12:00 AM,06/19/01 12:00 AM
158,321,"Member",06/20/00 12:00 AM,06/19/01 12:00 AM
158,343,"Member",06/20/00 12:00 AM,06/19/01 12:00 AM
158,345,"Member",06/20/00 12:00 AM,06/19/01 12:00 AM
158,208,"Member",06/24/01 12:00 AM,11/25/02 12:00 AM
158,244,"Member",06/24/01 12:00 AM,11/25/02 12:00 AM
158,248,"Member",06/24/01 12:00 AM,11/25/02 12:00 AM
158,330,"Member",06/24/01 12:00 AM,11/25/02 12:00 AM
158,344,"Member",06/24/01 12:00 AM,11/25/02 12:00 AM
158,345,"Member",06/24/01 12:00 AM,11/25/02 12:00 AM
158,62,"Secretary",01/15/98 12:00 AM,06/12/99 12:00 AM
158,72,"Secretary",06/17/99 12:00 AM,06/15/00 12:00 AM
158,399,"Secretary",06/20/00 12:00 AM,06/19/01 12:00 AM
158,399,"Secretary",06/24/01 12:00 AM,11/25/02 12:00 AM
161,139,"Chairperson",01/17/98 12:00 AM,07/27/01 12:00 AM
161,342,"Chairperson",07/28/01 12:00 AM,01/25/02 12:00 AM
161,573,"Committee Clerk",01/17/98 12:00 AM,11/25/02 12:00 AM
161,374,"Deputy Chairperson",01/30/88 12:00 AM,01/25/02 12:00 AM
161,475,"Deputy Chairperson",01/30/88 12:00 AM,01/25/02 12:00 AM
161,97,"Member",01/30/88 12:00 AM,01/25/02 12:00 AM
161,176,"Member",01/30/88 12:00 AM,01/25/02 12:00 AM
161,261,"Member",01/30/88 12:00 AM,01/25/02 12:00 AM
161,407,"Member",01/30/88 12:00 AM,01/25/02 12:00 AM
161,353,"Member",01/30/88 12:00 AM,11/15/01 12:00 AM
161,139,"Member",01/30/88 12:00 AM,05/02/01 12:00 AM
161,471,"Member",05/03/01 12:00 AM,01/25/02 12:00 AM
161,98,"Member",11/16/01 12:00 AM,01/25/02 12:00 AM
161,129,"Secretary",01/30/88 12:00 AM,01/25/02 12:00 AM
162,139,"Chairperson",01/17/98 12:00 AM,06/17/01 12:00 AM
162,353,"Chairperson",06/18/01 12:00 AM,11/25/02 12:00 AM
162,574,"Committee Clerk",01/17/98 12:00 AM,11/25/02 12:00 AM
162,375,"Deputy Chairperson",01/17/98 12:00 AM,11/25/02 12:00 AM
162,474,"Deputy Chairperson",01/17/98 12:00 AM,11/25/02 12:00 AM
162,103,"Member",01/17/98 12:00 AM,11/25/02 12:00 AM
162,192,"Member",01/17/98 12:00 AM,11/25/02 12:00 AM
162,265,"Member",01/17/98 12:00 AM,11/25/02 12:00 AM
162,410,"Member",01/17/98 12:00 AM,11/25/02 12:00 AM
162,151,"Member",01/17/98 12:00 AM,01/20/02 12:00 AM
162,354,"Member",01/17/98 12:00 AM,03/25/01 12:00 AM
162,97,"Member",03/26/01 12:00 AM,11/25/02 12:00 AM
162,477,"Member",01/21/02 12:00 AM,11/25/02 12:00 AM
162,137,"Secretary",01/17/98 12:00 AM,11/25/02 12:00 AM
163,429,"Chairperson",02/05/00 12:00 AM,11/25/01 12:00 AM
163,478,"Chairperson",11/26/01 12:00 AM,11/25/02 12:00 AM
163,536,"Committee Clerk",01/17/98 12:00 AM,11/25/02 12:00 AM
163,151,"Deputy Chairperson",02/05/00 12:00 AM,11/25/02 12:00 AM
163,158,"Deputy Chairperson",02/05/00 12:00 AM,11/25/02 12:00 AM
163,329,"Member",02/05/00 12:00 AM,11/25/02 12:00 AM
163,330,"Member",02/05/00 12:00 AM,11/25/02 12:00 AM
163,336,"Member",02/05/00 12:00 AM,11/25/02 12:00 AM
163,418,"Member",02/05/00 12:00 AM,11/25/02 12:00 AM
163,419,"Member",02/05/00 12:00 AM,11/25/02 12:00 AM
163,426,"Member",02/05/00 12:00 AM,11/25/02 12:00 AM
163,430,"Member",02/05/00 12:00 AM,11/25/02 12:00 AM
163,479,"Member",02/05/00 12:00 AM,11/25/02 12:00 AM
163,427,"Secretary",02/05/00 12:00 AM,11/25/02 12:00 AM
151,126,"Chairperson",01/05/03 12:00 AM,
151,554,"Committee Clerk",01/05/03 12:00 AM,
151,526,"Deputy Chairperson",01/05/03 12:00 AM,11/28/04 12:00 AM
151,5,"Deputy Chairperson",01/05/03 12:00 AM,
151,262,"Deputy Chairperson",09/16/05 12:00 AM,
151,441,"Member",01/05/03 12:00 AM,02/05/06 12:00 AM
151,167,"Member",01/05/03 12:00 AM,09/15/05 12:00 AM
151,425,"Member",01/05/03 12:00 AM,01/05/05 12:00 AM
151,61,"Member",01/05/03 12:00 AM,
151,353,"Member",01/05/03 12:00 AM,
151,520,"Member",01/05/03 12:00 AM,
151,283,"Member",11/29/04 12:00 AM,
151,150,"Member",01/06/05 12:00 AM,
151,510,"Member",02/06/06 12:00 AM,
151,138,"Secretary",01/05/03 12:00 AM,
152,149,"Chairperson",01/05/03 12:00 AM,
152,581,"Committee Clerk",01/06/03 12:00 AM,
152,166,"Deputy Chairperson",01/05/03 12:00 AM,08/15/04 12:00 AM
152,431,"Deputy Chairperson",01/05/03 12:00 AM,
152,430,"Deputy Chairperson",08/16/04 12:00 AM,
152,174,"Member",01/05/03 12:00 AM,07/14/06 12:00 AM
152,283,"Member",01/05/03 12:00 AM,01/15/06 12:00 AM
152,103,"Member",01/05/03 12:00 AM,04/25/05 12:00 AM
152,69,"Member",01/05/03 12:00 AM,
152,415,"Member",01/05/03 12:00 AM,
152,452,"Member",01/05/03 12:00 AM,
152,25,"Member",04/26/05 12:00 AM,
152,485,"Member",01/16/06 12:00 AM,
152,61,"Member",07/15/06 12:00 AM,
152,524,"Secretary",01/05/03 12:00 AM,05/05/05 12:00 AM
152,367,"Secretary",08/16/04 12:00 AM,
153,150,"Chairperson",01/05/03 12:00 AM,
153,561,"Committee Clerk",01/07/03 12:00 AM,
153,167,"Deputy Chairperson",01/05/03 12:00 AM,08/15/05 12:00 AM
153,431,"Deputy Chairperson",01/05/03 12:00 AM,
153,431,"Deputy Chairperson",08/16/05 12:00 AM,
153,167,"Member",01/05/03 12:00 AM,07/15/06 12:00 AM
153,124,"Member",01/05/03 12:00 AM,08/23/05 12:00 AM
153,284,"Member",01/05/03 12:00 AM,03/05/04 12:00 AM
153,72,"Member",01/05/03 12:00 AM,
153,416,"Member",01/05/03 12:00 AM,
153,453,"Member",01/05/03 12:00 AM,
153,486,"Member",03/06/04 12:00 AM,
153,61,"Member",08/24/05 12:00 AM,
153,62,"Member",07/16/06 12:00 AM,
153,520,"Secretary",01/05/03 12:00 AM,05/05/05 12:00 AM
153,368,"Secretary",08/16/05 12:00 AM,
154,151,"Chairperson",01/05/03 12:00 AM,
154,575,"Committee Clerk",01/08/03 12:00 AM,
154,168,"Deputy Chairperson",01/05/03 12:00 AM,
154,432,"Deputy Chairperson",01/05/03 12:00 AM,
154,168,"Member",01/05/03 12:00 AM,12/17/06 12:00 AM
154,285,"Member",01/05/03 12:00 AM,08/03/06 12:00 AM
154,73,"Member",01/05/03 12:00 AM,11/12/05 12:00 AM
154,125,"Member",01/05/03 12:00 AM,
154,417,"Member",01/05/03 12:00 AM,
154,456,"Member",01/05/03 12:00 AM,
154,69,"Member",11/13/05 12:00 AM,
154,487,"Member",08/04/06 12:00 AM,
154,74,"Member",12/18/06 12:00 AM,
154,521,"Secretary",01/05/03 12:00 AM,
157,161,"Chairperson",01/21/03 12:00 AM,06/09/04 12:00 AM
157,161,"Chairperson",06/14/04 12:00 AM,06/13/05 12:00 AM
157,2,"Chairperson",06/18/05 12:00 AM,06/17/06 12:00 AM
157,15,"Chairperson",06/22/06 12:00 AM,
157,572,"Committee Clerk",01/09/03 12:00 AM,06/09/04 12:00 AM
157,571,"Committee Clerk",01/10/03 12:00 AM,06/13/05 12:00 AM
157,572,"Committee Clerk",01/11/03 12:00 AM,06/17/06 12:00 AM
157,571,"Committee Clerk",01/12/03 12:00 AM,
157,175,"Deputy Chairperson",01/21/03 12:00 AM,06/09/04 12:00 AM
157,436,"Deputy Chairperson",01/21/03 12:00 AM,06/09/04 12:00 AM
157,244,"Deputy Chairperson",06/14/04 12:00 AM,06/13/05 12:00 AM
157,441,"Deputy Chairperson",06/14/04 12:00 AM,06/13/05 12:00 AM
157,245,"Deputy Chairperson",06/18/05 12:00 AM,06/17/06 12:00 AM
157,442,"Deputy Chairperson",06/18/05 12:00 AM,06/17/06 12:00 AM
157,245,"Deputy Chairperson",06/22/06 12:00 AM,
157,447,"Deputy Chairperson",06/22/06 12:00 AM,
157,573,"Deputy Committee Clerk",01/09/03 12:00 AM,06/09/04 12:00 AM
157,573,"Deputy Committee Clerk",01/10/03 12:00 AM,06/13/05 12:00 AM
157,573,"Deputy Committee Clerk",01/11/03 12:00 AM,06/17/06 12:00 AM
157,573,"Deputy Committee Clerk",01/12/03 12:00 AM,
157,98,"Member",01/21/03 12:00 AM,06/09/04 12:00 AM
157,166,"Member",01/21/03 12:00 AM,06/09/04 12:00 AM
157,283,"Member",01/21/03 12:00 AM,06/09/04 12:00 AM
157,318,"Member",01/21/03 12:00 AM,06/09/04 12:00 AM
157,430,"Member",01/21/03 12:00 AM,06/09/04 12:00 AM
157,520,"Member",01/21/03 12:00 AM,06/09/04 12:00 AM
157,129,"Member",06/14/04 12:00 AM,06/13/05 12:00 AM
157,166,"Member",06/14/04 12:00 AM,06/13/05 12:00 AM
157,287,"Member",06/14/04 12:00 AM,06/13/05 12:00 AM
157,340,"Member",06/14/04 12:00 AM,06/13/05 12:00 AM
157,453,"Member",06/14/04 12:00 AM,06/13/05 12:00 AM
157,503,"Member",06/14/04 12:00 AM,06/13/05 12:00 AM
157,139,"Member",06/18/05 12:00 AM,06/17/06 12:00 AM
157,168,"Member",06/18/05 12:00 AM,06/17/06 12:00 AM
157,291,"Member",06/18/05 12:00 AM,06/17/06 12:00 AM
157,343,"Member",06/18/05 12:00 AM,06/17/06 12:00 AM
157,460,"Member",06/18/05 12:00 AM,06/17/06 12:00 AM
157,507,"Member",06/18/05 12:00 AM,06/17/06 12:00 AM
157,149,"Member",06/22/06 12:00 AM,
157,243,"Member",06/22/06 12:00 AM,
157,291,"Member",06/22/06 12:00 AM,
157,353,"Member",06/22/06 12:00 AM,
157,460,"Member",06/22/06 12:00 AM,
157,507,"Member",06/22/06 12:00 AM,
157,15,"Secretary",01/21/03 12:00 AM,06/09/04 12:00 AM
157,69,"Secretary",06/14/04 12:00 AM,06/13/05 12:00 AM
157,73,"Secretary",06/18/05 12:00 AM,06/17/06 12:00 AM
157,97,"Secretary",06/22/06 12:00 AM,
158,406,"Chairperson",01/21/03 12:00 AM,06/09/04 12:00 AM
158,407,"Chairperson",06/14/04 12:00 AM,06/13/05 12:00 AM
158,407,"Chairperson",06/18/05 12:00 AM,06/17/06 12:00 AM
158,407,"Chairperson",06/22/06 12:00 AM,
158,536,"Committee Clerk",01/13/03 12:00 AM,06/09/04 12:00 AM
158,536,"Committee Clerk",01/14/03 12:00 AM,06/13/05 12:00 AM
158,536,"Committee Clerk",01/15/03 12:00 AM,06/17/06 12:00 AM
158,536,"Committee Clerk",01/16/03 12:00 AM,
158,329,"Deputy Chairperson",01/21/03 12:00 AM,06/09/04 12:00 AM
158,405,"Deputy Chairperson",01/21/03 12:00 AM,06/09/04 12:00 AM
158,336,"Deputy Chairperson",06/14/04 12:00 AM,06/13/05 12:00 AM
158,409,"Deputy Chairperson",06/14/04 12:00 AM,06/13/05 12:00 AM
158,338,"Deputy Chairperson",06/18/05 12:00 AM,06/17/06 12:00 AM
158,413,"Deputy Chairperson",06/18/05 12:00 AM,06/17/06 12:00 AM
158,342,"Deputy Chairperson",06/22/06 12:00 AM,
158,413,"Deputy Chairperson",06/22/06 12:00 AM,
158,544,"Deputy Committee Clerk",01/13/03 12:00 AM,06/09/04 12:00 AM
158,544,"Deputy Committee Clerk",01/14/03 12:00 AM,06/13/05 12:00 AM
158,544,"Deputy Committee Clerk",01/15/03 12:00 AM,06/17/06 12:00 AM
158,544,"Deputy Committee Clerk",01/16/03 12:00 AM,
158,139,"Member",01/21/03 12:00 AM,06/09/04 12:00 AM
158,243,"Member",01/21/03 12:00 AM,06/09/04 12:00 AM
158,245,"Member",01/21/03 12:00 AM,06/09/04 12:00 AM
158,288,"Member",01/21/03 12:00 AM,06/09/04 12:00 AM
158,436,"Member",01/21/03 12:00 AM,06/09/04 12:00 AM
158,524,"Member",01/21/03 12:00 AM,06/09/04 12:00 AM
158,151,"Member",06/14/04 12:00 AM,06/13/05 12:00 AM
158,248,"Member",06/14/04 12:00 AM,06/13/05 12:00 AM
158,249,"Member",06/14/04 12:00 AM,06/13/05 12:00 AM
158,303,"Member",06/14/04 12:00 AM,06/13/05 12:00 AM
158,438,"Member",06/14/04 12:00 AM,06/13/05 12:00 AM
158,521,"Member",06/14/04 12:00 AM,06/13/05 12:00 AM
158,151,"Member",06/18/05 12:00 AM,06/17/06 12:00 AM
158,258,"Member",06/18/05 12:00 AM,06/17/06 12:00 AM
158,264,"Member",06/18/05 12:00 AM,06/17/06 12:00 AM
158,305,"Member",06/18/05 12:00 AM,06/17/06 12:00 AM
158,444,"Member",06/18/05 12:00 AM,06/17/06 12:00 AM
158,523,"Member",06/18/05 12:00 AM,06/17/06 12:00 AM
158,167,"Member",06/22/06 12:00 AM,
158,258,"Member",06/22/06 12:00 AM,
158,264,"Member",06/22/06 12:00 AM,
158,316,"Member",06/22/06 12:00 AM,
158,448,"Member",06/22/06 12:00 AM,
158,525,"Member",06/22/06 12:00 AM,
158,62,"Secretary",01/21/03 12:00 AM,06/09/04 12:00 AM
158,73,"Secretary",06/14/04 12:00 AM,06/13/05 12:00 AM
158,73,"Secretary",06/18/05 12:00 AM,06/17/06 12:00 AM
158,103,"Secretary",06/22/06 12:00 AM,
164,139,"Chairperson",01/05/03 12:00 AM,
164,568,"Committee Clerk",01/05/03 12:00 AM,
164,164,"Deputy Chairperson",01/05/03 12:00 AM,08/15/05 12:00 AM
164,417,"Deputy Chairperson",01/05/03 12:00 AM,
164,422,"Deputy Chairperson",08/16/05 12:00 AM,
164,574,"Deputy Committee Clerk",01/05/03 12:00 AM,
164,138,"Member",01/05/03 12:00 AM,07/15/06 12:00 AM
164,103,"Member",01/05/03 12:00 AM,08/23/05 12:00 AM
164,264,"Member",01/05/03 12:00 AM,03/05/04 12:00 AM
164,25,"Member",01/05/03 12:00 AM,
164,399,"Member",01/05/03 12:00 AM,
164,445,"Member",01/05/03 12:00 AM,
164,469,"Member",03/06/04 12:00 AM,
164,96,"Member",08/24/05 12:00 AM,
164,97,"Member",07/16/06 12:00 AM,
164,511,"Secretary",01/05/03 12:00 AM,05/05/05 12:00 AM
164,355,"Secretary",08/16/05 12:00 AM,
165,164,"Chairperson",01/05/03 12:00 AM,02/03/07 12:00 AM
165,569,"Committee Clerk",01/05/03 12:00 AM,02/03/07 12:00 AM
165,174,"Deputy Chairperson",01/05/03 12:00 AM,02/03/07 12:00 AM
165,442,"Deputy Chairperson",01/05/03 12:00 AM,02/03/07 12:00 AM
165,245,"Member",01/05/03 12:00 AM,12/17/06 12:00 AM
165,316,"Member",01/05/03 12:00 AM,08/03/06 12:00 AM
165,97,"Member",01/05/03 12:00 AM,11/12/05 12:00 AM
165,138,"Member",01/05/03 12:00 AM,02/03/07 12:00 AM
165,424,"Member",01/05/03 12:00 AM,02/03/07 12:00 AM
165,462,"Member",01/05/03 12:00 AM,02/03/07 12:00 AM
165,73,"Member",11/13/05 12:00 AM,02/03/07 12:00 AM
165,489,"Member",08/04/06 12:00 AM,02/03/07 12:00 AM
165,97,"Member",12/18/06 12:00 AM,02/03/07 12:00 AM
165,505,"Secretary",01/05/03 12:00 AM,02/03/07 12:00 AM
166,264,"Chairperson",01/21/07 12:00 AM,
166,584,"Committee Clerk",01/21/07 12:00 AM,
166,265,"Deputy Chairperson",01/21/07 12:00 AM,
166,266,"Deputy Chairperson",01/21/07 12:00 AM,
166,416,"Deputy Chairperson",01/21/07 12:00 AM,
166,556,"Deputy Committee Clerk",01/21/07 12:00 AM,
166,286,"Member",01/21/07 12:00 AM,
166,367,"Member",01/21/07 12:00 AM,
166,368,"Member",01/21/07 12:00 AM,
166,369,"Member",01/21/07 12:00 AM,
166,397,"Member",01/21/07 12:00 AM,
166,398,"Member",01/21/07 12:00 AM,
166,415,"Member",01/21/07 12:00 AM,
166,422,"Member",01/21/07 12:00 AM,
166,424,"Member",01/21/07 12:00 AM,
166,399,"Secretary",01/21/07 12:00 AM,
166,417,"Secretary",01/21/07 12:00 AM,
167,447,"Chairperson",01/21/07 12:00 AM,
167,539,"Committee Clerk",01/21/07 12:00 AM,
167,448,"Deputy Chairperson",01/21/07 12:00 AM,
167,456,"Deputy Chairperson",01/21/07 12:00 AM,
167,549,"Deputy Committee Clerk",01/21/07 12:00 AM,
167,459,"Member",01/21/07 12:00 AM,
167,460,"Member",01/21/07 12:00 AM,
167,468,"Member",01/21/07 12:00 AM,
167,469,"Member",01/21/07 12:00 AM,
167,470,"Member",01/21/07 12:00 AM,
167,472,"Member",01/21/07 12:00 AM,
167,491,"Member",01/21/07 12:00 AM,
167,492,"Member",01/21/07 12:00 AM,
167,513,"Member",01/21/07 12:00 AM,
167,473,"Secretary",01/21/07 12:00 AM,
168,96,"Chairperson",01/21/07 12:00 AM,
168,149,"Committee Clerk",01/21/07 12:00 AM,
168,168,"Member",01/21/07 12:00 AM,
168,258,"Deputy Chairperson",01/21/07 12:00 AM,
168,289,"Deputy Committee Clerk",01/21/07 12:00 AM,
168,315,"Member",01/21/07 12:00 AM,
168,341,"Member",01/21/07 12:00 AM,
168,365,"Member",01/21/07 12:00 AM,
168,398,"Member",01/21/07 12:00 AM,
168,411,"Member",01/21/07 12:00 AM,
168,430,"Member",01/21/07 12:00 AM,
168,443,"Deputy Chairperson",01/21/07 12:00 AM,
168,460,"Member",01/21/07 12:00 AM,
168,474,"Member",01/21/07 12:00 AM,
168,487,"Secretary",01/21/07 12:00 AM,
